sku_id,nome_produto,categoria,subcategoria,fornecedor_id,lead_time_reposicao,custo_unitario,preco_venda_sugerido,estoque_fisico,estoque_reservado,estoque_disponivel,ponto_pedido,data_ultima_entrada,status_disponibilidade,shelf_life_dias,volume_m3,capital_imobilizado_custo,capital_potencial_venda,spread_markup_sugerido,em_risco_ruptura,is_descontinuado
SKU-00001,Regata Exclusivo Rosa,Moda,Regata,FORN-096,14,182.8,463.15,541,130,411,136,2023-01-28,Em Estoque,448,0.3141,75130.8,190354.65,2.53,False,False
SKU-00002,Luminária Artesanal Branco,Lifestyle,Luminária,FORN-050,57,246.44,578.86,128,35,93,12,2025-12-04,Em Estoque,448,0.2689,22918.92,53833.98,2.35,False,False
SKU-00003,Top Oversize Branco,Moda,Top,FORN-038,11,80.1,128.58,739,67,672,138,2023-09-04,Em Estoque,448,0.1499,53827.2,86405.76,1.61,False,False
SKU-00004,Kit Skincare Moderno Bege,Beleza,Kit Skincare,FORN-048,7,224.96,640.19,271,0,271,92,2024-01-04,Em Estoque,494,0.1205,60964.16,173491.49,2.85,False,False
SKU-00005,Camisa Social Básico Branco,Moda,Camisa Social,FORN-094,60,330.09,1044.66,545,32,513,131,2025-03-09,Em Estoque,448,0.3037,169336.17,535910.58,3.16,False,False
SKU-00006,Lenço Delicado Azul,Acessórios,Lenço,FORN-092,54,171.62,459.03,191,28,163,142,2024-02-08,Em Estoque,448,0.1697,27974.06,74821.89,2.67,False,False
SKU-00007,Protetor Solar Artesanal Azul,Beleza,Protetor Solar,FORN-001,6,288.98,489.59,34,0,34,94,2023-09-08,Estoque Crítico,465,0.3348,9825.32,16646.06,1.69,True,False
SKU-00008,Vestido Sport Nude,Moda,Vestido,FORN-074,60,112.34,264.76,499,110,389,100,2024-07-15,Em Estoque,448,0.028,43700.26,102991.64,2.36,False,False
SKU-00009,Relógio de Parede Básico Preto,Lifestyle,Relógio de Parede,FORN-052,55,324.23,575.45,98,6,92,147,2024-03-14,Estoque Crítico,448,0.0926,29829.16,52941.4,1.77,True,False
SKU-00010,Base Líquida Sustentável Prata,Beleza,Base Líquida,FORN-013,5,267.82,660.16,7,0,7,70,2023-07-16,Estoque Crítico,672,0.1077,1874.74,4621.12,2.46,True,False
SKU-00011,Sérum Facial Clássico Vermelho,Beleza,Sérum Facial,FORN-001,11,120.78,344.77,232,36,196,118,2025-12-26,Em Estoque,678,0.0782,23672.88,67574.92,2.85,False,False
SKU-00012,Camiseta Artesanal Prata,Moda,Camiseta,FORN-008,55,41.72,105.75,514,135,379,50,2023-09-03,Em Estoque,448,0.0352,15811.88,40079.25,2.53,False,False
SKU-00013,Jaqueta Edição Limitada Branco,Moda,Jaqueta,FORN-073,52,239.99,399.24,83,18,65,143,2024-05-07,Estoque Crítico,448,0.3352,15599.35,25950.6,1.66,True,False
SKU-00014,Shorts Edição Limitada Bege,Moda,Shorts,FORN-086,15,134.0,282.19,769,2,767,127,2025-10-04,Em Estoque,448,0.1074,102778.0,216439.73,2.11,False,False
SKU-00015,Blusa de Tricô Básico Azul,Moda,Blusa de Tricô,FORN-048,9,79.94,234.54,720,206,514,145,2023-11-27,Em Estoque,448,0.4659,41089.16,120553.56,2.93,False,False
SKU-00016,Vestido Slim Branco,Moda,Vestido,FORN-014,13,79.07,162.16,215,26,189,77,2025-08-09,Em Estoque,448,0.4232,14944.23,30648.24,2.05,False,False
SKU-00017,Moletom Luxo Rosa,Moda,Moletom,FORN-006,45,146.75,265.52,852,218,634,12,2023-02-23,Em Estoque,448,0.2732,93039.5,168339.68,1.81,False,False
SKU-00018,Espelho de Mesa Exclusivo Bege,Lifestyle,Espelho de Mesa,FORN-056,7,35.89,78.36,477,10,467,101,2023-11-08,Em Estoque,448,0.1775,16760.63,36594.12,2.18,False,False
SKU-00019,Batom Artesanal Bege,Beleza,Batom,FORN-031,7,390.96,1132.7,451,105,346,16,2023-12-11,Em Estoque,601,0.4013,135272.16,391914.2,2.9,False,False
SKU-00020,Pulseira Slim Bege,Acessórios,Pulseira,FORN-090,6,165.37,274.84,240,28,212,61,2024-06-10,Em Estoque,448,0.4358,35058.44,58266.08,1.66,False,False
SKU-00021,Top Moderno Vermelho,Moda,Top,FORN-043,9,348.45,1096.58,285,65,220,112,2025-09-11,Em Estoque,448,0.0586,76659.0,241247.6,3.15,False,False
SKU-00022,Óculos de Sol Artesanal Rosa,Acessórios,Óculos de Sol,FORN-005,48,246.7,531.17,402,40,362,121,2025-09-04,Em Estoque,448,0.2887,89305.4,192283.54,2.15,False,False
SKU-00023,Legging Edição Limitada Preto,Moda,Legging,FORN-067,51,158.4,271.17,680,159,521,90,2025-02-24,Em Estoque,448,0.2541,82526.4,141279.57,1.71,False,False
SKU-00024,Caderno Edição Limitada Rosa,Lifestyle,Caderno,FORN-071,7,92.9,247.48,194,43,151,54,2025-10-10,Em Estoque,448,0.417,14027.9,37369.48,2.66,False,False
SKU-00025,Jaqueta Edição Limitada Nude,Moda,Jaqueta,FORN-078,15,142.45,328.61,884,86,798,31,2024-09-22,Em Estoque,448,0.1683,113675.1,262230.78,2.31,False,False
SKU-00026,Garrafa Térmica Urban Rosa,Lifestyle,Garrafa Térmica,FORN-029,51,75.99,127.2,243,9,234,126,2024-11-19,Em Estoque,448,0.3485,17781.66,29764.8,1.67,False,False
SKU-00027,Protetor Solar Clássico Preto,Beleza,Protetor Solar,FORN-097,6,315.8,615.86,411,122,289,142,2024-01-18,Em Estoque,304,0.2288,91266.2,177983.54,1.95,False,False
SKU-00028,Relógio de Parede Exclusivo Prata,Lifestyle,Relógio de Parede,FORN-077,55,381.02,1153.07,313,92,221,139,2024-09-15,Em Estoque,448,0.3721,84205.42,254828.47,3.03,False,False
SKU-00029,Creme Hidratante Delicado Azul,Beleza,Creme Hidratante,FORN-082,53,311.01,757.02,320,30,290,80,2024-02-23,Em Estoque,507,0.4466,90192.9,219535.8,2.43,False,False
SKU-00030,Vestido Moderno Vermelho,Moda,Vestido,FORN-089,7,288.44,491.15,417,59,358,116,2023-04-27,Em Estoque,448,0.4525,103261.52,175831.7,1.7,False,False
SKU-00031,Sombra Premium Nude,Beleza,Sombra,FORN-049,12,22.24,48.1,385,49,336,117,2025-12-24,Em Estoque,405,0.2446,7472.64,16161.6,2.16,False,False
SKU-00032,Saia Premium Vermelho,Moda,Saia,FORN-044,15,278.07,624.8,169,8,161,146,2023-07-19,Em Estoque,448,0.0145,44769.27,100592.8,2.25,False,False
SKU-00033,Máscara de Cílios Luxo Dourado,Beleza,Máscara de Cílios,FORN-024,46,118.86,252.43,232,41,191,96,2024-05-25,Em Estoque,263,0.2357,22702.26,48214.13,2.12,False,False
SKU-00034,Vela Aromática Oversize Azul,Lifestyle,Vela Aromática,FORN-084,6,316.87,837.43,386,3,383,73,2023-01-20,Em Estoque,448,0.064,121361.21,320735.69,2.64,False,False
SKU-00035,Espelho de Mesa Moderno Dourado,Lifestyle,Espelho de Mesa,FORN-090,9,311.42,581.88,310,91,219,39,2023-05-04,Em Estoque,448,0.4645,68200.98,127431.72,1.87,False,False
SKU-00036,Batom Edição Limitada Azul,Beleza,Batom,FORN-010,52,58.72,166.53,435,30,405,20,2024-09-14,Em Estoque,529,0.0073,23781.6,67444.65,2.84,False,False
SKU-00037,Blush Básico Vermelho,Beleza,Blush,FORN-047,15,358.8,838.01,78,13,65,55,2025-09-21,Em Estoque,675,0.233,23322.0,54470.65,2.34,False,False
SKU-00038,Espelho de Mesa Slim Verde,Lifestyle,Espelho de Mesa,FORN-032,6,125.99,292.46,384,59,325,107,2024-01-16,Em Estoque,448,0.0917,40946.75,95049.5,2.32,False,False
SKU-00039,Shorts Oversize Rosa,Moda,Shorts,FORN-077,53,231.2,561.03,1137,208,929,135,2025-04-23,Em Estoque,448,0.3562,214784.8,521196.87,2.43,False,False
SKU-00040,Sérum Facial Básico Rosa,Beleza,Sérum Facial,FORN-029,57,282.88,591.2,297,47,250,131,2025-09-12,Em Estoque,518,0.1766,70720.0,147800.0,2.09,False,False
SKU-00041,Creme Hidratante Slim Azul,Beleza,Creme Hidratante,FORN-016,51,139.91,390.15,486,47,439,59,2023-12-16,Em Estoque,717,0.2988,61420.49,171275.85,2.79,False,False
SKU-00042,Pulseira Slim Azul,Acessórios,Pulseira,FORN-047,7,134.86,368.55,64,8,56,21,2023-09-10,Em Estoque,448,0.064,7552.16,20638.8,2.73,False,False
SKU-00043,Pochete Básico Preto,Acessórios,Pochete,FORN-074,54,198.37,457.19,94,1,93,74,2024-02-27,Em Estoque,448,0.2464,18448.41,42518.67,2.3,False,False
SKU-00044,Esfoliante Premium Bege,Beleza,Esfoliante,FORN-020,54,52.37,104.59,285,53,232,67,2025-07-15,Em Estoque,619,0.1534,12149.84,24264.88,2.0,False,False
SKU-00045,Kit Skincare Sport Branco,Beleza,Kit Skincare,FORN-098,51,257.7,521.44,41,2,39,71,2023-09-03,Estoque Crítico,598,0.2258,10050.3,20336.16,2.02,True,False
SKU-00046,Creme Hidratante Premium Azul,Beleza,Creme Hidratante,FORN-037,9,287.14,668.02,351,29,322,77,2025-10-22,Em Estoque,382,0.2131,92459.08,215102.44,2.33,False,False
SKU-00047,Esfoliante Clássico Rosa,Beleza,Esfoliante,FORN-019,6,42.66,122.36,304,72,232,83,2024-02-15,Em Estoque,592,0.4714,9897.12,28387.52,2.87,False,False
SKU-00048,Blush Sustentável Branco,Beleza,Blush,FORN-077,46,357.98,993.49,309,32,277,16,2023-04-22,Em Estoque,201,0.4998,99160.46,275196.73,2.78,False,False
SKU-00049,Almofada Artesanal Preto,Lifestyle,Almofada,FORN-098,50,198.79,525.29,469,71,398,56,2025-07-21,Em Estoque,448,0.4846,79118.42,209065.42,2.64,False,False
SKU-00050,Batom Oversize Verde,Beleza,Batom,FORN-086,6,345.94,736.05,355,63,292,83,2025-07-27,Em Estoque,217,0.228,101014.48,214926.6,2.13,False,False
SKU-00051,Blusa de Tricô Básico Vermelho,Moda,Blusa de Tricô,FORN-066,5,269.91,666.18,930,185,745,137,2025-08-25,Em Estoque,448,0.1343,201082.95,496304.1,2.47,False,False
SKU-00052,Shorts Sustentável Dourado,Moda,Shorts,FORN-016,45,389.8,1003.42,245,39,206,13,2025-07-03,Em Estoque,448,0.4209,80298.8,206704.52,2.57,False,False
SKU-00053,Calça Jeans Urban Bege,Moda,Calça Jeans,FORN-064,9,213.37,434.74,494,62,432,126,2025-03-13,Em Estoque,448,0.3001,92175.84,187807.68,2.04,False,False
SKU-00054,Porta-Retrato Luxo Branco,Lifestyle,Porta-Retrato,FORN-036,11,149.15,426.62,136,0,136,82,2025-05-27,Em Estoque,448,0.4995,20284.4,58020.32,2.86,False,False
SKU-00055,Máscara de Cílios Sustentável Prata,Beleza,Máscara de Cílios,FORN-062,10,146.33,412.74,193,29,164,92,2023-12-08,Em Estoque,419,0.4282,23998.12,67689.36,2.82,False,False
SKU-00056,Óleo Corporal Sport Dourado,Beleza,Óleo Corporal,FORN-091,57,166.71,443.77,420,83,337,48,2024-01-05,Em Estoque,282,0.4372,56181.27,149550.49,2.66,False,False
SKU-00057,Perfume Sustentável Preto,Beleza,Perfume,FORN-093,7,175.79,465.43,79,2,77,130,2024-06-20,Estoque Crítico,587,0.3253,13535.83,35838.11,2.65,True,False
SKU-00058,Cinto Luxo Prata,Acessórios,Cinto,FORN-049,10,258.18,779.68,249,69,180,19,2025-02-08,Em Estoque,448,0.4605,46472.4,140342.4,3.02,False,False
SKU-00059,Meias Básico Vermelho,Acessórios,Meias,FORN-013,15,287.48,506.2,85,22,63,86,2023-01-11,Estoque Crítico,448,0.3983,18111.24,31890.6,1.76,True,False
SKU-00060,Blusa de Tricô Edição Limitada Bege,Moda,Blusa de Tricô,FORN-032,13,176.58,475.16,480,97,383,71,2024-10-05,Em Estoque,448,0.3193,67630.14,181986.28,2.69,False,False
SKU-00061,Esfoliante Premium Dourado,Beleza,Esfoliante,FORN-037,15,227.71,391.25,483,88,395,86,2025-07-23,Em Estoque,489,0.1004,89945.45,154543.75,1.72,False,False
SKU-00062,Blush Básico Azul,Beleza,Blush,FORN-049,14,156.4,324.28,358,37,321,15,2025-07-09,Descontinuado,230,0.4554,50204.4,104093.88,2.07,False,True
SKU-00063,Almofada Delicado Azul,Lifestyle,Almofada,FORN-078,10,103.22,196.55,128,8,120,34,2025-11-02,Em Estoque,448,0.221,12386.4,23586.0,1.9,False,False
SKU-00064,Sombra Clássico Branco,Beleza,Sombra,FORN-038,10,304.04,571.91,67,17,50,103,2025-09-09,Estoque Crítico,348,0.1292,15202.0,28595.5,1.88,True,False
SKU-00065,Kit Chá Delicado Rosa,Lifestyle,Kit Chá,FORN-096,10,325.61,764.97,38,2,36,67,2025-12-22,Estoque Crítico,448,0.49,11721.96,27538.92,2.35,True,False
SKU-00066,Lenço Oversize Branco,Acessórios,Lenço,FORN-051,5,120.49,216.61,188,43,145,77,2025-07-27,Em Estoque,448,0.1864,17471.05,31408.45,1.8,False,False
SKU-00067,Kit Chá Premium Nude,Lifestyle,Kit Chá,FORN-072,10,367.8,718.75,32,7,25,87,2025-07-04,Estoque Crítico,448,0.0707,9195.0,17968.75,1.95,True,False
SKU-00068,Colar Sustentável Branco,Acessórios,Colar,FORN-013,8,357.16,648.98,232,47,185,148,2024-10-24,Em Estoque,448,0.4428,66074.6,120061.3,1.82,False,False
SKU-00069,Kit Chá Artesanal Vermelho,Lifestyle,Kit Chá,FORN-036,5,282.31,549.84,227,30,197,102,2023-11-12,Em Estoque,448,0.4889,55615.07,108318.48,1.95,False,False
SKU-00070,Batom Slim Azul,Beleza,Batom,FORN-016,59,54.84,106.36,327,76,251,15,2023-06-08,Em Estoque,390,0.0352,13764.84,26696.36,1.94,False,False
SKU-00071,Garrafa Térmica Artesanal Azul,Lifestyle,Garrafa Térmica,FORN-030,10,314.26,899.36,305,0,305,80,2023-03-18,Em Estoque,448,0.0881,95849.3,274304.8,2.86,False,False
SKU-00072,Vela Aromática Clássico Preto,Lifestyle,Vela Aromática,FORN-046,52,243.76,396.17,135,3,132,42,2025-07-17,Em Estoque,448,0.0327,32176.32,52294.44,1.63,False,False
SKU-00073,Óleo Corporal Exclusivo Nude,Beleza,Óleo Corporal,FORN-014,12,211.46,658.2,22,5,17,143,2024-08-21,Estoque Crítico,211,0.0314,3594.82,11189.4,3.11,True,False
SKU-00074,Batom Edição Limitada Branco,Beleza,Batom,FORN-063,12,47.93,82.88,311,18,293,26,2023-05-20,Em Estoque,512,0.1911,14043.49,24283.84,1.73,False,False
SKU-00075,Creme Hidratante Sustentável Prata,Beleza,Creme Hidratante,FORN-078,11,57.69,157.08,436,55,381,120,2024-04-14,Em Estoque,644,0.2,21979.89,59847.48,2.72,False,False
SKU-00076,Caderno Edição Limitada Verde,Lifestyle,Caderno,FORN-086,9,162.23,299.19,472,121,351,27,2023-02-03,Em Estoque,448,0.3725,56942.73,105015.69,1.84,False,False
SKU-00077,Máscara de Cílios Exclusivo Preto,Beleza,Máscara de Cílios,FORN-076,55,274.61,619.88,447,108,339,23,2024-10-10,Em Estoque,397,0.0782,93092.79,210139.32,2.26,False,False
SKU-00078,Base Líquida Oversize Prata,Beleza,Base Líquida,FORN-048,6,309.79,780.22,413,54,359,16,2025-11-27,Em Estoque,209,0.091,111214.61,280098.98,2.52,False,False
SKU-00079,Almofada Oversize Verde,Lifestyle,Almofada,FORN-001,7,350.55,878.52,205,4,201,46,2025-11-01,Em Estoque,448,0.2657,70460.55,176582.52,2.51,False,False
SKU-00080,Blush Oversize Bege,Beleza,Blush,FORN-048,9,294.21,836.42,290,76,214,31,2023-03-06,Em Estoque,230,0.3373,62960.94,178993.88,2.84,False,False
SKU-00081,Top Edição Limitada Dourado,Moda,Top,FORN-078,12,177.39,345.01,840,28,812,82,2025-11-19,Em Estoque,448,0.3339,144040.68,280148.12,1.94,False,False
SKU-00082,Moletom Artesanal Preto,Moda,Moletom,FORN-001,8,134.54,260.74,140,18,122,93,2023-01-16,Em Estoque,448,0.0887,16413.88,31810.28,1.94,False,False
SKU-00083,Sombra Moderno Prata,Beleza,Sombra,FORN-072,15,326.36,559.81,441,10,431,121,2023-08-03,Em Estoque,619,0.2871,140661.16,241278.11,1.72,False,False
SKU-00084,Luminária Slim Branco,Lifestyle,Luminária,FORN-052,45,387.16,725.92,485,117,368,102,2023-07-28,Em Estoque,448,0.2184,142474.88,267138.56,1.87,False,False
SKU-00085,Base Líquida Edição Limitada Rosa,Beleza,Base Líquida,FORN-096,10,104.2,296.61,39,8,31,39,2025-09-07,Estoque Crítico,537,0.1762,3230.2,9194.91,2.85,True,False
SKU-00086,Cinto Luxo Bege,Acessórios,Cinto,FORN-031,6,75.65,144.92,308,19,289,29,2023-11-16,Em Estoque,448,0.2823,21862.85,41881.88,1.92,False,False
SKU-00087,Esfoliante Artesanal Nude,Beleza,Esfoliante,FORN-042,55,77.36,132.23,226,38,188,80,2025-01-12,Em Estoque,642,0.0198,14543.68,24859.24,1.71,False,False
SKU-00088,Creme Hidratante Básico Branco,Beleza,Creme Hidratante,FORN-079,14,212.69,497.77,283,5,278,125,2025-11-07,Em Estoque,667,0.2512,59127.82,138380.06,2.34,False,False
SKU-00089,Pochete Básico Verde,Acessórios,Pochete,FORN-092,47,211.73,397.23,126,28,98,122,2025-09-20,Estoque Crítico,448,0.0802,20749.54,38928.54,1.88,True,False
SKU-00090,Creme Hidratante Edição Limitada Vermelho,Beleza,Creme Hidratante,FORN-100,55,277.98,468.06,323,82,241,95,2023-06-04,Em Estoque,438,0.3621,66993.18,112802.46,1.68,False,False
SKU-00091,Espelho de Mesa Luxo Bege,Lifestyle,Espelho de Mesa,FORN-043,6,241.44,440.94,179,19,160,110,2023-10-23,Em Estoque,448,0.1555,38630.4,70550.4,1.83,False,False
SKU-00092,Condicionador Oversize Bege,Beleza,Condicionador,FORN-086,15,366.73,641.6,343,54,289,140,2024-01-12,Em Estoque,399,0.1715,105984.97,185422.4,1.75,False,False
SKU-00093,Garrafa Térmica Moderno Bege,Lifestyle,Garrafa Térmica,FORN-020,47,132.4,378.8,259,69,190,144,2023-11-11,Em Estoque,448,0.3094,25156.0,71972.0,2.86,False,False
SKU-00094,Máscara de Cílios Clássico Bege,Beleza,Máscara de Cílios,FORN-089,14,327.44,610.63,224,5,219,115,2024-11-24,Em Estoque,634,0.3057,71709.36,133727.97,1.86,False,False
SKU-00095,Kit Chá Moderno Prata,Lifestyle,Kit Chá,FORN-031,9,386.93,1104.68,462,49,413,104,2025-10-15,Em Estoque,448,0.1416,159802.09,456232.84,2.85,False,False
SKU-00096,Perfume Edição Limitada Bege,Beleza,Perfume,FORN-026,49,351.74,592.15,0,0,0,36,2025-09-28,Ruptura,265,0.3818,0.0,0.0,1.68,True,False
SKU-00097,Regata Clássico Vermelho,Moda,Regata,FORN-012,8,330.35,996.14,27,6,21,138,2024-04-13,Estoque Crítico,448,0.4973,6937.35,20918.94,3.02,True,False
SKU-00098,Sérum Facial Oversize Branco,Beleza,Sérum Facial,FORN-092,55,320.72,583.76,146,30,116,45,2025-08-15,Em Estoque,199,0.1287,37203.52,67716.16,1.82,False,False
SKU-00099,Planta Artificial Sport Nude,Lifestyle,Planta Artificial,FORN-068,11,62.25,128.29,154,7,147,22,2023-07-21,Em Estoque,448,0.2291,9150.75,18858.63,2.06,False,False
SKU-00100,Saia Artesanal Prata,Moda,Saia,FORN-003,15,215.84,428.9,147,0,147,100,2023-10-14,Em Estoque,448,0.3344,31728.48,63048.3,1.99,False,False
SKU-00101,Óleo Corporal Básico Prata,Beleza,Óleo Corporal,FORN-070,45,168.37,396.04,325,49,276,105,2024-12-01,Em Estoque,426,0.3667,46470.12,109307.04,2.35,False,False
SKU-00102,Condicionador Artesanal Verde,Beleza,Condicionador,FORN-018,46,153.87,329.54,329,22,307,128,2025-08-21,Em Estoque,648,0.0195,47238.09,101168.78,2.14,False,False
SKU-00103,Jaqueta Premium Verde,Moda,Jaqueta,FORN-040,13,171.33,497.65,484,48,436,83,2024-01-28,Em Estoque,448,0.1373,74699.88,216975.4,2.9,False,False
SKU-00104,Luminária Edição Limitada Dourado,Lifestyle,Luminária,FORN-050,55,390.01,933.65,254,47,207,142,2024-02-24,Em Estoque,448,0.2159,80732.07,193265.55,2.39,False,False
SKU-00105,Óculos de Sol Exclusivo Rosa,Acessórios,Óculos de Sol,FORN-042,48,50.43,134.02,156,28,128,119,2023-12-15,Em Estoque,448,0.0221,6455.04,17154.56,2.66,False,False
SKU-00106,Brinco Artesanal Vermelho,Acessórios,Brinco,FORN-036,15,392.41,1223.0,38,10,28,113,2024-09-26,Estoque Crítico,448,0.3752,10987.48,34244.0,3.12,True,False
SKU-00107,Camiseta Clássico Nude,Moda,Camiseta,FORN-087,12,33.22,56.73,797,92,705,108,2025-01-20,Em Estoque,448,0.2255,23420.1,39994.65,1.71,False,False
SKU-00108,Blush Delicado Branco,Beleza,Blush,FORN-074,49,221.19,494.77,332,35,297,73,2023-01-24,Em Estoque,300,0.1316,65693.43,146946.69,2.24,False,False
SKU-00109,Saia Moderno Nude,Moda,Saia,FORN-037,12,96.07,174.58,75,22,53,123,2023-11-28,Estoque Crítico,448,0.4933,5091.71,9252.74,1.82,True,False
SKU-00110,Difusor Exclusivo Prata,Lifestyle,Difusor,FORN-038,9,343.52,940.87,474,44,430,102,2025-04-04,Em Estoque,448,0.3962,147713.6,404574.1,2.74,False,False
SKU-00111,Saia Premium Verde,Moda,Saia,FORN-071,14,160.19,462.29,488,16,472,89,2024-12-24,Em Estoque,448,0.206,75609.68,218200.88,2.89,False,False
SKU-00112,Kit Skincare Básico Bege,Beleza,Kit Skincare,FORN-041,15,48.18,113.0,264,44,220,42,2025-11-19,Em Estoque,312,0.2169,10599.6,24860.0,2.35,False,False
SKU-00113,Bolsa de Couro Luxo Branco,Acessórios,Bolsa de Couro,FORN-067,49,135.57,252.04,478,57,421,98,2025-05-28,Em Estoque,448,0.099,57074.97,106108.84,1.86,False,False
SKU-00114,Colar Clássico Rosa,Acessórios,Colar,FORN-079,13,55.5,145.72,303,74,229,49,2023-11-20,Em Estoque,448,0.303,12709.5,33369.88,2.63,False,False
SKU-00115,Espelho de Mesa Premium Preto,Lifestyle,Espelho de Mesa,FORN-011,5,380.45,1078.06,135,13,122,116,2025-11-01,Em Estoque,448,0.314,46414.9,131523.32,2.83,False,False
SKU-00116,Shorts Sustentável Azul,Moda,Shorts,FORN-088,11,133.02,228.36,825,123,702,128,2023-06-20,Em Estoque,448,0.4309,93380.04,160308.72,1.72,False,False
SKU-00117,Blusa de Tricô Edição Limitada Bege,Moda,Blusa de Tricô,FORN-098,56,215.69,381.75,247,34,213,125,2023-03-04,Em Estoque,448,0.4727,45941.97,81312.75,1.77,False,False
SKU-00118,Mochila Moderno Bege,Acessórios,Mochila,FORN-042,55,92.14,170.91,263,59,204,137,2024-08-01,Em Estoque,448,0.1972,18796.56,34865.64,1.85,False,False
SKU-00119,Protetor Solar Moderno Nude,Beleza,Protetor Solar,FORN-046,46,39.21,93.78,0,0,0,83,2025-01-28,Ruptura,317,0.4413,0.0,0.0,2.39,True,False
SKU-00120,Luminária Oversize Preto,Lifestyle,Luminária,FORN-052,46,236.71,452.46,283,36,247,28,2024-09-15,Em Estoque,448,0.1406,58467.37,111757.62,1.91,False,False
SKU-00121,Cinto Artesanal Branco,Acessórios,Cinto,FORN-017,48,169.68,487.29,173,35,138,103,2023-04-20,Em Estoque,448,0.2505,23415.84,67246.02,2.87,False,False
SKU-00122,Vestido Sport Verde,Moda,Vestido,FORN-061,59,76.6,232.02,143,39,104,91,2023-07-20,Em Estoque,448,0.1503,7966.4,24130.08,3.03,False,False
SKU-00123,Regata Exclusivo Dourado,Moda,Regata,FORN-091,54,200.46,326.07,339,53,286,88,2025-12-21,Descontinuado,448,0.2378,57331.56,93256.02,1.63,False,True
SKU-00124,Chapéu Artesanal Azul,Acessórios,Chapéu,FORN-093,5,241.74,452.74,322,92,230,107,2023-11-08,Descontinuado,448,0.4742,55600.2,104130.2,1.87,False,True
SKU-00125,Camiseta Sustentável Verde,Moda,Camiseta,FORN-054,49,176.92,340.79,513,120,393,25,2025-03-17,Em Estoque,448,0.1632,69529.56,133930.47,1.93,False,False
SKU-00126,Planta Artificial Edição Limitada Verde,Lifestyle,Planta Artificial,FORN-023,12,366.61,787.38,181,43,138,77,2025-08-07,Em Estoque,448,0.1402,50592.18,108658.44,2.15,False,False
SKU-00127,Shorts Delicado Rosa,Moda,Shorts,FORN-091,51,282.29,672.53,491,70,421,83,2023-10-22,Em Estoque,448,0.448,118844.09,283135.13,2.38,False,False
SKU-00128,Óleo Corporal Delicado Bege,Beleza,Óleo Corporal,FORN-038,5,129.3,354.62,177,28,149,75,2025-08-07,Em Estoque,457,0.4666,19265.7,52838.38,2.74,False,False
SKU-00129,Porta-Retrato Básico Nude,Lifestyle,Porta-Retrato,FORN-095,14,110.93,186.5,463,135,328,67,2025-04-02,Em Estoque,448,0.1658,36385.04,61172.0,1.68,False,False
SKU-00130,Esfoliante Delicado Bege,Beleza,Esfoliante,FORN-001,13,391.61,725.54,334,60,274,132,2025-04-25,Em Estoque,508,0.1434,107301.14,198797.96,1.85,False,False
SKU-00131,Calça Jeans Urban Nude,Moda,Calça Jeans,FORN-030,13,300.7,890.23,38,2,36,116,2023-01-27,Estoque Crítico,448,0.1991,10825.2,32048.28,2.96,True,False
SKU-00132,Sombra Luxo Rosa,Beleza,Sombra,FORN-005,45,133.39,342.07,475,85,390,82,2024-11-18,Em Estoque,317,0.4257,52022.1,133407.3,2.56,False,False
SKU-00133,Protetor Solar Delicado Branco,Beleza,Protetor Solar,FORN-043,7,297.83,785.45,367,23,344,13,2025-06-26,Em Estoque,377,0.0886,102453.52,270194.8,2.64,False,False
SKU-00134,Mochila Luxo Vermelho,Acessórios,Mochila,FORN-066,10,52.96,141.45,94,4,90,132,2024-04-01,Estoque Crítico,448,0.1311,4766.4,12730.5,2.67,True,False
SKU-00135,Shorts Oversize Rosa,Moda,Shorts,FORN-075,45,119.39,259.71,521,119,402,88,2023-07-22,Em Estoque,448,0.4477,47994.78,104403.42,2.18,False,False
SKU-00136,Almofada Sport Branco,Lifestyle,Almofada,FORN-082,54,159.67,311.89,490,34,456,132,2023-08-24,Em Estoque,448,0.1874,72809.52,142221.84,1.95,False,False
SKU-00137,Kit Chá Delicado Prata,Lifestyle,Kit Chá,FORN-086,8,309.51,832.13,305,10,295,144,2024-09-23,Em Estoque,448,0.4587,91305.45,245478.35,2.69,False,False
SKU-00138,Regata Exclusivo Azul,Moda,Regata,FORN-074,49,82.52,244.85,610,183,427,135,2023-09-15,Em Estoque,448,0.2273,35236.04,104550.95,2.97,False,False
SKU-00139,Blush Artesanal Preto,Beleza,Blush,FORN-072,12,275.65,576.96,11,3,8,75,2023-12-07,Estoque Crítico,254,0.0236,2205.2,4615.68,2.09,True,False
SKU-00140,Calça Jeans Exclusivo Preto,Moda,Calça Jeans,FORN-009,12,32.06,72.27,1056,215,841,105,2024-08-28,Em Estoque,448,0.1894,26962.46,60779.07,2.25,False,False
SKU-00141,Top Luxo Prata,Moda,Top,FORN-018,56,65.08,207.51,402,93,309,67,2023-01-10,Em Estoque,448,0.3598,20109.72,64120.59,3.19,False,False
SKU-00142,Batom Luxo Azul,Beleza,Batom,FORN-032,12,151.54,309.3,479,28,451,18,2025-07-20,Em Estoque,196,0.1211,68344.54,139494.3,2.04,False,False
SKU-00143,Camisa Social Premium Dourado,Moda,Camisa Social,FORN-077,46,113.0,188.8,622,14,608,45,2025-05-08,Em Estoque,448,0.366,68704.0,114790.4,1.67,False,False
SKU-00144,Camisa Social Delicado Verde,Moda,Camisa Social,FORN-031,9,352.98,1121.46,707,70,637,25,2025-10-24,Em Estoque,448,0.3134,224848.26,714370.02,3.18,False,False
SKU-00145,Blush Premium Verde,Beleza,Blush,FORN-083,15,164.84,402.07,356,53,303,114,2023-05-13,Em Estoque,730,0.2373,49946.52,121827.21,2.44,False,False
SKU-00146,Almofada Luxo Bege,Lifestyle,Almofada,FORN-060,5,233.71,735.83,285,67,218,44,2024-04-09,Em Estoque,448,0.3237,50948.78,160410.94,3.15,False,False
SKU-00147,Brinco Básico Prata,Acessórios,Brinco,FORN-093,8,39.58,87.21,309,77,232,20,2023-04-26,Em Estoque,448,0.3624,9182.56,20232.72,2.2,False,False
SKU-00148,Blush Moderno Verde,Beleza,Blush,FORN-039,5,100.49,191.34,379,15,364,132,2023-12-20,Em Estoque,586,0.4576,36578.36,69647.76,1.9,False,False
SKU-00149,Condicionador Slim Vermelho,Beleza,Condicionador,FORN-060,13,266.51,557.93,184,32,152,137,2024-02-26,Em Estoque,660,0.3811,40509.52,84805.36,2.09,False,False
SKU-00150,Jaqueta Oversize Verde,Moda,Jaqueta,FORN-053,5,233.76,456.78,966,213,753,85,2023-04-11,Em Estoque,448,0.2853,176021.28,343955.34,1.95,False,False
SKU-00151,Regata Urban Verde,Moda,Regata,FORN-033,60,387.27,1017.25,502,90,412,53,2023-12-18,Em Estoque,448,0.4585,159555.24,419107.0,2.63,False,False
SKU-00152,Esfoliante Premium Prata,Beleza,Esfoliante,FORN-005,47,379.17,1012.06,0,0,0,115,2023-11-08,Ruptura,334,0.0056,0.0,0.0,2.67,True,False
SKU-00153,Óleo Corporal Premium Nude,Beleza,Óleo Corporal,FORN-082,60,270.53,439.66,272,70,202,115,2023-01-17,Em Estoque,473,0.0096,54647.06,88811.32,1.63,False,False
SKU-00154,Relógio de Parede Edição Limitada Bege,Lifestyle,Relógio de Parede,FORN-014,6,219.27,435.37,317,67,250,74,2024-05-26,Em Estoque,448,0.1872,54817.5,108842.5,1.99,False,False
SKU-00155,Kit Skincare Moderno Azul,Beleza,Kit Skincare,FORN-039,15,334.66,578.62,439,8,431,33,2024-07-13,Em Estoque,237,0.3187,144238.46,249385.22,1.73,False,False
SKU-00156,Difusor Sustentável Vermelho,Lifestyle,Difusor,FORN-083,10,235.03,698.68,48,14,34,145,2023-04-07,Estoque Crítico,448,0.4507,7991.02,23755.12,2.97,True,False
SKU-00157,Espelho de Mesa Sustentável Rosa,Lifestyle,Espelho de Mesa,FORN-006,47,280.08,573.77,278,72,206,18,2023-06-01,Em Estoque,448,0.2939,57696.48,118196.62,2.05,False,False
SKU-00158,Luminária Básico Rosa,Lifestyle,Luminária,FORN-021,52,235.34,696.4,346,69,277,94,2024-12-05,Em Estoque,448,0.345,65189.18,192902.8,2.96,False,False
SKU-00159,Legging Oversize Preto,Moda,Legging,FORN-013,11,108.21,186.3,619,152,467,111,2024-01-21,Em Estoque,448,0.4963,50534.07,87002.1,1.72,False,False
SKU-00160,Óleo Corporal Exclusivo Vermelho,Beleza,Óleo Corporal,FORN-056,7,278.28,739.41,43,12,31,85,2023-12-03,Estoque Crítico,264,0.1347,8626.68,22921.71,2.66,True,False
SKU-00161,Condicionador Urban Bege,Beleza,Condicionador,FORN-095,11,140.34,248.47,2,1,1,123,2024-05-04,Estoque Crítico,315,0.0446,140.34,248.47,1.77,True,False
SKU-00162,Perfume Exclusivo Prata,Beleza,Perfume,FORN-053,6,29.98,64.94,47,9,38,93,2024-01-10,Estoque Crítico,603,0.1945,1139.24,2467.72,2.17,True,False
SKU-00163,Regata Moderno Nude,Moda,Regata,FORN-067,50,280.42,524.72,275,63,212,47,2023-03-14,Em Estoque,448,0.1506,59449.04,111240.64,1.87,False,False
SKU-00164,Caderno Slim Azul,Lifestyle,Caderno,FORN-093,15,208.4,539.06,234,13,221,44,2024-01-13,Em Estoque,448,0.3105,46056.4,119132.26,2.59,False,False
SKU-00165,Caderno Sustentável Verde,Lifestyle,Caderno,FORN-056,15,390.21,709.32,164,38,126,61,2024-06-06,Em Estoque,448,0.4844,49166.46,89374.32,1.82,False,False
SKU-00166,Legging Urban Dourado,Moda,Legging,FORN-074,52,143.84,294.65,402,119,283,61,2025-09-06,Em Estoque,448,0.2755,40706.72,83385.95,2.05,False,False
SKU-00167,Pochete Sport Azul,Acessórios,Pochete,FORN-057,9,335.89,574.59,434,104,330,137,2023-11-10,Em Estoque,448,0.3297,110843.7,189614.7,1.71,False,False
SKU-00168,Luminária Básico Dourado,Lifestyle,Luminária,FORN-077,60,241.25,592.27,472,107,365,149,2023-06-23,Em Estoque,448,0.2689,88056.25,216178.55,2.46,False,False
SKU-00169,Base Líquida Básico Azul,Beleza,Base Líquida,FORN-085,56,83.21,214.71,0,0,0,112,2024-07-04,Ruptura,444,0.1118,0.0,0.0,2.58,True,False
SKU-00170,Planta Artificial Artesanal Nude,Lifestyle,Planta Artificial,FORN-029,59,162.17,379.62,347,75,272,138,2023-06-01,Em Estoque,448,0.1484,44110.24,103256.64,2.34,False,False
SKU-00171,Carteira Básico Bege,Acessórios,Carteira,FORN-045,9,150.37,429.28,266,61,205,99,2024-02-15,Em Estoque,448,0.2268,30825.85,88002.4,2.85,False,False
SKU-00172,Camiseta Delicado Branco,Moda,Camiseta,FORN-003,10,266.23,714.41,168,47,121,72,2025-03-18,Em Estoque,448,0.2804,32213.83,86443.61,2.68,False,False
SKU-00173,Pulseira Delicado Vermelho,Acessórios,Pulseira,FORN-081,50,90.83,240.85,202,1,201,60,2024-10-14,Em Estoque,448,0.3527,18256.83,48410.85,2.65,False,False
SKU-00174,Legging Delicado Branco,Moda,Legging,FORN-074,48,323.81,796.26,374,58,316,39,2024-11-28,Em Estoque,448,0.483,102323.96,251618.16,2.46,False,False
SKU-00175,Moletom Artesanal Vermelho,Moda,Moletom,FORN-076,48,152.21,449.45,1089,152,937,31,2025-03-11,Em Estoque,448,0.1534,142620.77,421134.65,2.95,False,False
SKU-00176,Legging Clássico Prata,Moda,Legging,FORN-050,58,246.64,621.46,1050,275,775,54,2025-03-16,Em Estoque,448,0.0944,191146.0,481631.5,2.52,False,False
SKU-00177,Espelho de Mesa Premium Verde,Lifestyle,Espelho de Mesa,FORN-002,12,71.88,208.76,493,143,350,139,2025-08-14,Em Estoque,448,0.2084,25158.0,73066.0,2.9,False,False
SKU-00178,Kit Chá Clássico Branco,Lifestyle,Kit Chá,FORN-073,45,322.43,629.66,16,2,14,67,2025-05-06,Estoque Crítico,448,0.3906,4514.02,8815.24,1.95,True,False
SKU-00179,Condicionador Delicado Dourado,Beleza,Condicionador,FORN-071,13,63.02,112.35,396,69,327,103,2025-01-25,Em Estoque,403,0.4949,20607.54,36738.45,1.78,False,False
SKU-00180,Top Delicado Azul,Moda,Top,FORN-039,5,190.9,411.91,89,3,86,70,2023-12-19,Em Estoque,448,0.4307,16417.4,35424.26,2.16,False,False
SKU-00181,Batom Clássico Nude,Beleza,Batom,FORN-018,51,329.14,950.79,291,44,247,146,2024-10-18,Em Estoque,479,0.1454,81297.58,234845.13,2.89,False,False
SKU-00182,Regata Urban Branco,Moda,Regata,FORN-018,58,369.13,1176.78,535,63,472,47,2025-06-27,Em Estoque,448,0.4219,174229.36,555440.16,3.19,False,False
SKU-00183,Máscara de Cílios Artesanal Rosa,Beleza,Máscara de Cílios,FORN-081,58,162.57,279.75,406,112,294,33,2024-09-24,Em Estoque,557,0.2279,47795.58,82246.5,1.72,False,False
SKU-00184,Kit Skincare Premium Branco,Beleza,Kit Skincare,FORN-094,59,261.24,709.44,435,16,419,146,2024-04-14,Em Estoque,510,0.4143,109459.56,297255.36,2.72,False,False
SKU-00185,Camisa Social Clássico Nude,Moda,Camisa Social,FORN-063,10,359.78,1014.44,870,8,862,41,2023-08-15,Descontinuado,448,0.4791,310130.36,874447.28,2.82,False,True
SKU-00186,Legging Clássico Rosa,Moda,Legging,FORN-021,53,55.47,120.74,84,20,64,52,2023-07-21,Em Estoque,448,0.35,3550.08,7727.36,2.18,False,False
SKU-00187,Top Básico Branco,Moda,Top,FORN-001,8,201.19,364.62,231,56,175,12,2023-12-11,Em Estoque,448,0.4941,35208.25,63808.5,1.81,False,False
SKU-00188,Máscara de Cílios Sustentável Branco,Beleza,Máscara de Cílios,FORN-030,11,53.95,155.89,52,10,42,104,2024-03-13,Estoque Crítico,316,0.3211,2265.9,6547.38,2.89,True,False
SKU-00189,Difusor Exclusivo Nude,Lifestyle,Difusor,FORN-002,14,267.01,615.23,369,27,342,48,2024-10-22,Em Estoque,448,0.1094,91317.42,210408.66,2.3,False,False
SKU-00190,Óculos de Sol Delicado Branco,Acessórios,Óculos de Sol,FORN-076,57,153.58,351.24,405,17,388,73,2024-11-03,Em Estoque,448,0.3009,59589.04,136281.12,2.29,False,False
SKU-00191,Almofada Delicado Preto,Lifestyle,Almofada,FORN-085,54,98.07,252.15,96,23,73,110,2024-11-02,Estoque Crítico,448,0.3921,7159.11,18406.95,2.57,True,False
SKU-00192,Garrafa Térmica Sustentável Vermelho,Lifestyle,Garrafa Térmica,FORN-015,52,209.84,535.15,270,1,269,102,2024-03-13,Em Estoque,448,0.2846,56446.96,143955.35,2.55,False,False
SKU-00193,Esfoliante Clássico Dourado,Beleza,Esfoliante,FORN-099,6,26.34,44.99,134,13,121,20,2023-07-17,Em Estoque,693,0.3838,3187.14,5443.79,1.71,False,False
SKU-00194,Batom Básico Prata,Beleza,Batom,FORN-069,14,78.02,135.27,40,8,32,62,2023-09-11,Estoque Crítico,580,0.2936,2496.64,4328.64,1.73,True,False
SKU-00195,Relógio de Parede Urban Branco,Lifestyle,Relógio de Parede,FORN-040,11,297.38,878.56,29,3,26,32,2024-02-15,Estoque Crítico,448,0.3065,7731.88,22842.56,2.95,True,False
SKU-00196,Top Sport Bege,Moda,Top,FORN-016,45,289.0,786.77,167,22,145,143,2025-12-09,Em Estoque,448,0.0643,41905.0,114081.65,2.72,False,False
SKU-00197,Almofada Sport Branco,Lifestyle,Almofada,FORN-099,5,147.3,336.86,268,8,260,77,2025-10-21,Em Estoque,448,0.2281,38298.0,87583.6,2.29,False,False
SKU-00198,Blush Luxo Nude,Beleza,Blush,FORN-022,56,79.78,226.36,0,0,0,68,2025-09-01,Ruptura,192,0.123,0.0,0.0,2.84,True,False
SKU-00199,Batom Clássico Bege,Beleza,Batom,FORN-005,58,105.32,210.35,0,0,0,79,2023-10-12,Ruptura,233,0.0905,0.0,0.0,2.0,True,False
SKU-00200,Vela Aromática Edição Limitada Branco,Lifestyle,Vela Aromática,FORN-060,9,313.94,658.37,44,8,36,126,2023-06-07,Estoque Crítico,448,0.1465,11301.84,23701.32,2.1,True,False
SKU-00201,Espelho de Mesa Moderno Dourado,Lifestyle,Espelho de Mesa,FORN-048,14,389.31,1244.41,397,25,372,149,2023-03-01,Em Estoque,448,0.0129,144823.32,462920.52,3.2,False,False
SKU-00202,Esfoliante Luxo Preto,Beleza,Esfoliante,FORN-043,5,308.39,679.09,377,93,284,88,2023-04-17,Em Estoque,609,0.2465,87582.76,192861.56,2.2,False,False
SKU-00203,Vestido Sport Rosa,Moda,Vestido,FORN-012,5,370.08,1123.44,532,95,437,127,2025-02-19,Em Estoque,448,0.0676,161724.96,490943.28,3.04,False,False
SKU-00204,Difusor Artesanal Nude,Lifestyle,Difusor,FORN-008,58,271.73,491.6,149,16,133,90,2024-12-27,Em Estoque,448,0.1597,36140.09,65382.8,1.81,False,False
SKU-00205,Calça Jeans Moderno Bege,Moda,Calça Jeans,FORN-100,48,79.06,147.29,477,30,447,147,2024-04-15,Em Estoque,448,0.1332,35339.82,65838.63,1.86,False,False
SKU-00206,Vestido Delicado Rosa,Moda,Vestido,FORN-091,46,101.71,302.13,654,91,563,111,2025-01-22,Em Estoque,448,0.4102,57262.73,170099.19,2.97,False,False
SKU-00207,Moletom Luxo Dourado,Moda,Moletom,FORN-072,13,114.94,268.88,463,56,407,43,2023-07-12,Em Estoque,448,0.4688,46780.58,109434.16,2.34,False,False
SKU-00208,Camisa Social Slim Branco,Moda,Camisa Social,FORN-003,6,95.15,250.59,739,31,708,20,2024-01-06,Em Estoque,448,0.2171,67366.2,177417.72,2.63,False,False
SKU-00209,Kit Chá Premium Vermelho,Lifestyle,Kit Chá,FORN-088,11,85.67,166.5,95,8,87,81,2024-03-02,Em Estoque,448,0.3089,7453.29,14485.5,1.94,False,False
SKU-00210,Blush Edição Limitada Prata,Beleza,Blush,FORN-062,5,53.33,118.01,214,25,189,144,2023-11-26,Em Estoque,199,0.4947,10079.37,22303.89,2.21,False,False
SKU-00211,Caderno Sustentável Prata,Lifestyle,Caderno,FORN-063,10,366.82,881.77,198,17,181,56,2023-06-20,Em Estoque,448,0.448,66394.42,159600.37,2.4,False,False
SKU-00212,Vela Aromática Delicado Dourado,Lifestyle,Vela Aromática,FORN-068,10,311.4,996.28,498,40,458,35,2023-11-08,Em Estoque,448,0.4083,142621.2,456296.24,3.2,False,False
SKU-00213,Bolsa de Couro Delicado Azul,Acessórios,Bolsa de Couro,FORN-074,57,154.83,455.63,432,44,388,55,2023-10-11,Em Estoque,448,0.3491,60074.04,176784.44,2.94,False,False
SKU-00214,Bolsa de Couro Sport Verde,Acessórios,Bolsa de Couro,FORN-073,49,233.98,444.84,414,112,302,136,2025-05-06,Em Estoque,448,0.046,70661.96,134341.68,1.9,False,False
SKU-00215,Jaqueta Premium Prata,Moda,Jaqueta,FORN-062,5,146.06,377.22,133,11,122,92,2023-01-05,Em Estoque,448,0.4587,17819.32,46020.84,2.58,False,False
SKU-00216,Planta Artificial Luxo Verde,Lifestyle,Planta Artificial,FORN-010,56,287.72,765.17,300,12,288,96,2024-06-05,Em Estoque,448,0.3664,82863.36,220368.96,2.66,False,False
SKU-00217,Esfoliante Sustentável Verde,Beleza,Esfoliante,FORN-023,13,283.55,875.08,402,45,357,67,2025-10-27,Em Estoque,494,0.3673,101227.35,312403.56,3.09,False,False
SKU-00218,Vestido Sport Preto,Moda,Vestido,FORN-090,14,168.81,538.65,1016,162,854,66,2025-10-04,Em Estoque,448,0.0712,144163.74,460007.1,3.19,False,False
SKU-00219,Garrafa Térmica Oversize Verde,Lifestyle,Garrafa Térmica,FORN-022,47,332.23,887.73,373,42,331,124,2023-05-07,Em Estoque,448,0.0348,109968.13,293838.63,2.67,False,False
SKU-00220,Calça Jeans Sport Preto,Moda,Calça Jeans,FORN-007,11,186.52,423.67,170,31,139,106,2024-09-13,Em Estoque,448,0.2403,25926.28,58890.13,2.27,False,False
SKU-00221,Cinto Delicado Azul,Acessórios,Cinto,FORN-021,59,48.01,141.78,150,1,149,91,2024-02-03,Em Estoque,448,0.4441,7153.49,21125.22,2.95,False,False
SKU-00222,Calça Jeans Exclusivo Branco,Moda,Calça Jeans,FORN-044,14,394.4,1194.7,1069,84,985,121,2023-01-04,Em Estoque,448,0.4872,388484.0,1176779.5,3.03,False,False
SKU-00223,Perfume Sport Prata,Beleza,Perfume,FORN-034,54,133.01,233.23,201,36,165,150,2024-03-02,Em Estoque,481,0.4121,21946.65,38482.95,1.75,False,False
SKU-00224,Blush Moderno Branco,Beleza,Blush,FORN-004,51,84.92,175.52,41,7,34,39,2024-07-16,Estoque Crítico,451,0.0465,2887.28,5967.68,2.07,True,False
SKU-00225,Máscara de Cílios Oversize Vermelho,Beleza,Máscara de Cílios,FORN-048,7,189.39,382.81,238,33,205,67,2024-10-02,Em Estoque,279,0.0438,38824.95,78476.05,2.02,False,False
SKU-00226,Regata Edição Limitada Nude,Moda,Regata,FORN-030,13,43.17,95.81,535,137,398,131,2025-04-16,Em Estoque,448,0.198,17181.66,38132.38,2.22,False,False
SKU-00227,Bolsa de Couro Exclusivo Nude,Acessórios,Bolsa de Couro,FORN-067,49,65.71,184.74,88,5,83,64,2023-03-02,Em Estoque,448,0.4942,5453.93,15333.42,2.81,False,False
SKU-00228,Esfoliante Clássico Nude,Beleza,Esfoliante,FORN-034,55,366.11,1121.28,34,1,33,109,2025-07-18,Estoque Crítico,462,0.2603,12081.63,37002.24,3.06,True,False
SKU-00229,Bolsa de Couro Delicado Nude,Acessórios,Bolsa de Couro,FORN-076,58,62.76,115.44,290,75,215,35,2023-10-25,Em Estoque,448,0.1438,13493.4,24819.6,1.84,False,False
SKU-00230,Óleo Corporal Edição Limitada Rosa,Beleza,Óleo Corporal,FORN-050,60,237.37,559.45,88,8,80,113,2023-10-20,Estoque Crítico,591,0.0204,18989.6,44756.0,2.36,True,False
SKU-00231,Brinco Sport Azul,Acessórios,Brinco,FORN-007,12,369.92,1122.8,10,2,8,87,2024-05-27,Estoque Crítico,448,0.2463,2959.36,8982.4,3.04,True,False
SKU-00232,Difusor Luxo Azul,Lifestyle,Difusor,FORN-018,54,390.2,900.96,422,41,381,78,2025-07-20,Em Estoque,448,0.0948,148666.2,343265.76,2.31,False,False
SKU-00233,Moletom Sport Dourado,Moda,Moletom,FORN-098,56,331.99,804.89,1126,259,867,113,2023-09-19,Descontinuado,448,0.0972,287835.33,697839.63,2.42,False,True
SKU-00234,Vela Aromática Moderno Preto,Lifestyle,Vela Aromática,FORN-059,5,368.85,1006.01,140,23,117,128,2025-07-21,Estoque Crítico,448,0.4616,43155.45,117703.17,2.73,True,False
SKU-00235,Garrafa Térmica Oversize Dourado,Lifestyle,Garrafa Térmica,FORN-077,59,87.48,261.81,300,70,230,99,2024-03-27,Em Estoque,448,0.3747,20120.4,60216.3,2.99,False,False
SKU-00236,Almofada Premium Vermelho,Lifestyle,Almofada,FORN-007,7,344.45,980.9,109,14,95,67,2025-04-09,Em Estoque,448,0.2571,32722.75,93185.5,2.85,False,False
SKU-00237,Cinto Premium Dourado,Acessórios,Cinto,FORN-017,50,248.43,400.85,129,38,91,88,2025-12-21,Em Estoque,448,0.4478,22607.13,36477.35,1.61,False,False
SKU-00238,Pochete Slim Azul,Acessórios,Pochete,FORN-060,9,277.33,809.5,203,37,166,36,2023-09-22,Em Estoque,448,0.4198,46036.78,134377.0,2.92,False,False
SKU-00239,Kit Skincare Artesanal Rosa,Beleza,Kit Skincare,FORN-039,15,61.08,103.97,141,40,101,93,2024-05-21,Em Estoque,485,0.095,6169.08,10500.97,1.7,False,False
SKU-00240,Protetor Solar Premium Nude,Beleza,Protetor Solar,FORN-052,55,278.69,767.53,335,63,272,85,2024-07-13,Descontinuado,374,0.1722,75803.68,208768.16,2.75,False,True
SKU-00241,Relógio de Parede Exclusivo Dourado,Lifestyle,Relógio de Parede,FORN-086,10,212.78,628.27,430,46,384,85,2023-08-05,Em Estoque,448,0.3629,81707.52,241255.68,2.95,False,False
SKU-00242,Máscara de Cílios Urban Verde,Beleza,Máscara de Cílios,FORN-084,6,104.46,204.46,446,78,368,117,2024-06-09,Em Estoque,654,0.4258,38441.28,75241.28,1.96,False,False
SKU-00243,Esfoliante Artesanal Nude,Beleza,Esfoliante,FORN-080,6,199.44,381.18,61,12,49,145,2024-07-02,Estoque Crítico,334,0.0695,9772.56,18677.82,1.91,True,False
SKU-00244,Moletom Artesanal Dourado,Moda,Moletom,FORN-019,10,347.71,656.67,82,20,62,55,2024-11-02,Descontinuado,448,0.1375,21558.02,40713.54,1.89,False,True
SKU-00245,Porta-Retrato Artesanal Bege,Lifestyle,Porta-Retrato,FORN-063,6,69.17,158.67,219,51,168,119,2024-07-01,Descontinuado,448,0.1005,11620.56,26656.56,2.29,False,True
SKU-00246,Sérum Facial Oversize Prata,Beleza,Sérum Facial,FORN-025,5,277.16,721.36,127,14,113,98,2024-03-04,Em Estoque,493,0.0843,31319.08,81513.68,2.6,False,False
SKU-00247,Almofada Slim Dourado,Lifestyle,Almofada,FORN-094,55,184.79,498.72,68,10,58,135,2024-04-06,Estoque Crítico,448,0.4741,10717.82,28925.76,2.7,True,False
SKU-00248,Mochila Premium Azul,Acessórios,Mochila,FORN-029,49,100.25,163.91,258,21,237,41,2024-12-21,Em Estoque,448,0.1882,23759.25,38846.67,1.64,False,False
SKU-00249,Condicionador Exclusivo Nude,Beleza,Condicionador,FORN-007,14,397.98,1058.29,334,2,332,22,2025-02-14,Em Estoque,306,0.2741,132129.36,351352.28,2.66,False,False
SKU-00250,Máscara de Cílios Moderno Preto,Beleza,Máscara de Cílios,FORN-039,11,271.43,722.0,138,39,99,45,2024-02-17,Em Estoque,300,0.1421,26871.57,71478.0,2.66,False,False
SKU-00251,Kit Chá Moderno Nude,Lifestyle,Kit Chá,FORN-026,53,335.97,1060.65,183,45,138,114,2024-03-02,Em Estoque,448,0.4553,46363.86,146369.7,3.16,False,False
SKU-00252,Kit Chá Oversize Azul,Lifestyle,Kit Chá,FORN-001,5,275.22,839.7,427,126,301,48,2023-09-03,Em Estoque,448,0.0515,82841.22,252749.7,3.05,False,False
SKU-00253,Jaqueta Sustentável Rosa,Moda,Jaqueta,FORN-034,59,39.03,113.23,40,5,35,90,2024-12-04,Estoque Crítico,448,0.0484,1366.05,3963.05,2.9,True,False
SKU-00254,Vela Aromática Premium Bege,Lifestyle,Vela Aromática,FORN-085,50,144.89,439.2,489,68,421,33,2024-06-06,Em Estoque,448,0.2007,60998.69,184903.2,3.03,False,False
SKU-00255,Batom Sport Dourado,Beleza,Batom,FORN-054,50,62.96,170.87,30,2,28,36,2024-10-16,Estoque Crítico,628,0.0914,1762.88,4784.36,2.71,True,False
SKU-00256,Óleo Corporal Artesanal Preto,Beleza,Óleo Corporal,FORN-088,7,203.57,484.7,454,105,349,122,2023-02-09,Em Estoque,192,0.3526,71045.93,169160.3,2.38,False,False
SKU-00257,Espelho de Mesa Sport Nude,Lifestyle,Espelho de Mesa,FORN-029,55,217.26,586.86,316,12,304,120,2025-12-08,Em Estoque,448,0.3322,66047.04,178405.44,2.7,False,False
SKU-00258,Máscara de Cílios Luxo Prata,Beleza,Máscara de Cílios,FORN-079,5,24.43,75.61,258,60,198,136,2023-02-25,Em Estoque,426,0.1661,4837.14,14970.78,3.09,False,False
SKU-00259,Regata Moderno Prata,Moda,Regata,FORN-083,11,173.25,342.34,470,114,356,32,2024-08-11,Em Estoque,448,0.2492,61677.0,121873.04,1.98,False,False
SKU-00260,Difusor Edição Limitada Vermelho,Lifestyle,Difusor,FORN-005,45,333.85,957.1,493,77,416,140,2025-04-21,Em Estoque,448,0.4752,138881.6,398153.6,2.87,False,False
SKU-00261,Sérum Facial Luxo Azul,Beleza,Sérum Facial,FORN-059,10,232.86,603.48,242,46,196,125,2023-02-25,Em Estoque,182,0.1713,45640.56,118282.08,2.59,False,False
SKU-00262,Almofada Exclusivo Prata,Lifestyle,Almofada,FORN-048,6,37.4,69.66,71,13,58,37,2024-10-07,Em Estoque,448,0.4652,2169.2,4040.28,1.86,False,False
SKU-00263,Blush Luxo Azul,Beleza,Blush,FORN-092,55,60.95,137.94,474,31,443,125,2024-11-19,Em Estoque,690,0.0032,27000.85,61107.42,2.26,False,False
SKU-00264,Planta Artificial Edição Limitada Nude,Lifestyle,Planta Artificial,FORN-062,13,316.81,968.26,354,74,280,54,2025-03-04,Em Estoque,448,0.3007,88706.8,271112.8,3.06,False,False
SKU-00265,Lenço Edição Limitada Vermelho,Acessórios,Lenço,FORN-078,8,123.97,389.48,496,75,421,125,2023-03-14,Em Estoque,448,0.4433,52191.37,163971.08,3.14,False,False
SKU-00266,Sombra Exclusivo Verde,Beleza,Sombra,FORN-092,51,96.34,250.36,148,43,105,98,2025-03-23,Em Estoque,695,0.2717,10115.7,26287.8,2.6,False,False
SKU-00267,Sombra Básico Verde,Beleza,Sombra,FORN-072,12,241.47,750.56,363,53,310,146,2024-07-26,Descontinuado,289,0.0136,74855.7,232673.6,3.11,False,True
SKU-00268,Top Premium Azul,Moda,Top,FORN-035,7,393.74,1060.51,149,44,105,85,2023-09-02,Em Estoque,448,0.2268,41342.7,111353.55,2.69,False,False
SKU-00269,Esfoliante Sport Prata,Beleza,Esfoliante,FORN-029,57,110.29,314.87,408,89,319,83,2025-11-02,Em Estoque,500,0.483,35182.51,100443.53,2.85,False,False
SKU-00270,Legging Slim Azul,Moda,Legging,FORN-080,12,335.39,1025.75,721,94,627,149,2025-10-07,Em Estoque,448,0.4822,210289.53,643145.25,3.06,False,False
SKU-00271,Vestido Urban Branco,Moda,Vestido,FORN-024,50,299.33,536.09,41,8,33,77,2023-03-19,Estoque Crítico,448,0.4232,9877.89,17690.97,1.79,True,False
SKU-00272,Saia Sport Bege,Moda,Saia,FORN-006,49,372.88,952.71,792,157,635,87,2024-10-18,Em Estoque,448,0.3922,236778.8,604970.85,2.56,False,False
SKU-00273,Jaqueta Clássico Prata,Moda,Jaqueta,FORN-009,13,80.56,198.9,626,54,572,94,2024-06-10,Em Estoque,448,0.3766,46080.32,113770.8,2.47,False,False
SKU-00274,Perfume Luxo Preto,Beleza,Perfume,FORN-015,56,189.35,576.99,314,79,235,72,2023-11-11,Em Estoque,296,0.1936,44497.25,135592.65,3.05,False,False
SKU-00275,Creme Hidratante Premium Prata,Beleza,Creme Hidratante,FORN-099,10,215.44,520.07,249,5,244,85,2025-04-11,Em Estoque,278,0.0845,52567.36,126897.08,2.41,False,False
SKU-00276,Lenço Exclusivo Preto,Acessórios,Lenço,FORN-081,47,100.1,260.98,109,27,82,36,2023-09-27,Em Estoque,448,0.4881,8208.2,21400.36,2.61,False,False
SKU-00277,Relógio de Parede Luxo Branco,Lifestyle,Relógio de Parede,FORN-096,15,78.43,183.12,169,2,167,32,2023-01-06,Em Estoque,448,0.2795,13097.81,30581.04,2.33,False,False
SKU-00278,Protetor Solar Slim Vermelho,Beleza,Protetor Solar,FORN-050,59,259.48,594.95,8,1,7,40,2025-01-21,Estoque Crítico,244,0.3782,1816.36,4164.65,2.29,True,False
SKU-00279,Sombra Luxo Branco,Beleza,Sombra,FORN-046,48,130.14,351.04,310,11,299,82,2024-07-13,Descontinuado,340,0.2672,38911.86,104960.96,2.7,False,True
SKU-00280,Moletom Delicado Prata,Moda,Moletom,FORN-038,15,74.75,200.6,746,2,744,46,2023-01-01,Em Estoque,448,0.1976,55614.0,149246.4,2.68,False,False
SKU-00281,Base Líquida Slim Azul,Beleza,Base Líquida,FORN-096,10,100.46,306.3,435,36,399,51,2023-04-20,Em Estoque,378,0.0582,40083.54,122213.7,3.05,False,False
SKU-00282,Espelho de Mesa Luxo Preto,Lifestyle,Espelho de Mesa,FORN-097,13,195.28,484.19,148,42,106,27,2024-02-07,Em Estoque,448,0.2441,20699.68,51324.14,2.48,False,False
SKU-00283,Vestido Urban Azul,Moda,Vestido,FORN-013,9,255.42,776.53,325,42,283,88,2025-10-05,Em Estoque,448,0.1829,72283.86,219757.99,3.04,False,False
SKU-00284,Moletom Clássico Preto,Moda,Moletom,FORN-041,8,318.55,872.67,656,92,564,44,2025-12-11,Em Estoque,448,0.232,179662.2,492185.88,2.74,False,False
SKU-00285,Creme Hidratante Sustentável Prata,Beleza,Creme Hidratante,FORN-014,7,265.31,459.29,143,8,135,147,2023-05-24,Estoque Crítico,258,0.364,35816.85,62004.15,1.73,True,False
SKU-00286,Lenço Urban Preto,Acessórios,Lenço,FORN-075,57,312.3,605.99,18,4,14,76,2025-09-16,Estoque Crítico,448,0.3273,4372.2,8483.86,1.94,True,False
SKU-00287,Moletom Moderno Nude,Moda,Moletom,FORN-094,54,70.87,170.22,92,16,76,12,2025-04-28,Em Estoque,448,0.4909,5386.12,12936.72,2.4,False,False
SKU-00288,Planta Artificial Clássico Dourado,Lifestyle,Planta Artificial,FORN-021,50,235.22,589.3,446,37,409,133,2024-01-08,Em Estoque,448,0.1166,96204.98,241023.7,2.51,False,False
SKU-00289,Jaqueta Premium Azul,Moda,Jaqueta,FORN-067,56,167.48,513.94,1064,165,899,36,2025-09-21,Em Estoque,448,0.4176,150564.52,462032.06,3.07,False,False
SKU-00290,Regata Artesanal Bege,Moda,Regata,FORN-049,15,163.84,416.2,79,12,67,67,2025-07-12,Estoque Crítico,448,0.4088,10977.28,27885.4,2.54,False,False
SKU-00291,Saia Artesanal Preto,Moda,Saia,FORN-065,7,187.16,368.33,526,54,472,48,2023-03-12,Em Estoque,448,0.4087,88339.52,173851.76,1.97,False,False
SKU-00292,Luminária Delicado Verde,Lifestyle,Luminária,FORN-093,6,202.98,480.27,107,10,97,115,2023-04-02,Estoque Crítico,448,0.0648,19689.06,46586.19,2.37,True,False
SKU-00293,Máscara de Cílios Urban Prata,Beleza,Máscara de Cílios,FORN-006,49,41.25,83.05,0,0,0,113,2025-10-21,Ruptura,470,0.4737,0.0,0.0,2.01,True,False
SKU-00294,Camisa Social Sustentável Dourado,Moda,Camisa Social,FORN-022,52,335.54,859.43,596,46,550,140,2024-03-24,Em Estoque,448,0.4613,184547.0,472686.5,2.56,False,False
SKU-00295,Base Líquida Moderno Vermelho,Beleza,Base Líquida,FORN-050,49,61.26,117.85,440,129,311,117,2023-10-04,Em Estoque,219,0.439,19051.86,36651.35,1.92,False,False
SKU-00296,Condicionador Básico Branco,Beleza,Condicionador,FORN-062,15,69.52,178.36,423,0,423,120,2025-07-12,Em Estoque,722,0.215,29406.96,75446.28,2.57,False,False
SKU-00297,Pochete Delicado Vermelho,Acessórios,Pochete,FORN-045,14,325.76,994.41,428,25,403,118,2023-05-16,Em Estoque,448,0.4551,131281.28,400747.23,3.05,False,False
SKU-00298,Camisa Social Exclusivo Vermelho,Moda,Camisa Social,FORN-033,51,22.08,61.6,7,0,7,143,2023-07-21,Estoque Crítico,448,0.1035,154.56,431.2,2.79,True,False
SKU-00299,Luminária Oversize Branco,Lifestyle,Luminária,FORN-020,58,267.6,536.76,437,108,329,103,2025-05-22,Em Estoque,448,0.1026,88040.4,176594.04,2.01,False,False
SKU-00300,Perfume Sustentável Bege,Beleza,Perfume,FORN-048,13,230.87,463.14,157,36,121,98,2025-07-24,Em Estoque,301,0.3742,27935.27,56039.94,2.01,False,False
SKU-00301,Sombra Clássico Branco,Beleza,Sombra,FORN-028,13,172.21,368.79,281,78,203,23,2023-07-21,Descontinuado,273,0.4118,34958.63,74864.37,2.14,False,True
SKU-00302,Kit Skincare Edição Limitada Branco,Beleza,Kit Skincare,FORN-009,9,104.27,180.19,19,5,14,108,2024-10-21,Estoque Crítico,713,0.1439,1459.78,2522.66,1.73,True,False
SKU-00303,Bolsa de Couro Delicado Bege,Acessórios,Bolsa de Couro,FORN-082,60,186.81,359.19,336,66,270,83,2023-01-26,Em Estoque,448,0.2584,50438.7,96981.3,1.92,False,False
SKU-00304,Vestido Urban Preto,Moda,Vestido,FORN-047,8,268.91,850.03,88,24,64,112,2024-11-13,Estoque Crítico,448,0.2033,17210.24,54401.92,3.16,True,False
SKU-00305,Camiseta Sport Branco,Moda,Camiseta,FORN-012,13,128.11,375.06,596,70,526,67,2025-04-15,Em Estoque,448,0.2879,67385.86,197281.56,2.93,False,False
SKU-00306,Moletom Exclusivo Branco,Moda,Moletom,FORN-072,6,211.2,452.8,119,16,103,147,2025-05-23,Estoque Crítico,448,0.2219,21753.6,46638.4,2.14,True,False
SKU-00307,Blush Delicado Azul,Beleza,Blush,FORN-097,10,385.27,899.28,235,3,232,133,2023-05-03,Em Estoque,405,0.3388,89382.64,208632.96,2.33,False,False
SKU-00308,Blusa de Tricô Edição Limitada Verde,Moda,Blusa de Tricô,FORN-067,45,286.31,578.74,1089,175,914,29,2025-03-16,Em Estoque,448,0.1101,261687.34,528968.36,2.02,False,False
SKU-00309,Máscara de Cílios Sport Azul,Beleza,Máscara de Cílios,FORN-064,8,109.25,217.11,135,13,122,68,2023-04-27,Em Estoque,339,0.3897,13328.5,26487.42,1.99,False,False
SKU-00310,Calça Jeans Urban Dourado,Moda,Calça Jeans,FORN-079,5,310.41,765.58,43,5,38,90,2024-10-28,Estoque Crítico,448,0.1381,11795.58,29092.04,2.47,True,False
SKU-00311,Regata Slim Vermelho,Moda,Regata,FORN-029,49,40.58,116.82,489,8,481,138,2024-07-28,Em Estoque,448,0.0882,19518.98,56190.42,2.88,False,False
SKU-00312,Meias Exclusivo Dourado,Acessórios,Meias,FORN-041,5,24.49,47.44,297,12,285,93,2024-10-28,Em Estoque,448,0.2747,6979.65,13520.4,1.94,False,False
SKU-00313,Saia Artesanal Verde,Moda,Saia,FORN-047,7,209.53,405.83,717,93,624,112,2024-08-06,Em Estoque,448,0.4897,130746.72,253237.92,1.94,False,False
SKU-00314,Difusor Sport Rosa,Lifestyle,Difusor,FORN-031,13,184.24,407.06,74,4,70,131,2023-03-14,Estoque Crítico,448,0.2503,12896.8,28494.2,2.21,True,False
SKU-00315,Cinto Exclusivo Prata,Acessórios,Cinto,FORN-093,10,318.43,662.35,287,72,215,22,2024-02-23,Em Estoque,448,0.1085,68462.45,142405.25,2.08,False,False
SKU-00316,Top Básico Dourado,Moda,Top,FORN-096,10,118.71,258.37,570,65,505,98,2023-07-04,Em Estoque,448,0.3401,59948.55,130476.85,2.18,False,False
SKU-00317,Kit Skincare Artesanal Prata,Beleza,Kit Skincare,FORN-023,9,154.94,414.79,249,57,192,30,2024-10-10,Em Estoque,328,0.4343,29748.48,79639.68,2.68,False,False
SKU-00318,Óleo Corporal Edição Limitada Nude,Beleza,Óleo Corporal,FORN-074,57,342.58,587.23,82,10,72,68,2024-06-21,Em Estoque,584,0.1364,24665.76,42280.56,1.71,False,False
SKU-00319,Óleo Corporal Sport Nude,Beleza,Óleo Corporal,FORN-067,59,177.32,335.88,11,1,10,70,2025-05-24,Estoque Crítico,261,0.1061,1773.2,3358.8,1.89,True,False
SKU-00320,Base Líquida Básico Dourado,Beleza,Base Líquida,FORN-071,5,30.02,67.1,391,10,381,36,2024-10-05,Em Estoque,579,0.1554,11437.62,25565.1,2.24,False,False
SKU-00321,Shorts Sustentável Bege,Moda,Shorts,FORN-017,50,30.86,82.14,333,59,274,148,2024-09-15,Em Estoque,448,0.4743,8455.64,22506.36,2.66,False,False
SKU-00322,Kit Skincare Artesanal Dourado,Beleza,Kit Skincare,FORN-081,58,218.91,574.25,0,0,0,133,2025-04-26,Ruptura,495,0.1835,0.0,0.0,2.62,True,False
SKU-00323,Shorts Premium Preto,Moda,Shorts,FORN-067,49,150.68,354.21,8,1,7,132,2024-01-25,Estoque Crítico,448,0.2158,1054.76,2479.47,2.35,True,False
SKU-00324,Jaqueta Delicado Preto,Moda,Jaqueta,FORN-071,10,91.66,276.03,447,41,406,109,2024-04-09,Em Estoque,448,0.313,37213.96,112068.18,3.01,False,False
SKU-00325,Condicionador Artesanal Rosa,Beleza,Condicionador,FORN-037,15,302.31,874.91,211,24,187,27,2023-03-10,Em Estoque,646,0.3092,56531.97,163608.17,2.89,False,False
SKU-00326,Camisa Social Sustentável Azul,Moda,Camisa Social,FORN-042,45,77.82,245.25,504,72,432,78,2023-12-15,Em Estoque,448,0.1172,33618.24,105948.0,3.15,False,False
SKU-00327,Saia Moderno Verde,Moda,Saia,FORN-054,54,318.58,763.77,380,101,279,18,2024-02-27,Em Estoque,448,0.0739,88883.82,213091.83,2.4,False,False
SKU-00328,Moletom Básico Prata,Moda,Moletom,FORN-061,50,93.03,274.11,390,15,375,73,2024-08-08,Em Estoque,448,0.0177,34886.25,102791.25,2.95,False,False
SKU-00329,Condicionador Básico Prata,Beleza,Condicionador,FORN-086,8,199.67,537.17,159,20,139,50,2025-12-02,Em Estoque,713,0.0619,27754.13,74666.63,2.69,False,False
SKU-00330,Creme Hidratante Moderno Verde,Beleza,Creme Hidratante,FORN-007,15,102.76,182.98,324,55,269,93,2023-03-26,Em Estoque,302,0.1985,27642.44,49221.62,1.78,False,False
SKU-00331,Camiseta Artesanal Dourado,Moda,Camiseta,FORN-089,14,78.9,223.55,493,86,407,25,2023-06-21,Em Estoque,448,0.2686,32112.3,90984.85,2.83,False,False
SKU-00332,Saia Moderno Verde,Moda,Saia,FORN-072,15,307.55,888.46,449,5,444,106,2024-12-05,Em Estoque,448,0.0207,136552.2,394476.24,2.89,False,False
SKU-00333,Planta Artificial Slim Prata,Lifestyle,Planta Artificial,FORN-090,12,92.11,174.88,178,20,158,129,2024-10-28,Em Estoque,448,0.0354,14553.38,27631.04,1.9,False,False
SKU-00334,Shorts Luxo Rosa,Moda,Shorts,FORN-070,56,192.55,547.12,518,47,471,14,2025-06-25,Em Estoque,448,0.161,90691.05,257693.52,2.84,False,False
SKU-00335,Regata Luxo Vermelho,Moda,Regata,FORN-025,13,279.63,790.0,157,20,137,114,2025-06-04,Em Estoque,448,0.3298,38309.31,108230.0,2.83,False,False
SKU-00336,Vestido Clássico Preto,Moda,Vestido,FORN-026,48,204.44,359.41,584,99,485,135,2025-10-23,Em Estoque,448,0.0255,99153.4,174313.85,1.76,False,False
SKU-00337,Legging Básico Preto,Moda,Legging,FORN-027,15,206.73,625.07,81,20,61,25,2024-09-24,Em Estoque,448,0.2086,12610.53,38129.27,3.02,False,False
SKU-00338,Sombra Premium Nude,Beleza,Sombra,FORN-035,13,35.45,60.71,155,4,151,65,2025-02-04,Em Estoque,724,0.1933,5352.95,9167.21,1.71,False,False
SKU-00339,Top Moderno Nude,Moda,Top,FORN-081,50,232.2,578.88,1053,295,758,101,2025-08-23,Em Estoque,448,0.4415,176007.6,438791.04,2.49,False,False
SKU-00340,Vestido Exclusivo Vermelho,Moda,Vestido,FORN-065,10,269.86,662.3,614,90,524,90,2025-06-28,Em Estoque,448,0.3823,141406.64,347045.2,2.45,False,False
SKU-00341,Sombra Oversize Nude,Beleza,Sombra,FORN-031,14,227.34,500.17,281,32,249,102,2024-08-13,Descontinuado,215,0.4915,56607.66,124542.33,2.2,False,True
SKU-00342,Perfume Clássico Rosa,Beleza,Perfume,FORN-001,9,394.07,765.96,161,1,160,80,2025-09-18,Em Estoque,338,0.048,63051.2,122553.6,1.94,False,False
SKU-00343,Máscara de Cílios Clássico Rosa,Beleza,Máscara de Cílios,FORN-047,14,114.95,231.05,153,5,148,112,2025-04-24,Em Estoque,512,0.3967,17012.6,34195.4,2.01,False,False
SKU-00344,Legging Sport Nude,Moda,Legging,FORN-013,14,264.06,438.29,590,14,576,95,2024-07-14,Em Estoque,448,0.0611,152098.56,252455.04,1.66,False,False
SKU-00345,Relógio de Parede Luxo Nude,Lifestyle,Relógio de Parede,FORN-002,15,315.42,697.7,156,33,123,20,2024-09-19,Em Estoque,448,0.2517,38796.66,85817.1,2.21,False,False
SKU-00346,Camiseta Urban Vermelho,Moda,Camiseta,FORN-058,47,104.39,215.42,744,21,723,131,2025-12-02,Em Estoque,448,0.132,75473.97,155748.66,2.06,False,False
SKU-00347,Batom Delicado Bege,Beleza,Batom,FORN-098,49,202.75,388.67,202,41,161,60,2025-10-24,Em Estoque,452,0.3886,32642.75,62575.87,1.92,False,False
SKU-00348,Camisa Social Básico Branco,Moda,Camisa Social,FORN-086,11,180.95,390.36,328,83,245,16,2024-03-12,Em Estoque,448,0.4951,44332.75,95638.2,2.16,False,False
SKU-00349,Máscara de Cílios Sustentável Preto,Beleza,Máscara de Cílios,FORN-030,8,280.44,518.7,372,109,263,31,2023-12-02,Em Estoque,331,0.4345,73755.72,136418.1,1.85,False,False
SKU-00350,Vela Aromática Oversize Branco,Lifestyle,Vela Aromática,FORN-040,12,199.05,424.18,378,68,310,64,2023-09-17,Em Estoque,448,0.2749,61705.5,131495.8,2.13,False,False
SKU-00351,Máscara de Cílios Sport Preto,Beleza,Máscara de Cílios,FORN-049,14,364.3,889.94,130,10,120,25,2024-04-26,Em Estoque,457,0.0275,43716.0,106792.8,2.44,False,False
SKU-00352,Vela Aromática Básico Vermelho,Lifestyle,Vela Aromática,FORN-085,53,271.93,832.27,184,55,129,37,2023-05-28,Em Estoque,448,0.1939,35078.97,107362.83,3.06,False,False
SKU-00353,Lenço Sport Branco,Acessórios,Lenço,FORN-041,12,349.37,856.13,95,6,89,138,2024-09-23,Estoque Crítico,448,0.0117,31093.93,76195.57,2.45,True,False
SKU-00354,Regata Slim Verde,Moda,Regata,FORN-063,11,302.87,493.5,700,160,540,87,2023-09-09,Em Estoque,448,0.3133,163549.8,266490.0,1.63,False,False
SKU-00355,Bolsa de Couro Exclusivo Rosa,Acessórios,Bolsa de Couro,FORN-029,49,149.88,334.02,70,2,68,107,2025-11-20,Estoque Crítico,448,0.4365,10191.84,22713.36,2.23,True,False
SKU-00356,Luminária Moderno Nude,Lifestyle,Luminária,FORN-020,58,388.8,1188.01,168,28,140,148,2023-04-21,Estoque Crítico,448,0.0701,54432.0,166321.4,3.06,True,False
SKU-00357,Condicionador Moderno Bege,Beleza,Condicionador,FORN-040,13,365.63,836.6,465,37,428,50,2024-02-18,Em Estoque,301,0.0929,156489.64,358064.8,2.29,False,False
SKU-00358,Porta-Retrato Sport Preto,Lifestyle,Porta-Retrato,FORN-098,55,354.45,801.93,210,38,172,123,2025-11-24,Em Estoque,448,0.3898,60965.4,137931.96,2.26,False,False
SKU-00359,Vestido Premium Nude,Moda,Vestido,FORN-079,9,250.13,645.28,1103,13,1090,101,2023-12-25,Em Estoque,448,0.2517,272641.7,703355.2,2.58,False,False
SKU-00360,Sombra Urban Verde,Beleza,Sombra,FORN-024,57,206.75,376.29,98,7,91,18,2024-01-09,Em Estoque,387,0.3791,18814.25,34242.39,1.82,False,False
SKU-00361,Saia Luxo Nude,Moda,Saia,FORN-063,10,349.37,1055.15,437,10,427,107,2025-06-13,Em Estoque,448,0.3715,149180.99,450549.05,3.02,False,False
SKU-00362,Perfume Urban Preto,Beleza,Perfume,FORN-067,48,191.61,560.12,0,0,0,142,2025-07-24,Ruptura,576,0.2585,0.0,0.0,2.92,True,False
SKU-00363,Sérum Facial Moderno Rosa,Beleza,Sérum Facial,FORN-057,11,356.07,1010.49,146,29,117,52,2024-05-20,Em Estoque,709,0.4519,41660.19,118227.33,2.84,False,False
SKU-00364,Esfoliante Sustentável Branco,Beleza,Esfoliante,FORN-093,13,63.01,179.32,480,139,341,44,2024-07-11,Em Estoque,363,0.2274,21486.41,61148.12,2.85,False,False
SKU-00365,Pulseira Sustentável Branco,Acessórios,Pulseira,FORN-033,55,282.85,863.11,407,20,387,41,2023-02-23,Em Estoque,448,0.1821,109462.95,334023.57,3.05,False,False
SKU-00366,Batom Sport Prata,Beleza,Batom,FORN-079,7,163.9,362.05,393,21,372,95,2025-11-28,Em Estoque,328,0.0903,60970.8,134682.6,2.21,False,False
SKU-00367,Luminária Slim Rosa,Lifestyle,Luminária,FORN-094,59,129.74,245.09,460,33,427,61,2023-10-25,Em Estoque,448,0.2299,55398.98,104653.43,1.89,False,False
SKU-00368,Lenço Delicado Preto,Acessórios,Lenço,FORN-078,12,110.39,280.63,243,58,185,114,2024-02-20,Em Estoque,448,0.1231,20422.15,51916.55,2.54,False,False
SKU-00369,Kit Skincare Urban Prata,Beleza,Kit Skincare,FORN-027,5,90.24,152.33,178,2,176,47,2023-11-19,Em Estoque,485,0.1662,15882.24,26810.08,1.69,False,False
SKU-00370,Calça Jeans Edição Limitada Bege,Moda,Calça Jeans,FORN-021,54,252.21,682.59,609,143,466,55,2024-12-19,Em Estoque,448,0.0189,117529.86,318086.94,2.71,False,False
SKU-00371,Caderno Oversize Vermelho,Lifestyle,Caderno,FORN-009,11,340.46,580.1,241,17,224,41,2025-05-11,Em Estoque,448,0.2628,76263.04,129942.4,1.7,False,False
SKU-00372,Espelho de Mesa Premium Branco,Lifestyle,Espelho de Mesa,FORN-074,47,203.79,550.61,478,73,405,119,2025-06-09,Em Estoque,448,0.4975,82534.95,222997.05,2.7,False,False
SKU-00373,Máscara de Cílios Artesanal Nude,Beleza,Máscara de Cílios,FORN-064,13,297.09,711.94,413,23,390,69,2025-05-07,Descontinuado,204,0.233,115865.1,277656.6,2.4,False,True
SKU-00374,Garrafa Térmica Delicado Nude,Lifestyle,Garrafa Térmica,FORN-054,58,37.29,80.53,412,81,331,64,2023-11-07,Em Estoque,448,0.128,12342.99,26655.43,2.16,False,False
SKU-00375,Shorts Exclusivo Prata,Moda,Shorts,FORN-042,45,63.26,134.95,405,78,327,17,2023-04-11,Em Estoque,448,0.4612,20686.02,44128.65,2.13,False,False
SKU-00376,Blush Delicado Preto,Beleza,Blush,FORN-083,7,202.97,528.44,456,85,371,128,2024-12-02,Em Estoque,486,0.2829,75301.87,196051.24,2.6,False,False
SKU-00377,Planta Artificial Exclusivo Preto,Lifestyle,Planta Artificial,FORN-027,14,280.49,807.6,454,90,364,26,2023-05-27,Descontinuado,448,0.4918,102098.36,293966.4,2.88,False,True
SKU-00378,Máscara de Cílios Artesanal Nude,Beleza,Máscara de Cílios,FORN-050,50,246.17,734.41,384,39,345,90,2025-01-09,Em Estoque,423,0.1864,84928.65,253371.45,2.98,False,False
SKU-00379,Almofada Moderno Prata,Lifestyle,Almofada,FORN-039,7,62.65,178.92,398,25,373,33,2024-09-01,Em Estoque,448,0.4526,23368.45,66737.16,2.86,False,False
SKU-00380,Blusa de Tricô Sustentável Prata,Moda,Blusa de Tricô,FORN-040,10,74.45,222.97,528,33,495,62,2025-01-15,Em Estoque,448,0.4325,36852.75,110370.15,2.99,False,False
SKU-00381,Shorts Premium Nude,Moda,Shorts,FORN-012,10,197.41,330.43,533,79,454,15,2025-05-21,Em Estoque,448,0.1611,89624.14,150015.22,1.67,False,False
SKU-00382,Shorts Exclusivo Verde,Moda,Shorts,FORN-099,12,275.03,560.03,161,0,161,141,2023-04-18,Em Estoque,448,0.1599,44279.83,90164.83,2.04,False,False
SKU-00383,Legging Delicado Rosa,Moda,Legging,FORN-074,52,85.08,178.52,346,6,340,43,2023-08-22,Em Estoque,448,0.1924,28927.2,60696.8,2.1,False,False
SKU-00384,Moletom Clássico Nude,Moda,Moletom,FORN-076,59,254.2,533.8,202,42,160,146,2023-08-19,Em Estoque,448,0.4066,40672.0,85408.0,2.1,False,False
SKU-00385,Pochete Básico Dourado,Acessórios,Pochete,FORN-040,15,264.88,748.65,240,29,211,67,2023-10-09,Em Estoque,448,0.1966,55889.68,157965.15,2.83,False,False
SKU-00386,Relógio de Parede Oversize Verde,Lifestyle,Relógio de Parede,FORN-059,12,31.5,74.36,179,30,149,128,2023-05-25,Em Estoque,448,0.2878,4693.5,11079.64,2.36,False,False
SKU-00387,Batom Luxo Branco,Beleza,Batom,FORN-042,47,321.12,787.51,205,37,168,115,2023-10-08,Em Estoque,573,0.034,53948.16,132301.68,2.45,False,False
SKU-00388,Legging Artesanal Vermelho,Moda,Legging,FORN-056,14,319.18,788.77,1085,39,1046,134,2023-10-20,Em Estoque,448,0.278,333862.28,825053.42,2.47,False,False
SKU-00389,Porta-Retrato Slim Vermelho,Lifestyle,Porta-Retrato,FORN-009,14,61.32,177.98,394,104,290,107,2024-08-21,Em Estoque,448,0.0462,17782.8,51614.2,2.9,False,False
SKU-00390,Espelho de Mesa Delicado Preto,Lifestyle,Espelho de Mesa,FORN-097,7,271.13,630.31,149,24,125,124,2023-04-22,Em Estoque,448,0.1506,33891.25,78788.75,2.32,False,False
SKU-00391,Relógio de Parede Slim Vermelho,Lifestyle,Relógio de Parede,FORN-092,56,396.31,1003.6,313,65,248,113,2023-05-02,Em Estoque,448,0.2749,98284.88,248892.8,2.53,False,False
SKU-00392,Legging Exclusivo Verde,Moda,Legging,FORN-015,54,348.96,689.68,719,160,559,91,2025-07-13,Em Estoque,448,0.273,195068.64,385531.12,1.98,False,False
SKU-00393,Kit Chá Clássico Azul,Lifestyle,Kit Chá,FORN-072,11,340.46,741.0,213,19,194,83,2025-03-05,Descontinuado,448,0.3245,66049.24,143754.0,2.18,False,True
SKU-00394,Saia Urban Vermelho,Moda,Saia,FORN-018,47,72.14,208.45,466,108,358,56,2024-09-14,Em Estoque,448,0.2256,25826.12,74625.1,2.89,False,False
SKU-00395,Máscara de Cílios Edição Limitada Nude,Beleza,Máscara de Cílios,FORN-001,14,209.3,579.65,364,64,300,78,2024-09-19,Em Estoque,218,0.2845,62790.0,173895.0,2.77,False,False
SKU-00396,Difusor Artesanal Dourado,Lifestyle,Difusor,FORN-089,6,73.99,204.96,439,71,368,129,2025-02-17,Em Estoque,448,0.0451,27228.32,75425.28,2.77,False,False
SKU-00397,Sombra Urban Branco,Beleza,Sombra,FORN-088,15,224.89,568.39,313,6,307,97,2025-01-16,Em Estoque,660,0.2874,69041.23,174495.73,2.53,False,False
SKU-00398,Blusa de Tricô Delicado Rosa,Moda,Blusa de Tricô,FORN-038,7,33.42,102.82,767,200,567,76,2023-11-16,Em Estoque,448,0.2869,18949.14,58298.94,3.08,False,False
SKU-00399,Almofada Delicado Nude,Lifestyle,Almofada,FORN-004,54,204.21,368.17,39,4,35,74,2023-10-09,Estoque Crítico,448,0.1383,7147.35,12885.95,1.8,True,False
SKU-00400,Legging Básico Nude,Moda,Legging,FORN-023,14,300.81,798.54,378,33,345,70,2024-03-26,Em Estoque,448,0.0175,103779.45,275496.3,2.65,False,False
SKU-00401,Óculos de Sol Artesanal Bege,Acessórios,Óculos de Sol,FORN-064,11,312.74,619.45,225,21,204,63,2025-12-27,Em Estoque,448,0.3215,63798.96,126367.8,1.98,False,False
SKU-00402,Difusor Premium Bege,Lifestyle,Difusor,FORN-060,11,200.97,474.7,485,136,349,69,2024-11-23,Em Estoque,448,0.132,70138.53,165670.3,2.36,False,False
SKU-00403,Batom Premium Rosa,Beleza,Batom,FORN-058,57,277.83,872.06,349,5,344,34,2025-11-12,Em Estoque,459,0.1681,95573.52,299988.64,3.14,False,False
SKU-00404,Calça Jeans Slim Nude,Moda,Calça Jeans,FORN-051,12,313.8,878.18,751,197,554,59,2025-06-22,Em Estoque,448,0.0908,173845.2,486511.72,2.8,False,False
SKU-00405,Esfoliante Premium Branco,Beleza,Esfoliante,FORN-002,11,57.13,100.91,228,44,184,66,2025-05-09,Em Estoque,204,0.3101,10511.92,18567.44,1.77,False,False
SKU-00406,Camisa Social Urban Azul,Moda,Camisa Social,FORN-077,48,289.07,518.0,1072,289,783,57,2023-12-06,Em Estoque,448,0.234,226341.81,405594.0,1.79,False,False
SKU-00407,Cinto Sustentável Rosa,Acessórios,Cinto,FORN-099,11,283.04,755.19,394,41,353,75,2023-02-09,Em Estoque,448,0.192,99913.12,266582.07,2.67,False,False
SKU-00408,Camiseta Slim Rosa,Moda,Camiseta,FORN-023,12,46.37,146.86,205,11,194,135,2023-03-18,Em Estoque,448,0.11,8995.78,28490.84,3.17,False,False
SKU-00409,Blush Sport Rosa,Beleza,Blush,FORN-014,5,47.71,119.95,128,28,100,14,2024-03-21,Em Estoque,218,0.3326,4771.0,11995.0,2.51,False,False
SKU-00410,Legging Oversize Vermelho,Moda,Legging,FORN-074,45,215.85,669.97,502,103,399,27,2025-04-01,Em Estoque,448,0.3449,86124.15,267318.03,3.1,False,False
SKU-00411,Difusor Artesanal Prata,Lifestyle,Difusor,FORN-046,55,279.1,625.46,323,82,241,33,2024-09-28,Em Estoque,448,0.0411,67263.1,150735.86,2.24,False,False
SKU-00412,Condicionador Slim Azul,Beleza,Condicionador,FORN-023,13,34.95,77.4,97,9,88,109,2023-11-23,Estoque Crítico,547,0.2438,3075.6,6811.2,2.21,True,False
SKU-00413,Pochete Sport Azul,Acessórios,Pochete,FORN-018,46,93.38,256.94,303,30,273,135,2024-02-26,Em Estoque,448,0.1546,25492.74,70144.62,2.75,False,False
SKU-00414,Condicionador Sustentável Preto,Beleza,Condicionador,FORN-005,55,41.3,118.14,21,3,18,40,2023-11-22,Estoque Crítico,729,0.0753,743.4,2126.52,2.86,True,False
SKU-00415,Base Líquida Premium Bege,Beleza,Base Líquida,FORN-063,15,27.24,83.12,316,5,311,72,2025-11-05,Descontinuado,231,0.4524,8471.64,25850.32,3.05,False,True
SKU-00416,Difusor Sustentável Nude,Lifestyle,Difusor,FORN-022,47,330.76,585.49,254,76,178,66,2023-04-14,Em Estoque,448,0.4181,58875.28,104217.22,1.77,False,False
SKU-00417,Luminária Oversize Branco,Lifestyle,Luminária,FORN-088,14,227.44,480.93,493,54,439,21,2025-03-11,Em Estoque,448,0.1377,99846.16,211128.27,2.11,False,False
SKU-00418,Porta-Retrato Sport Verde,Lifestyle,Porta-Retrato,FORN-071,7,186.69,575.21,20,1,19,35,2025-10-13,Estoque Crítico,448,0.3891,3547.11,10928.99,3.08,True,False
SKU-00419,Saia Básico Preto,Moda,Saia,FORN-001,7,371.93,1015.66,607,106,501,131,2025-03-07,Em Estoque,448,0.1362,186336.93,508845.66,2.73,False,False
SKU-00420,Protetor Solar Clássico Nude,Beleza,Protetor Solar,FORN-089,5,246.58,677.48,313,11,302,87,2024-07-01,Em Estoque,376,0.0596,74467.16,204598.96,2.75,False,False
SKU-00421,Base Líquida Artesanal Verde,Beleza,Base Líquida,FORN-098,52,196.4,511.1,0,0,0,23,2023-02-26,Ruptura,665,0.2493,0.0,0.0,2.6,True,False
SKU-00422,Camiseta Premium Verde,Moda,Camiseta,FORN-037,8,185.18,395.34,776,26,750,23,2025-03-06,Em Estoque,448,0.243,138885.0,296505.0,2.13,False,False
SKU-00423,Jaqueta Sport Dourado,Moda,Jaqueta,FORN-076,55,179.25,501.06,512,83,429,68,2023-04-24,Em Estoque,448,0.1008,76898.25,214954.74,2.8,False,False
SKU-00424,Carteira Sustentável Nude,Acessórios,Carteira,FORN-063,5,358.39,656.54,475,116,359,55,2024-06-05,Em Estoque,448,0.0979,128662.01,235697.86,1.83,False,False
SKU-00425,Creme Hidratante Moderno Verde,Beleza,Creme Hidratante,FORN-017,46,283.04,479.88,69,3,66,129,2024-07-06,Estoque Crítico,405,0.4433,18680.64,31672.08,1.7,True,False
SKU-00426,Condicionador Delicado Nude,Beleza,Condicionador,FORN-022,52,52.86,157.06,250,27,223,131,2024-05-01,Em Estoque,432,0.1247,11787.78,35024.38,2.97,False,False
SKU-00427,Protetor Solar Artesanal Bege,Beleza,Protetor Solar,FORN-074,45,178.75,298.65,240,64,176,18,2024-09-13,Em Estoque,280,0.2268,31460.0,52562.4,1.67,False,False
SKU-00428,Regata Delicado Preto,Moda,Regata,FORN-089,11,380.97,690.45,492,4,488,132,2025-05-06,Em Estoque,448,0.4291,185913.36,336939.6,1.81,False,False
SKU-00429,Vela Aromática Sustentável Dourado,Lifestyle,Vela Aromática,FORN-099,7,352.2,791.95,404,111,293,104,2025-08-23,Em Estoque,448,0.4303,103194.6,232041.35,2.25,False,False
SKU-00430,Legging Oversize Prata,Moda,Legging,FORN-005,54,181.84,369.44,627,53,574,30,2025-06-24,Em Estoque,448,0.2579,104376.16,212058.56,2.03,False,False
SKU-00431,Brinco Premium Branco,Acessórios,Brinco,FORN-050,56,196.83,327.8,187,11,176,27,2025-12-25,Em Estoque,448,0.4906,34642.08,57692.8,1.67,False,False
SKU-00432,Calça Jeans Urban Dourado,Moda,Calça Jeans,FORN-095,14,351.03,956.4,771,57,714,92,2024-05-17,Em Estoque,448,0.1393,250635.42,682869.6,2.72,False,False
SKU-00433,Blusa de Tricô Sustentável Dourado,Moda,Blusa de Tricô,FORN-065,13,335.23,788.55,544,136,408,84,2024-10-12,Em Estoque,448,0.4727,136773.84,321728.4,2.35,False,False
SKU-00434,Difusor Moderno Dourado,Lifestyle,Difusor,FORN-012,6,168.46,317.73,490,19,471,37,2023-05-04,Em Estoque,448,0.2487,79344.66,149650.83,1.89,False,False
SKU-00435,Lenço Urban Preto,Acessórios,Lenço,FORN-038,11,388.44,958.01,67,15,52,98,2024-08-24,Estoque Crítico,448,0.3227,20198.88,49816.52,2.47,True,False
SKU-00436,Calça Jeans Premium Azul,Moda,Calça Jeans,FORN-067,55,176.44,379.08,661,124,537,145,2025-08-15,Em Estoque,448,0.0668,94748.28,203565.96,2.15,False,False
SKU-00437,Porta-Retrato Delicado Rosa,Lifestyle,Porta-Retrato,FORN-030,12,161.32,332.49,432,12,420,47,2024-05-15,Em Estoque,448,0.3097,67754.4,139645.8,2.06,False,False
SKU-00438,Regata Slim Bege,Moda,Regata,FORN-023,15,321.89,598.07,724,147,577,42,2024-05-12,Em Estoque,448,0.2817,185730.53,345086.39,1.86,False,False
SKU-00439,Blusa de Tricô Oversize Bege,Moda,Blusa de Tricô,FORN-048,12,225.15,418.81,425,103,322,137,2023-08-11,Em Estoque,448,0.4851,72498.3,134856.82,1.86,False,False
SKU-00440,Perfume Oversize Rosa,Beleza,Perfume,FORN-061,54,388.45,1090.25,293,85,208,47,2025-12-15,Em Estoque,670,0.4502,80797.6,226772.0,2.81,False,False
SKU-00441,Regata Básico Rosa,Moda,Regata,FORN-004,57,254.66,497.24,456,49,407,144,2023-05-07,Descontinuado,448,0.2697,103646.62,202376.68,1.95,False,True
SKU-00442,Esfoliante Básico Prata,Beleza,Esfoliante,FORN-051,8,206.38,529.38,261,7,254,102,2024-03-23,Em Estoque,558,0.1937,52420.52,134462.52,2.57,False,False
SKU-00443,Blusa de Tricô Oversize Rosa,Moda,Blusa de Tricô,FORN-058,47,101.96,307.97,759,205,554,123,2024-03-26,Em Estoque,448,0.449,56485.84,170615.38,3.02,False,False
SKU-00444,Luminária Clássico Nude,Lifestyle,Luminária,FORN-077,47,74.58,155.51,444,85,359,26,2025-07-03,Descontinuado,448,0.3198,26774.22,55828.09,2.09,False,True
SKU-00445,Vestido Exclusivo Dourado,Moda,Vestido,FORN-091,49,95.72,280.62,296,5,291,87,2025-05-16,Em Estoque,448,0.2323,27854.52,81660.42,2.93,False,False
SKU-00446,Camiseta Clássico Rosa,Moda,Camiseta,FORN-039,15,337.01,794.02,669,73,596,116,2023-08-23,Em Estoque,448,0.0152,200857.96,473235.92,2.36,False,False
SKU-00447,Kit Chá Básico Nude,Lifestyle,Kit Chá,FORN-096,10,240.8,603.18,444,66,378,131,2025-02-12,Em Estoque,448,0.2881,91022.4,228002.04,2.5,False,False
SKU-00448,Porta-Retrato Artesanal Preto,Lifestyle,Porta-Retrato,FORN-019,10,195.2,528.85,182,10,172,23,2024-06-14,Em Estoque,448,0.4776,33574.4,90962.2,2.71,False,False
SKU-00449,Shorts Exclusivo Branco,Moda,Shorts,FORN-066,8,311.25,589.26,96,5,91,149,2024-06-27,Estoque Crítico,448,0.4227,28323.75,53622.66,1.89,True,False
SKU-00450,Almofada Urban Verde,Lifestyle,Almofada,FORN-013,13,240.42,701.38,6,0,6,142,2024-06-25,Estoque Crítico,448,0.243,1442.52,4208.28,2.92,True,False
SKU-00451,Vestido Básico Azul,Moda,Vestido,FORN-020,52,336.0,965.05,572,134,438,146,2025-09-23,Em Estoque,448,0.0579,147168.0,422691.9,2.87,False,False
SKU-00452,Base Líquida Básico Bege,Beleza,Base Líquida,FORN-003,12,152.32,412.13,71,14,57,143,2024-03-23,Estoque Crítico,491,0.0154,8682.24,23491.41,2.71,True,False
SKU-00453,Garrafa Térmica Clássico Bege,Lifestyle,Garrafa Térmica,FORN-089,8,136.82,264.85,40,6,34,38,2023-01-25,Estoque Crítico,448,0.2426,4651.88,9004.9,1.94,True,False
SKU-00454,Protetor Solar Básico Preto,Beleza,Protetor Solar,FORN-085,46,198.25,605.39,0,0,0,87,2025-01-25,Ruptura,306,0.4601,0.0,0.0,3.05,True,False
SKU-00455,Jaqueta Clássico Verde,Moda,Jaqueta,FORN-004,47,75.31,210.41,284,44,240,100,2023-09-25,Em Estoque,448,0.1217,18074.4,50498.4,2.79,False,False
SKU-00456,Base Líquida Luxo Nude,Beleza,Base Líquida,FORN-098,45,220.96,606.6,0,0,0,53,2025-01-24,Ruptura,399,0.4603,0.0,0.0,2.75,True,False
SKU-00457,Pochete Oversize Nude,Acessórios,Pochete,FORN-024,59,275.94,488.89,427,90,337,107,2024-04-17,Em Estoque,448,0.0573,92991.78,164755.93,1.77,False,False
SKU-00458,Carteira Sustentável Branco,Acessórios,Carteira,FORN-067,49,208.41,453.92,147,35,112,20,2023-06-16,Em Estoque,448,0.1425,23341.92,50839.04,2.18,False,False
SKU-00459,Creme Hidratante Urban Dourado,Beleza,Creme Hidratante,FORN-029,58,130.42,387.16,96,27,69,27,2024-11-12,Em Estoque,683,0.3364,8998.98,26714.04,2.97,False,False
SKU-00460,Perfume Urban Branco,Beleza,Perfume,FORN-016,49,170.03,461.13,500,26,474,53,2023-06-07,Em Estoque,593,0.0623,80594.22,218575.62,2.71,False,False
SKU-00461,Kit Chá Slim Nude,Lifestyle,Kit Chá,FORN-076,53,307.4,885.8,482,102,380,101,2024-11-20,Em Estoque,448,0.4938,116812.0,336604.0,2.88,False,False
SKU-00462,Máscara de Cílios Delicado Dourado,Beleza,Máscara de Cílios,FORN-014,6,115.26,276.12,321,17,304,17,2023-12-02,Em Estoque,690,0.3394,35039.04,83940.48,2.4,False,False
SKU-00463,Mochila Artesanal Verde,Acessórios,Mochila,FORN-020,54,256.35,449.67,39,10,29,143,2024-08-07,Estoque Crítico,448,0.1475,7434.15,13040.43,1.75,True,False
SKU-00464,Perfume Slim Prata,Beleza,Perfume,FORN-044,13,227.72,711.43,16,3,13,40,2024-08-11,Estoque Crítico,565,0.2218,2960.36,9248.59,3.12,True,False
SKU-00465,Vestido Exclusivo Rosa,Moda,Vestido,FORN-091,50,206.76,375.31,732,195,537,38,2025-11-16,Em Estoque,448,0.343,111030.12,201541.47,1.82,False,False
SKU-00466,Blush Exclusivo Bege,Beleza,Blush,FORN-065,5,168.73,403.52,497,96,401,100,2024-06-02,Descontinuado,226,0.065,67660.73,161811.52,2.39,False,True
SKU-00467,Condicionador Sport Nude,Beleza,Condicionador,FORN-004,55,164.62,376.16,182,26,156,99,2023-11-08,Em Estoque,266,0.4553,25680.72,58680.96,2.29,False,False
SKU-00468,Shorts Básico Verde,Moda,Shorts,FORN-022,45,224.6,372.79,673,145,528,141,2024-05-01,Em Estoque,448,0.2944,118588.8,196833.12,1.66,False,False
SKU-00469,Mochila Artesanal Vermelho,Acessórios,Mochila,FORN-042,48,327.16,575.83,345,26,319,96,2024-09-26,Em Estoque,448,0.1704,104364.04,183689.77,1.76,False,False
SKU-00470,Óleo Corporal Edição Limitada Azul,Beleza,Óleo Corporal,FORN-064,15,341.99,977.9,430,54,376,83,2024-01-10,Em Estoque,591,0.4025,128588.24,367690.4,2.86,False,False
SKU-00471,Base Líquida Sport Nude,Beleza,Base Líquida,FORN-013,14,148.0,252.73,410,67,343,131,2024-04-12,Em Estoque,489,0.2528,50764.0,86686.39,1.71,False,False
SKU-00472,Top Exclusivo Verde,Moda,Top,FORN-026,58,172.87,449.45,464,46,418,14,2025-12-17,Em Estoque,448,0.2888,72259.66,187870.1,2.6,False,False
SKU-00473,Legging Sustentável Rosa,Moda,Legging,FORN-082,58,375.16,1036.41,61,11,50,128,2023-04-05,Estoque Crítico,448,0.3735,18758.0,51820.5,2.76,True,False
SKU-00474,Luminária Edição Limitada Verde,Lifestyle,Luminária,FORN-009,15,97.35,220.0,421,36,385,51,2024-11-20,Em Estoque,448,0.12,37479.75,84700.0,2.26,False,False
SKU-00475,Camiseta Moderno Rosa,Moda,Camiseta,FORN-060,12,232.73,534.77,662,51,611,50,2024-03-01,Em Estoque,448,0.402,142198.03,326744.47,2.3,False,False
SKU-00476,Porta-Retrato Urban Preto,Lifestyle,Porta-Retrato,FORN-093,12,317.25,535.68,459,21,438,90,2025-05-28,Em Estoque,448,0.4776,138955.5,234627.84,1.69,False,False
SKU-00477,Cinto Urban Branco,Acessórios,Cinto,FORN-051,7,109.7,275.74,256,15,241,143,2025-10-25,Em Estoque,448,0.1267,26437.7,66453.34,2.51,False,False
SKU-00478,Pulseira Artesanal Branco,Acessórios,Pulseira,FORN-099,10,145.13,367.89,199,51,148,70,2024-04-05,Em Estoque,448,0.1078,21479.24,54447.72,2.53,False,False
SKU-00479,Moletom Slim Nude,Moda,Moletom,FORN-008,60,222.72,605.66,115,27,88,131,2025-04-09,Estoque Crítico,448,0.4398,19599.36,53298.08,2.72,True,False
SKU-00480,Brinco Sustentável Verde,Acessórios,Brinco,FORN-040,5,265.25,808.58,17,5,12,23,2025-11-08,Estoque Crítico,448,0.1272,3183.0,9702.96,3.05,True,False
SKU-00481,Esfoliante Sport Verde,Beleza,Esfoliante,FORN-088,6,223.27,441.68,226,49,177,12,2024-05-10,Em Estoque,421,0.1494,39518.79,78177.36,1.98,False,False
SKU-00482,Óculos de Sol Sustentável Verde,Acessórios,Óculos de Sol,FORN-099,15,174.39,288.48,443,20,423,135,2024-12-14,Em Estoque,448,0.167,73766.97,122027.04,1.65,False,False
SKU-00483,Base Líquida Luxo Bege,Beleza,Base Líquida,FORN-090,9,212.41,459.44,308,70,238,93,2024-12-01,Em Estoque,368,0.3154,50553.58,109346.72,2.16,False,False
SKU-00484,Porta-Retrato Premium Vermelho,Lifestyle,Porta-Retrato,FORN-026,54,139.21,241.05,80,7,73,142,2025-11-25,Estoque Crítico,448,0.0659,10162.33,17596.65,1.73,True,False
SKU-00485,Batom Delicado Verde,Beleza,Batom,FORN-058,60,351.93,638.27,88,21,67,93,2024-04-03,Estoque Crítico,366,0.1974,23579.31,42764.09,1.81,True,False
SKU-00486,Kit Skincare Moderno Preto,Beleza,Kit Skincare,FORN-003,13,265.9,692.03,464,22,442,128,2023-05-23,Em Estoque,230,0.2011,117527.8,305877.26,2.6,False,False
SKU-00487,Creme Hidratante Clássico Branco,Beleza,Creme Hidratante,FORN-048,7,379.95,679.26,367,67,300,121,2024-11-16,Em Estoque,388,0.0961,113985.0,203778.0,1.79,False,False
SKU-00488,Colar Slim Dourado,Acessórios,Colar,FORN-049,7,183.9,355.03,110,18,92,58,2024-03-14,Em Estoque,448,0.0154,16918.8,32662.76,1.93,False,False
SKU-00489,Pulseira Artesanal Dourado,Acessórios,Pulseira,FORN-032,10,241.5,636.49,43,0,43,130,2023-06-23,Estoque Crítico,448,0.1994,10384.5,27369.07,2.64,True,False
SKU-00490,Moletom Sport Vermelho,Moda,Moletom,FORN-095,14,117.37,205.68,640,120,520,100,2025-11-26,Em Estoque,448,0.3744,61032.4,106953.6,1.75,False,False
SKU-00491,Shorts Exclusivo Nude,Moda,Shorts,FORN-049,9,391.46,1046.77,135,35,100,20,2025-03-09,Em Estoque,448,0.2469,39146.0,104677.0,2.67,False,False
SKU-00492,Saia Clássico Branco,Moda,Saia,FORN-041,13,184.51,372.09,530,127,403,81,2025-06-14,Em Estoque,448,0.4386,74357.53,149952.27,2.02,False,False
SKU-00493,Condicionador Slim Prata,Beleza,Condicionador,FORN-041,11,359.22,756.11,251,19,232,122,2023-04-05,Em Estoque,367,0.0189,83339.04,175417.52,2.1,False,False
SKU-00494,Legging Sustentável Vermelho,Moda,Legging,FORN-015,60,35.5,77.05,726,117,609,136,2023-12-28,Em Estoque,448,0.1755,21619.5,46923.45,2.17,False,False
SKU-00495,Shorts Clássico Bege,Moda,Shorts,FORN-096,13,332.58,831.85,679,149,530,11,2025-10-06,Em Estoque,448,0.0393,176267.4,440880.5,2.5,False,False
SKU-00496,Relógio de Parede Básico Verde,Lifestyle,Relógio de Parede,FORN-004,54,278.9,749.97,201,23,178,37,2024-03-01,Em Estoque,448,0.4155,49644.2,133494.66,2.69,False,False
SKU-00497,Kit Chá Urban Rosa,Lifestyle,Kit Chá,FORN-077,45,145.18,242.47,318,57,261,93,2025-12-26,Em Estoque,448,0.1065,37891.98,63284.67,1.67,False,False
SKU-00498,Top Slim Verde,Moda,Top,FORN-008,47,227.92,584.31,94,5,89,71,2024-02-01,Em Estoque,448,0.0823,20284.88,52003.59,2.56,False,False
SKU-00499,Almofada Urban Bege,Lifestyle,Almofada,FORN-016,54,206.52,473.3,412,117,295,89,2025-10-05,Em Estoque,448,0.049,60923.4,139623.5,2.29,False,False
SKU-00500,Protetor Solar Sustentável Dourado,Beleza,Protetor Solar,FORN-050,60,122.02,312.44,46,12,34,118,2024-10-06,Estoque Crítico,616,0.0474,4148.68,10622.96,2.56,True,False
SKU-00501,Blush Urban Azul,Beleza,Blush,FORN-083,15,291.18,899.47,269,80,189,144,2023-05-15,Em Estoque,669,0.1509,55033.02,169999.83,3.09,False,False
SKU-00502,Cinto Slim Azul,Acessórios,Cinto,FORN-067,58,132.28,221.75,39,0,39,141,2023-09-14,Estoque Crítico,448,0.2071,5158.92,8648.25,1.68,True,False
SKU-00503,Sombra Artesanal Rosa,Beleza,Sombra,FORN-046,53,242.52,686.29,8,0,8,128,2023-03-27,Estoque Crítico,265,0.2087,1940.16,5490.32,2.83,True,False
SKU-00504,Caderno Artesanal Dourado,Lifestyle,Caderno,FORN-097,15,190.98,552.42,174,51,123,57,2023-03-03,Em Estoque,448,0.3024,23490.54,67947.66,2.89,False,False
SKU-00505,Carteira Edição Limitada Prata,Acessórios,Carteira,FORN-003,5,170.07,275.73,335,61,274,127,2025-07-28,Em Estoque,448,0.3724,46599.18,75550.02,1.62,False,False
SKU-00506,Almofada Artesanal Nude,Lifestyle,Almofada,FORN-047,15,385.99,1034.52,411,38,373,32,2023-03-01,Em Estoque,448,0.4082,143974.27,385875.96,2.68,False,False
SKU-00507,Garrafa Térmica Luxo Preto,Lifestyle,Garrafa Térmica,FORN-027,12,266.48,703.4,223,24,199,32,2024-08-05,Em Estoque,448,0.0119,53029.52,139976.6,2.64,False,False
SKU-00508,Vestido Sport Dourado,Moda,Vestido,FORN-063,12,27.46,63.69,983,200,783,23,2024-01-04,Em Estoque,448,0.3568,21501.18,49869.27,2.32,False,False
SKU-00509,Pochete Sport Nude,Acessórios,Pochete,FORN-077,54,34.07,76.3,262,75,187,134,2023-12-02,Em Estoque,448,0.2116,6371.09,14268.1,2.24,False,False
SKU-00510,Calça Jeans Slim Vermelho,Moda,Calça Jeans,FORN-061,48,208.02,645.35,355,55,300,15,2023-05-24,Em Estoque,448,0.1726,62406.0,193605.0,3.1,False,False
SKU-00511,Jaqueta Artesanal Verde,Moda,Jaqueta,FORN-078,15,198.02,596.65,740,106,634,102,2024-03-20,Em Estoque,448,0.3457,125544.68,378276.1,3.01,False,False
SKU-00512,Saia Clássico Bege,Moda,Saia,FORN-026,50,250.18,440.68,425,126,299,87,2023-04-18,Descontinuado,448,0.01,74803.82,131763.32,1.76,False,True
SKU-00513,Brinco Urban Bege,Acessórios,Brinco,FORN-023,13,32.15,54.71,220,14,206,68,2023-09-08,Em Estoque,448,0.4968,6622.9,11270.26,1.7,False,False
SKU-00514,Vela Aromática Delicado Prata,Lifestyle,Vela Aromática,FORN-035,7,344.3,1032.18,309,85,224,36,2025-01-15,Em Estoque,448,0.4814,77123.2,231208.32,3.0,False,False
SKU-00515,Difusor Delicado Nude,Lifestyle,Difusor,FORN-079,6,332.97,555.11,53,5,48,40,2023-06-06,Em Estoque,448,0.3544,15982.56,26645.28,1.67,False,False
SKU-00516,Kit Chá Sport Branco,Lifestyle,Kit Chá,FORN-020,56,147.15,267.88,434,51,383,122,2024-01-08,Em Estoque,448,0.2374,56358.45,102598.04,1.82,False,False
SKU-00517,Vestido Básico Rosa,Moda,Vestido,FORN-048,11,157.04,418.35,155,33,122,117,2023-03-26,Em Estoque,448,0.4591,19158.88,51038.7,2.66,False,False
SKU-00518,Lenço Delicado Verde,Acessórios,Lenço,FORN-004,59,75.32,121.71,412,66,346,27,2023-06-11,Em Estoque,448,0.3864,26060.72,42111.66,1.62,False,False
SKU-00519,Batom Delicado Preto,Beleza,Batom,FORN-085,49,362.95,614.29,323,91,232,143,2024-07-13,Em Estoque,491,0.3611,84204.4,142515.28,1.69,False,False
SKU-00520,Blusa de Tricô Premium Rosa,Moda,Blusa de Tricô,FORN-068,14,369.77,1005.95,456,113,343,98,2025-07-25,Em Estoque,448,0.1515,126831.11,345040.85,2.72,False,False
SKU-00521,Blusa de Tricô Edição Limitada Bege,Moda,Blusa de Tricô,FORN-067,54,101.22,244.82,319,81,238,50,2023-01-26,Em Estoque,448,0.1301,24090.36,58267.16,2.42,False,False
SKU-00522,Almofada Sport Vermelho,Lifestyle,Almofada,FORN-065,6,298.15,878.51,132,32,100,100,2023-01-25,Estoque Crítico,448,0.3258,29815.0,87851.0,2.95,False,False
SKU-00523,Shorts Artesanal Preto,Moda,Shorts,FORN-059,10,393.52,1136.73,595,160,435,146,2025-04-12,Em Estoque,448,0.3338,171181.2,494477.55,2.89,False,False
SKU-00524,Espelho de Mesa Urban Bege,Lifestyle,Espelho de Mesa,FORN-092,57,217.47,434.12,167,33,134,59,2024-08-04,Em Estoque,448,0.2134,29140.98,58172.08,2.0,False,False
SKU-00525,Base Líquida Premium Vermelho,Beleza,Base Líquida,FORN-017,60,101.62,175.29,346,67,279,113,2025-09-17,Em Estoque,690,0.3186,28351.98,48905.91,1.72,False,False
SKU-00526,Meias Sustentável Vermelho,Acessórios,Meias,FORN-021,49,212.2,504.11,234,16,218,141,2025-02-23,Em Estoque,448,0.2372,46259.6,109895.98,2.38,False,False
SKU-00527,Planta Artificial Oversize Branco,Lifestyle,Planta Artificial,FORN-078,11,61.93,135.71,148,2,146,143,2023-02-12,Em Estoque,448,0.1879,9041.78,19813.66,2.19,False,False
SKU-00528,Camiseta Delicado Bege,Moda,Camiseta,FORN-019,14,180.27,558.64,312,27,285,56,2025-08-01,Em Estoque,448,0.175,51376.95,159212.4,3.1,False,False
SKU-00529,Mochila Sustentável Nude,Acessórios,Mochila,FORN-040,14,191.9,410.77,193,30,163,43,2023-09-21,Em Estoque,448,0.2255,31279.7,66955.51,2.14,False,False
SKU-00530,Sombra Oversize Branco,Beleza,Sombra,FORN-080,15,256.96,570.34,460,101,359,96,2025-01-22,Em Estoque,464,0.3233,92248.64,204752.06,2.22,False,False
SKU-00531,Meias Premium Nude,Acessórios,Meias,FORN-081,54,233.2,419.31,286,10,276,59,2025-09-19,Em Estoque,448,0.4787,64363.2,115729.56,1.8,False,False
SKU-00532,Condicionador Sustentável Prata,Beleza,Condicionador,FORN-003,6,270.14,662.11,492,4,488,80,2023-04-27,Em Estoque,634,0.0432,131828.32,323109.68,2.45,False,False
SKU-00533,Óleo Corporal Edição Limitada Nude,Beleza,Óleo Corporal,FORN-006,60,347.55,569.02,223,23,200,116,2023-09-11,Em Estoque,281,0.2713,69510.0,113804.0,1.64,False,False
SKU-00534,Vestido Slim Branco,Moda,Vestido,FORN-020,54,381.82,1025.48,60,10,50,56,2023-12-02,Estoque Crítico,448,0.1497,19091.0,51274.0,2.69,True,False
SKU-00535,Vestido Edição Limitada Verde,Moda,Vestido,FORN-034,57,377.8,1148.21,1170,305,865,70,2024-09-25,Em Estoque,448,0.4747,326797.0,993201.65,3.04,False,False
SKU-00536,Blusa de Tricô Sustentável Prata,Moda,Blusa de Tricô,FORN-053,6,203.99,459.38,239,2,237,78,2025-10-22,Em Estoque,448,0.3817,48345.63,108873.06,2.25,False,False
SKU-00537,Porta-Retrato Slim Nude,Lifestyle,Porta-Retrato,FORN-053,12,51.89,135.81,104,9,95,105,2025-03-26,Estoque Crítico,448,0.1233,4929.55,12901.95,2.62,True,False
SKU-00538,Lenço Sustentável Preto,Acessórios,Lenço,FORN-001,12,385.22,998.94,334,21,313,10,2023-08-09,Em Estoque,448,0.4199,120573.86,312668.22,2.59,False,False
SKU-00539,Óleo Corporal Luxo Azul,Beleza,Óleo Corporal,FORN-075,54,37.28,103.74,0,0,0,86,2023-07-23,Ruptura,323,0.3628,0.0,0.0,2.78,True,False
SKU-00540,Mochila Moderno Nude,Acessórios,Mochila,FORN-065,10,355.89,1107.76,325,33,292,125,2024-04-22,Em Estoque,448,0.1715,103919.88,323465.92,3.11,False,False
SKU-00541,Kit Skincare Oversize Preto,Beleza,Kit Skincare,FORN-089,7,265.65,425.91,243,0,243,12,2025-03-14,Em Estoque,680,0.3815,64552.95,103496.13,1.6,False,False
SKU-00542,Condicionador Urban Branco,Beleza,Condicionador,FORN-069,5,359.18,1043.67,227,15,212,100,2024-10-12,Em Estoque,188,0.0633,76146.16,221258.04,2.91,False,False
SKU-00543,Protetor Solar Sustentável Preto,Beleza,Protetor Solar,FORN-029,45,308.2,828.71,363,45,318,59,2023-10-21,Em Estoque,419,0.4901,98007.6,263529.78,2.69,False,False
SKU-00544,Bolsa de Couro Slim Dourado,Acessórios,Bolsa de Couro,FORN-091,51,22.71,72.1,326,50,276,38,2024-10-17,Em Estoque,448,0.2763,6267.96,19899.6,3.17,False,False
SKU-00545,Espelho de Mesa Urban Nude,Lifestyle,Espelho de Mesa,FORN-073,50,44.84,80.94,33,2,31,76,2025-04-17,Estoque Crítico,448,0.3647,1390.04,2509.14,1.81,True,False
SKU-00546,Top Premium Prata,Moda,Top,FORN-079,9,278.66,839.59,2,0,2,92,2024-07-09,Estoque Crítico,448,0.0617,557.32,1679.18,3.01,True,False
SKU-00547,Blush Oversize Prata,Beleza,Blush,FORN-098,46,355.84,697.19,142,26,116,146,2024-06-01,Estoque Crítico,522,0.0418,41277.44,80874.04,1.96,True,False
SKU-00548,Sérum Facial Sport Azul,Beleza,Sérum Facial,FORN-089,11,383.95,1177.65,100,5,95,94,2024-02-21,Em Estoque,208,0.2405,36475.25,111876.75,3.07,False,False
SKU-00549,Espelho de Mesa Delicado Verde,Lifestyle,Espelho de Mesa,FORN-033,52,60.98,120.82,174,3,171,95,2025-04-03,Em Estoque,448,0.3102,10427.58,20660.22,1.98,False,False
SKU-00550,Relógio de Parede Sustentável Nude,Lifestyle,Relógio de Parede,FORN-016,47,390.32,1197.01,193,20,173,26,2023-01-26,Em Estoque,448,0.1514,67525.36,207082.73,3.07,False,False
SKU-00551,Base Líquida Básico Preto,Beleza,Base Líquida,FORN-072,5,132.07,291.92,49,9,40,115,2023-10-26,Estoque Crítico,190,0.2273,5282.8,11676.8,2.21,True,False
SKU-00552,Batom Artesanal Nude,Beleza,Batom,FORN-013,10,267.35,716.83,13,3,10,142,2024-10-07,Estoque Crítico,290,0.0522,2673.5,7168.3,2.68,True,False
SKU-00553,Base Líquida Artesanal Azul,Beleza,Base Líquida,FORN-074,49,262.2,527.04,215,61,154,123,2023-04-05,Em Estoque,499,0.2927,40378.8,81164.16,2.01,False,False
SKU-00554,Esfoliante Delicado Verde,Beleza,Esfoliante,FORN-040,14,356.38,1012.4,75,15,60,89,2025-06-10,Estoque Crítico,557,0.4852,21382.8,60744.0,2.84,True,False
SKU-00555,Esfoliante Urban Bege,Beleza,Esfoliante,FORN-008,52,212.7,624.55,439,13,426,118,2024-04-07,Em Estoque,250,0.1714,90610.2,266058.3,2.94,False,False
SKU-00556,Kit Chá Artesanal Verde,Lifestyle,Kit Chá,FORN-075,55,254.12,576.83,83,3,80,126,2023-08-08,Estoque Crítico,448,0.4601,20329.6,46146.4,2.27,True,False
SKU-00557,Sombra Moderno Dourado,Beleza,Sombra,FORN-080,8,110.83,307.59,487,84,403,106,2023-07-06,Em Estoque,186,0.182,44664.49,123958.77,2.78,False,False
SKU-00558,Camiseta Exclusivo Branco,Moda,Camiseta,FORN-019,9,187.36,489.03,783,7,776,60,2023-05-06,Em Estoque,448,0.1317,145391.36,379487.28,2.61,False,False
SKU-00559,Regata Moderno Bege,Moda,Regata,FORN-026,45,86.91,175.46,1093,70,1023,107,2025-02-11,Em Estoque,448,0.1532,88908.93,179495.58,2.02,False,False
SKU-00560,Blusa de Tricô Urban Bege,Moda,Blusa de Tricô,FORN-068,14,355.03,1067.01,533,48,485,59,2025-07-23,Em Estoque,448,0.3002,172189.55,517499.85,3.01,False,False
SKU-00561,Pulseira Premium Nude,Acessórios,Pulseira,FORN-076,51,344.69,713.75,76,10,66,73,2023-11-26,Estoque Crítico,448,0.1408,22749.54,47107.5,2.07,True,False
SKU-00562,Regata Artesanal Dourado,Moda,Regata,FORN-027,6,318.17,911.75,920,198,722,140,2024-08-17,Em Estoque,448,0.1616,229718.74,658283.5,2.87,False,False
SKU-00563,Sombra Sustentável Dourado,Beleza,Sombra,FORN-061,53,240.85,631.26,404,74,330,19,2023-04-07,Em Estoque,403,0.1537,79480.5,208315.8,2.62,False,False
SKU-00564,Chapéu Clássico Verde,Acessórios,Chapéu,FORN-033,47,71.05,123.23,227,66,161,100,2023-10-02,Em Estoque,448,0.3109,11439.05,19840.03,1.73,False,False
SKU-00565,Blush Edição Limitada Vermelho,Beleza,Blush,FORN-048,12,140.47,310.69,91,14,77,69,2024-11-03,Em Estoque,264,0.148,10816.19,23923.13,2.21,False,False
SKU-00566,Perfume Urban Branco,Beleza,Perfume,FORN-036,8,57.4,98.39,19,4,15,61,2024-04-22,Estoque Crítico,517,0.1258,861.0,1475.85,1.71,True,False
SKU-00567,Relógio de Parede Luxo Rosa,Lifestyle,Relógio de Parede,FORN-025,14,399.24,1276.55,385,91,294,149,2024-01-25,Em Estoque,448,0.4113,117376.56,375305.7,3.2,False,False
SKU-00568,Luminária Edição Limitada Nude,Lifestyle,Luminária,FORN-097,15,24.52,64.89,389,19,370,111,2023-04-24,Em Estoque,448,0.2377,9072.4,24009.3,2.65,False,False
SKU-00569,Condicionador Exclusivo Dourado,Beleza,Condicionador,FORN-093,12,149.45,259.65,433,48,385,119,2025-07-07,Em Estoque,210,0.188,57538.25,99965.25,1.74,False,False
SKU-00570,Máscara de Cílios Slim Preto,Beleza,Máscara de Cílios,FORN-064,15,337.03,722.5,214,54,160,113,2025-09-10,Em Estoque,203,0.2842,53924.8,115600.0,2.14,False,False
SKU-00571,Vestido Clássico Verde,Moda,Vestido,FORN-073,57,392.47,756.18,795,48,747,131,2023-06-19,Em Estoque,448,0.3199,293175.09,564866.46,1.93,False,False
SKU-00572,Vestido Básico Prata,Moda,Vestido,FORN-023,5,334.06,856.99,471,98,373,82,2023-04-10,Em Estoque,448,0.0359,124604.38,319657.27,2.57,False,False
SKU-00573,Regata Premium Bege,Moda,Regata,FORN-042,58,168.62,536.78,132,30,102,27,2024-04-05,Em Estoque,448,0.1556,17199.24,54751.56,3.18,False,False
SKU-00574,Relógio de Parede Sustentável Bege,Lifestyle,Relógio de Parede,FORN-078,14,376.88,957.27,257,58,199,80,2023-01-05,Em Estoque,448,0.4125,74999.12,190496.73,2.54,False,False
SKU-00575,Protetor Solar Exclusivo Verde,Beleza,Protetor Solar,FORN-073,60,194.88,491.45,377,11,366,83,2025-08-12,Em Estoque,484,0.1962,71326.08,179870.7,2.52,False,False
SKU-00576,Porta-Retrato Edição Limitada Azul,Lifestyle,Porta-Retrato,FORN-023,14,298.63,696.56,466,46,420,34,2024-12-02,Em Estoque,448,0.4354,125424.6,292555.2,2.33,False,False
SKU-00577,Top Exclusivo Rosa,Moda,Top,FORN-086,6,285.26,786.14,222,52,170,41,2024-02-25,Em Estoque,448,0.3835,48494.2,133643.8,2.76,False,False
SKU-00578,Saia Clássico Rosa,Moda,Saia,FORN-027,13,36.96,60.72,654,191,463,128,2024-06-24,Em Estoque,448,0.098,17112.48,28113.36,1.64,False,False
SKU-00579,Shorts Básico Bege,Moda,Shorts,FORN-042,59,204.21,349.03,561,112,449,45,2024-05-27,Em Estoque,448,0.4194,91690.29,156714.47,1.71,False,False
SKU-00580,Máscara de Cílios Slim Branco,Beleza,Máscara de Cílios,FORN-069,11,84.01,224.66,5,1,4,49,2024-06-06,Estoque Crítico,401,0.3575,336.04,898.64,2.67,True,False
SKU-00581,Lenço Moderno Dourado,Acessórios,Lenço,FORN-090,5,337.87,979.29,328,84,244,36,2024-12-10,Em Estoque,448,0.2995,82440.28,238946.76,2.9,False,False
SKU-00582,Moletom Delicado Azul,Moda,Moletom,FORN-032,10,365.33,701.43,16,0,16,96,2023-11-22,Estoque Crítico,448,0.0325,5845.28,11222.88,1.92,True,False
SKU-00583,Carteira Delicado Bege,Acessórios,Carteira,FORN-093,7,36.72,88.86,417,41,376,92,2025-11-07,Em Estoque,448,0.4672,13806.72,33411.36,2.42,False,False
SKU-00584,Batom Básico Azul,Beleza,Batom,FORN-028,6,155.5,292.0,205,41,164,90,2023-07-07,Em Estoque,247,0.3293,25502.0,47888.0,1.88,False,False
SKU-00585,Camisa Social Oversize Preto,Moda,Camisa Social,FORN-009,8,176.22,498.36,511,26,485,147,2025-03-09,Em Estoque,448,0.3003,85466.7,241704.6,2.83,False,False
SKU-00586,Meias Edição Limitada Bege,Acessórios,Meias,FORN-043,7,261.43,788.04,162,42,120,133,2023-06-01,Estoque Crítico,448,0.3047,31371.6,94564.8,3.01,True,False
SKU-00587,Batom Exclusivo Azul,Beleza,Batom,FORN-065,14,287.76,466.54,10,0,10,89,2023-12-14,Estoque Crítico,429,0.3103,2877.6,4665.4,1.62,True,False
SKU-00588,Blusa de Tricô Sustentável Rosa,Moda,Blusa de Tricô,FORN-026,49,162.78,427.67,243,56,187,94,2023-05-11,Em Estoque,448,0.3805,30439.86,79974.29,2.63,False,False
SKU-00589,Batom Urban Rosa,Beleza,Batom,FORN-097,5,107.02,296.72,175,15,160,62,2025-01-22,Em Estoque,407,0.3044,17123.2,47475.2,2.77,False,False
SKU-00590,Óleo Corporal Clássico Dourado,Beleza,Óleo Corporal,FORN-081,45,44.55,106.32,0,0,0,23,2025-03-07,Ruptura,357,0.2967,0.0,0.0,2.39,True,False
SKU-00591,Garrafa Térmica Moderno Prata,Lifestyle,Garrafa Térmica,FORN-011,11,295.5,620.06,369,25,344,72,2024-03-20,Em Estoque,448,0.1434,101652.0,213300.64,2.1,False,False
SKU-00592,Esfoliante Moderno Rosa,Beleza,Esfoliante,FORN-062,6,381.39,829.65,193,10,183,130,2024-07-17,Em Estoque,623,0.3804,69794.37,151825.95,2.18,False,False
SKU-00593,Kit Chá Premium Vermelho,Lifestyle,Kit Chá,FORN-055,47,308.37,948.07,304,68,236,49,2025-12-06,Em Estoque,448,0.2324,72775.32,223744.52,3.07,False,False
SKU-00594,Batom Exclusivo Nude,Beleza,Batom,FORN-062,6,146.63,402.32,100,4,96,58,2023-01-28,Em Estoque,563,0.2462,14076.48,38622.72,2.74,False,False
SKU-00595,Mochila Sport Verde,Acessórios,Mochila,FORN-050,60,136.97,435.57,36,6,30,19,2023-07-19,Em Estoque,448,0.3817,4109.1,13067.1,3.18,False,False
SKU-00596,Meias Oversize Prata,Acessórios,Meias,FORN-091,60,261.29,571.99,29,6,23,118,2025-04-08,Estoque Crítico,448,0.2394,6009.67,13155.77,2.19,True,False
SKU-00597,Brinco Urban Preto,Acessórios,Brinco,FORN-090,15,265.23,535.27,233,18,215,75,2023-10-19,Em Estoque,448,0.4209,57024.45,115083.05,2.02,False,False
SKU-00598,Calça Jeans Urban Vermelho,Moda,Calça Jeans,FORN-051,14,390.18,674.45,193,10,183,119,2024-12-10,Em Estoque,448,0.2671,71402.94,123424.35,1.73,False,False
SKU-00599,Chapéu Slim Vermelho,Acessórios,Chapéu,FORN-097,6,61.52,154.8,408,44,364,46,2024-12-07,Em Estoque,448,0.1996,22393.28,56347.2,2.52,False,False
SKU-00600,Vestido Luxo Dourado,Moda,Vestido,FORN-001,6,46.54,126.31,537,73,464,120,2023-03-12,Em Estoque,448,0.068,21594.56,58607.84,2.71,False,False
SKU-00601,Perfume Básico Dourado,Beleza,Perfume,FORN-073,51,90.54,153.41,93,25,68,59,2024-07-15,Em Estoque,350,0.0408,6156.72,10431.88,1.69,False,False
SKU-00602,Calça Jeans Slim Branco,Moda,Calça Jeans,FORN-044,5,242.55,573.54,688,2,686,25,2024-01-22,Em Estoque,448,0.4938,166389.3,393448.44,2.36,False,False
SKU-00603,Regata Delicado Preto,Moda,Regata,FORN-049,14,217.63,683.2,272,60,212,96,2025-07-11,Em Estoque,448,0.4452,46137.56,144838.4,3.14,False,False
SKU-00604,Pulseira Oversize Vermelho,Acessórios,Pulseira,FORN-049,14,41.75,90.58,169,6,163,10,2024-12-13,Em Estoque,448,0.4441,6805.25,14764.54,2.17,False,False
SKU-00605,Camisa Social Básico Prata,Moda,Camisa Social,FORN-036,8,160.0,414.3,674,131,543,115,2025-04-01,Em Estoque,448,0.4788,86880.0,224964.9,2.59,False,False
SKU-00606,Vela Aromática Urban Verde,Lifestyle,Vela Aromática,FORN-006,55,277.61,547.92,248,51,197,30,2024-07-16,Em Estoque,448,0.4287,54689.17,107940.24,1.97,False,False
SKU-00607,Meias Edição Limitada Rosa,Acessórios,Meias,FORN-078,8,290.54,869.23,448,129,319,18,2023-08-26,Em Estoque,448,0.4163,92682.26,277284.37,2.99,False,False
SKU-00608,Pochete Clássico Dourado,Acessórios,Pochete,FORN-015,60,271.8,539.64,108,10,98,32,2023-07-23,Descontinuado,448,0.4646,26636.4,52884.72,1.99,False,True
SKU-00609,Moletom Delicado Rosa,Moda,Moletom,FORN-029,53,273.05,852.57,539,136,403,135,2023-12-11,Em Estoque,448,0.466,110039.15,343585.71,3.12,False,False
SKU-00610,Espelho de Mesa Básico Verde,Lifestyle,Espelho de Mesa,FORN-049,11,268.49,766.84,494,111,383,69,2023-05-04,Em Estoque,448,0.0566,102831.67,293699.72,2.86,False,False
SKU-00611,Camisa Social Moderno Branco,Moda,Camisa Social,FORN-074,56,68.42,143.78,389,0,389,89,2023-10-18,Em Estoque,448,0.1947,26615.38,55930.42,2.1,False,False
SKU-00612,Condicionador Oversize Bege,Beleza,Condicionador,FORN-067,52,60.5,97.69,436,117,319,90,2023-05-27,Em Estoque,330,0.3011,19299.5,31163.11,1.61,False,False
SKU-00613,Top Luxo Preto,Moda,Top,FORN-077,55,137.38,437.49,126,36,90,132,2025-04-16,Estoque Crítico,448,0.1465,12364.2,39374.1,3.18,True,False
SKU-00614,Bolsa de Couro Delicado Verde,Acessórios,Bolsa de Couro,FORN-020,51,342.27,1059.36,115,3,112,55,2024-12-13,Em Estoque,448,0.4077,38334.24,118648.32,3.1,False,False
SKU-00615,Óculos de Sol Premium Prata,Acessórios,Óculos de Sol,FORN-051,10,180.53,425.59,178,48,130,110,2024-02-17,Em Estoque,448,0.1419,23468.9,55326.7,2.36,False,False
SKU-00616,Meias Luxo Prata,Acessórios,Meias,FORN-051,6,69.74,195.52,297,6,291,87,2024-11-06,Em Estoque,448,0.2215,20294.34,56896.32,2.8,False,False
SKU-00617,Máscara de Cílios Moderno Azul,Beleza,Máscara de Cílios,FORN-096,8,299.42,483.45,371,109,262,36,2025-03-13,Em Estoque,617,0.34,78448.04,126663.9,1.61,False,False
SKU-00618,Camiseta Básico Verde,Moda,Camiseta,FORN-061,50,379.12,677.77,527,151,376,121,2023-11-24,Em Estoque,448,0.018,142549.12,254841.52,1.79,False,False
SKU-00619,Saia Slim Nude,Moda,Saia,FORN-023,15,303.18,861.44,686,199,487,128,2025-07-09,Em Estoque,448,0.2231,147648.66,419521.28,2.84,False,False
SKU-00620,Calça Jeans Básico Branco,Moda,Calça Jeans,FORN-063,15,274.14,662.21,23,4,19,132,2024-12-24,Estoque Crítico,448,0.0482,5208.66,12581.99,2.42,True,False
SKU-00621,Batom Sustentável Vermelho,Beleza,Batom,FORN-039,14,67.59,143.32,365,101,264,147,2023-07-27,Em Estoque,583,0.2785,17843.76,37836.48,2.12,False,False
SKU-00622,Condicionador Exclusivo Dourado,Beleza,Condicionador,FORN-009,13,338.11,832.55,419,101,318,41,2023-11-04,Em Estoque,364,0.0037,107518.98,264750.9,2.46,False,False
SKU-00623,Óleo Corporal Básico Preto,Beleza,Óleo Corporal,FORN-017,51,268.0,466.46,131,2,129,31,2023-09-10,Em Estoque,613,0.4886,34572.0,60173.34,1.74,False,False
SKU-00624,Garrafa Térmica Slim Preto,Lifestyle,Garrafa Térmica,FORN-067,54,270.48,625.32,295,62,233,90,2025-06-20,Em Estoque,448,0.1057,63021.84,145699.56,2.31,False,False
SKU-00625,Camiseta Moderno Preto,Moda,Camiseta,FORN-025,7,133.89,392.59,137,13,124,101,2024-03-24,Em Estoque,448,0.0381,16602.36,48681.16,2.93,False,False
SKU-00626,Moletom Urban Bege,Moda,Moletom,FORN-052,59,51.64,103.63,435,36,399,147,2023-02-21,Em Estoque,448,0.4977,20604.36,41348.37,2.01,False,False
SKU-00627,Garrafa Térmica Sport Verde,Lifestyle,Garrafa Térmica,FORN-073,50,179.48,331.25,403,55,348,107,2023-10-08,Em Estoque,448,0.0632,62459.04,115275.0,1.85,False,False
SKU-00628,Regata Edição Limitada Branco,Moda,Regata,FORN-043,15,53.81,164.38,796,222,574,67,2024-01-04,Em Estoque,448,0.4844,30886.94,94354.12,3.05,False,False
SKU-00629,Base Líquida Delicado Branco,Beleza,Base Líquida,FORN-023,13,296.76,620.37,420,103,317,135,2023-09-12,Em Estoque,468,0.2762,94072.92,196657.29,2.09,False,False
SKU-00630,Sérum Facial Clássico Verde,Beleza,Sérum Facial,FORN-097,11,88.66,256.2,347,100,247,146,2025-10-28,Em Estoque,310,0.1303,21899.02,63281.4,2.89,False,False
SKU-00631,Porta-Retrato Urban Bege,Lifestyle,Porta-Retrato,FORN-019,11,235.67,477.89,470,94,376,73,2025-10-14,Em Estoque,448,0.0924,88611.92,179686.64,2.03,False,False
SKU-00632,Pochete Exclusivo Rosa,Acessórios,Pochete,FORN-036,11,217.83,598.93,472,58,414,88,2025-02-10,Em Estoque,448,0.1571,90181.62,247957.02,2.75,False,False
SKU-00633,Calça Jeans Básico Azul,Moda,Calça Jeans,FORN-012,7,238.62,414.09,292,63,229,12,2024-11-17,Em Estoque,448,0.0691,54643.98,94826.61,1.74,False,False
SKU-00634,Esfoliante Urban Prata,Beleza,Esfoliante,FORN-090,6,174.08,450.18,466,1,465,118,2025-09-24,Em Estoque,720,0.3424,80947.2,209333.7,2.59,False,False
SKU-00635,Saia Clássico Prata,Moda,Saia,FORN-029,50,48.55,142.89,526,13,513,118,2024-07-06,Em Estoque,448,0.0575,24906.15,73302.57,2.94,False,False
SKU-00636,Pulseira Luxo Prata,Acessórios,Pulseira,FORN-099,6,130.22,309.01,135,13,122,10,2025-11-19,Em Estoque,448,0.4616,15886.84,37699.22,2.37,False,False
SKU-00637,Cinto Exclusivo Preto,Acessórios,Cinto,FORN-060,14,342.37,579.29,3,1,2,94,2024-06-04,Estoque Crítico,448,0.0036,684.74,1158.58,1.69,True,False
SKU-00638,Óculos de Sol Edição Limitada Verde,Acessórios,Óculos de Sol,FORN-002,6,183.71,352.0,270,65,205,49,2024-02-16,Descontinuado,448,0.385,37660.55,72160.0,1.92,False,True
SKU-00639,Saia Edição Limitada Verde,Moda,Saia,FORN-039,10,182.77,345.71,849,168,681,122,2023-03-12,Em Estoque,448,0.0039,124466.37,235428.51,1.89,False,False
SKU-00640,Meias Moderno Branco,Acessórios,Meias,FORN-025,9,35.3,78.76,380,42,338,18,2023-11-07,Em Estoque,448,0.4799,11931.4,26620.88,2.23,False,False
SKU-00641,Carteira Edição Limitada Dourado,Acessórios,Carteira,FORN-071,12,323.93,888.51,166,48,118,112,2025-12-24,Em Estoque,448,0.195,38223.74,104844.18,2.74,False,False
SKU-00642,Calça Jeans Delicado Preto,Moda,Calça Jeans,FORN-017,49,150.77,244.52,1094,175,919,119,2025-12-01,Em Estoque,448,0.1454,138557.63,224713.88,1.62,False,False
SKU-00643,Condicionador Edição Limitada Azul,Beleza,Condicionador,FORN-080,7,297.11,564.2,143,7,136,77,2025-04-22,Em Estoque,383,0.2375,40406.96,76731.2,1.9,False,False
SKU-00644,Difusor Sport Prata,Lifestyle,Difusor,FORN-079,7,91.69,272.12,322,81,241,48,2023-02-05,Em Estoque,448,0.1377,22097.29,65580.92,2.97,False,False
SKU-00645,Vestido Edição Limitada Preto,Moda,Vestido,FORN-079,8,54.56,91.74,417,89,328,69,2023-06-14,Em Estoque,448,0.2554,17895.68,30090.72,1.68,False,False
SKU-00646,Creme Hidratante Básico Rosa,Beleza,Creme Hidratante,FORN-047,9,378.34,1036.1,126,20,106,22,2023-01-01,Em Estoque,509,0.1068,40104.04,109826.6,2.74,False,False
SKU-00647,Kit Skincare Básico Vermelho,Beleza,Kit Skincare,FORN-024,53,380.36,829.84,155,7,148,34,2025-01-22,Em Estoque,519,0.1809,56293.28,122816.32,2.18,False,False
SKU-00648,Espelho de Mesa Exclusivo Nude,Lifestyle,Espelho de Mesa,FORN-048,8,267.09,517.1,196,5,191,37,2023-11-24,Em Estoque,448,0.0215,51014.19,98766.1,1.94,False,False
SKU-00649,Cinto Luxo Azul,Acessórios,Cinto,FORN-025,12,371.69,639.24,279,79,200,97,2024-12-16,Em Estoque,448,0.1018,74338.0,127848.0,1.72,False,False
SKU-00650,Vela Aromática Clássico Azul,Lifestyle,Vela Aromática,FORN-054,53,358.8,1010.01,433,88,345,103,2024-11-23,Em Estoque,448,0.2186,123786.0,348453.45,2.81,False,False
SKU-00651,Perfume Exclusivo Preto,Beleza,Perfume,FORN-022,53,284.75,514.34,23,4,19,25,2025-04-24,Estoque Crítico,686,0.3427,5410.25,9772.46,1.81,True,False
SKU-00652,Carteira Clássico Dourado,Acessórios,Carteira,FORN-097,13,165.98,472.54,205,38,167,79,2023-03-01,Em Estoque,448,0.1097,27718.66,78914.18,2.85,False,False
SKU-00653,Planta Artificial Sustentável Prata,Lifestyle,Planta Artificial,FORN-091,53,135.3,264.18,362,34,328,40,2023-04-02,Em Estoque,448,0.1466,44378.4,86651.04,1.95,False,False
SKU-00654,Creme Hidratante Clássico Rosa,Beleza,Creme Hidratante,FORN-007,15,392.41,1249.14,107,7,100,10,2025-06-21,Em Estoque,557,0.163,39241.0,124914.0,3.18,False,False
SKU-00655,Lenço Slim Bege,Acessórios,Lenço,FORN-053,14,132.06,419.48,320,1,319,101,2023-12-09,Em Estoque,448,0.4858,42127.14,133814.12,3.18,False,False
SKU-00656,Condicionador Delicado Nude,Beleza,Condicionador,FORN-014,11,379.35,763.16,320,81,239,62,2024-04-11,Em Estoque,584,0.0787,90664.65,182395.24,2.01,False,False
SKU-00657,Legging Edição Limitada Verde,Moda,Legging,FORN-019,12,55.6,105.11,189,11,178,58,2025-08-24,Em Estoque,448,0.1417,9896.8,18709.58,1.89,False,False
SKU-00658,Vestido Luxo Vermelho,Moda,Vestido,FORN-088,14,91.38,167.19,1060,206,854,35,2025-09-05,Em Estoque,448,0.4042,78038.52,142780.26,1.83,False,False
SKU-00659,Batom Edição Limitada Preto,Beleza,Batom,FORN-015,45,310.11,815.95,22,1,21,73,2023-05-05,Estoque Crítico,193,0.3964,6512.31,17134.95,2.63,True,False
SKU-00660,Calça Jeans Exclusivo Verde,Moda,Calça Jeans,FORN-091,47,96.88,229.48,576,41,535,88,2024-08-05,Em Estoque,448,0.2722,51830.8,122771.8,2.37,False,False
SKU-00661,Regata Básico Preto,Moda,Regata,FORN-006,48,226.96,400.38,629,6,623,68,2024-07-05,Em Estoque,448,0.1441,141396.08,249436.74,1.76,False,False
SKU-00662,Cinto Edição Limitada Branco,Acessórios,Cinto,FORN-063,7,396.49,776.82,489,72,417,101,2023-10-11,Em Estoque,448,0.4617,165336.33,323933.94,1.96,False,False
SKU-00663,Bolsa de Couro Artesanal Bege,Acessórios,Bolsa de Couro,FORN-023,11,221.58,567.11,347,54,293,48,2025-11-10,Em Estoque,448,0.1442,64922.94,166163.23,2.56,False,False
SKU-00664,Colar Sustentável Verde,Acessórios,Colar,FORN-034,47,319.77,952.51,500,38,462,47,2024-03-13,Em Estoque,448,0.3986,147733.74,440059.62,2.98,False,False
SKU-00665,Carteira Básico Nude,Acessórios,Carteira,FORN-055,53,74.97,158.7,65,5,60,108,2024-06-16,Estoque Crítico,448,0.2125,4498.2,9522.0,2.12,True,False
SKU-00666,Luminária Artesanal Verde,Lifestyle,Luminária,FORN-018,52,165.61,410.54,275,68,207,136,2025-09-27,Em Estoque,448,0.0427,34281.27,84981.78,2.48,False,False
SKU-00667,Planta Artificial Artesanal Azul,Lifestyle,Planta Artificial,FORN-090,6,109.37,175.49,435,4,431,102,2025-08-05,Em Estoque,448,0.0307,47138.47,75636.19,1.6,False,False
SKU-00668,Vestido Slim Dourado,Moda,Vestido,FORN-019,13,389.29,1191.51,629,14,615,45,2023-12-23,Em Estoque,448,0.3668,239413.35,732778.65,3.06,False,False
SKU-00669,Luminária Oversize Preto,Lifestyle,Luminária,FORN-090,6,271.84,467.03,428,40,388,17,2023-06-05,Em Estoque,448,0.0395,105473.92,181207.64,1.72,False,False
SKU-00670,Batom Clássico Bege,Beleza,Batom,FORN-061,49,304.28,826.94,153,30,123,115,2025-06-15,Em Estoque,473,0.0565,37426.44,101713.62,2.72,False,False
SKU-00671,Top Premium Nude,Moda,Top,FORN-097,7,211.25,341.67,433,116,317,76,2025-09-10,Em Estoque,448,0.2124,66966.25,108309.39,1.62,False,False
SKU-00672,Calça Jeans Exclusivo Vermelho,Moda,Calça Jeans,FORN-017,51,172.15,290.86,1163,286,877,29,2025-08-16,Em Estoque,448,0.3213,150975.55,255084.22,1.69,False,False
SKU-00673,Porta-Retrato Premium Verde,Lifestyle,Porta-Retrato,FORN-083,11,94.0,166.7,39,5,34,95,2023-04-10,Estoque Crítico,448,0.0822,3196.0,5667.8,1.77,True,False
SKU-00674,Jaqueta Artesanal Preto,Moda,Jaqueta,FORN-097,9,91.34,175.63,487,145,342,21,2025-08-02,Descontinuado,448,0.0475,31238.28,60065.46,1.92,False,True
SKU-00675,Blusa de Tricô Delicado Rosa,Moda,Blusa de Tricô,FORN-051,13,94.06,263.65,743,33,710,34,2024-07-24,Em Estoque,448,0.2516,66782.6,187191.5,2.8,False,False
SKU-00676,Vela Aromática Artesanal Vermelho,Lifestyle,Vela Aromática,FORN-062,14,350.15,581.2,82,4,78,128,2023-11-03,Estoque Crítico,448,0.4765,27311.7,45333.6,1.66,True,False
SKU-00677,Jaqueta Delicado Bege,Moda,Jaqueta,FORN-099,7,397.5,955.03,746,133,613,97,2024-03-11,Em Estoque,448,0.3121,243667.5,585433.39,2.4,False,False
SKU-00678,Bolsa de Couro Sport Vermelho,Acessórios,Bolsa de Couro,FORN-031,8,398.86,1025.47,490,39,451,137,2023-01-05,Em Estoque,448,0.1555,179885.86,462486.97,2.57,False,False
SKU-00679,Carteira Sustentável Branco,Acessórios,Carteira,FORN-059,10,84.49,175.15,34,4,30,103,2024-02-03,Estoque Crítico,448,0.0904,2534.7,5254.5,2.07,True,False
SKU-00680,Almofada Sustentável Rosa,Lifestyle,Almofada,FORN-098,59,267.11,487.4,63,18,45,134,2023-06-28,Estoque Crítico,448,0.144,12019.95,21933.0,1.82,True,False
SKU-00681,Kit Skincare Urban Bege,Beleza,Kit Skincare,FORN-057,10,214.74,558.2,160,23,137,31,2025-07-17,Em Estoque,223,0.3107,29419.38,76473.4,2.6,False,False
SKU-00682,Sombra Delicado Azul,Beleza,Sombra,FORN-090,13,23.02,68.25,148,24,124,50,2025-07-28,Em Estoque,577,0.4372,2854.48,8463.0,2.96,False,False
SKU-00683,Caderno Sustentável Dourado,Lifestyle,Caderno,FORN-083,13,362.05,848.56,43,2,41,37,2024-07-07,Em Estoque,448,0.0332,14844.05,34790.96,2.34,False,False
SKU-00684,Camisa Social Sustentável Azul,Moda,Camisa Social,FORN-090,12,63.44,147.65,881,74,807,64,2024-10-02,Em Estoque,448,0.3873,51196.08,119153.55,2.33,False,False
SKU-00685,Blusa de Tricô Delicado Vermelho,Moda,Blusa de Tricô,FORN-061,51,40.55,121.2,776,69,707,74,2025-03-03,Em Estoque,448,0.1377,28668.85,85688.4,2.99,False,False
SKU-00686,Legging Sustentável Vermelho,Moda,Legging,FORN-068,8,274.46,553.07,838,87,751,86,2023-04-12,Em Estoque,448,0.2413,206119.46,415355.57,2.02,False,False
SKU-00687,Condicionador Clássico Vermelho,Beleza,Condicionador,FORN-046,57,332.75,831.03,457,50,407,29,2025-11-19,Em Estoque,504,0.0081,135429.25,338229.21,2.5,False,False
SKU-00688,Óculos de Sol Sustentável Verde,Acessórios,Óculos de Sol,FORN-015,58,119.87,330.32,230,16,214,125,2025-10-04,Descontinuado,448,0.3731,25652.18,70688.48,2.76,False,True
SKU-00689,Legging Exclusivo Bege,Moda,Legging,FORN-077,57,102.13,197.68,195,36,159,13,2024-06-01,Em Estoque,448,0.1542,16238.67,31431.12,1.94,False,False
SKU-00690,Difusor Sport Dourado,Lifestyle,Difusor,FORN-084,12,177.34,383.54,424,109,315,143,2024-02-06,Em Estoque,448,0.1872,55862.1,120815.1,2.16,False,False
SKU-00691,Máscara de Cílios Exclusivo Vermelho,Beleza,Máscara de Cílios,FORN-049,9,341.13,921.62,223,36,187,35,2023-02-03,Em Estoque,601,0.0527,63791.31,172342.94,2.7,False,False
SKU-00692,Espelho de Mesa Exclusivo Branco,Lifestyle,Espelho de Mesa,FORN-082,59,211.28,610.47,341,37,304,117,2023-04-25,Em Estoque,448,0.1912,64229.12,185582.88,2.89,False,False
SKU-00693,Saia Básico Verde,Moda,Saia,FORN-060,11,365.04,960.7,758,95,663,67,2025-05-09,Em Estoque,448,0.133,242021.52,636944.1,2.63,False,False
SKU-00694,Luminária Urban Azul,Lifestyle,Luminária,FORN-001,11,32.42,53.23,404,47,357,142,2025-10-11,Em Estoque,448,0.4796,11573.94,19003.11,1.64,False,False
SKU-00695,Pulseira Exclusivo Vermelho,Acessórios,Pulseira,FORN-025,14,264.89,774.98,410,119,291,119,2023-11-13,Em Estoque,448,0.0877,77082.99,225519.18,2.93,False,False
SKU-00696,Lenço Clássico Vermelho,Acessórios,Lenço,FORN-030,6,289.81,522.27,60,18,42,110,2025-05-27,Estoque Crítico,448,0.2769,12172.02,21935.34,1.8,True,False
SKU-00697,Pulseira Básico Branco,Acessórios,Pulseira,FORN-004,58,24.38,69.05,78,0,78,149,2023-10-13,Estoque Crítico,448,0.0136,1901.64,5385.9,2.83,True,False
SKU-00698,Kit Chá Urban Verde,Lifestyle,Kit Chá,FORN-024,52,267.96,523.81,99,17,82,72,2025-07-25,Em Estoque,448,0.0268,21972.72,42952.42,1.95,False,False
SKU-00699,Vestido Urban Preto,Moda,Vestido,FORN-082,48,62.15,191.64,689,67,622,56,2023-02-16,Em Estoque,448,0.4564,38657.3,119200.08,3.08,False,False
SKU-00700,Calça Jeans Sustentável Preto,Moda,Calça Jeans,FORN-053,6,204.88,532.91,215,48,167,90,2025-08-26,Em Estoque,448,0.1501,34214.96,88995.97,2.6,False,False
SKU-00701,Cinto Artesanal Nude,Acessórios,Cinto,FORN-005,48,390.85,1246.8,247,69,178,11,2023-09-24,Em Estoque,448,0.0617,69571.3,221930.4,3.19,False,False
SKU-00702,Perfume Premium Prata,Beleza,Perfume,FORN-066,7,102.2,223.19,460,55,405,17,2024-03-08,Em Estoque,309,0.1345,41391.0,90391.95,2.18,False,False
SKU-00703,Base Líquida Oversize Prata,Beleza,Base Líquida,FORN-084,9,197.48,571.59,223,65,158,112,2023-05-06,Em Estoque,467,0.481,31201.84,90311.22,2.89,False,False
SKU-00704,Camisa Social Slim Bege,Moda,Camisa Social,FORN-027,12,184.72,427.41,610,81,529,37,2025-07-14,Em Estoque,448,0.1771,97716.88,226099.89,2.31,False,False
SKU-00705,Carteira Sustentável Bege,Acessórios,Carteira,FORN-005,53,243.01,502.92,423,112,311,145,2024-07-01,Em Estoque,448,0.4047,75576.11,156408.12,2.07,False,False
SKU-00706,Máscara de Cílios Oversize Azul,Beleza,Máscara de Cílios,FORN-010,51,269.64,591.9,0,0,0,41,2023-06-23,Ruptura,516,0.1077,0.0,0.0,2.2,True,False
SKU-00707,Óleo Corporal Moderno Prata,Beleza,Óleo Corporal,FORN-009,11,127.77,247.81,111,6,105,81,2025-10-26,Em Estoque,256,0.2874,13415.85,26020.05,1.94,False,False
SKU-00708,Esfoliante Delicado Vermelho,Beleza,Esfoliante,FORN-041,10,95.3,160.05,252,63,189,21,2024-07-04,Em Estoque,355,0.3011,18011.7,30249.45,1.68,False,False
SKU-00709,Protetor Solar Artesanal Preto,Beleza,Protetor Solar,FORN-037,5,264.59,785.77,2,1,1,82,2023-07-02,Estoque Crítico,726,0.4591,264.59,785.77,2.97,True,False
SKU-00710,Top Premium Branco,Moda,Top,FORN-061,48,335.34,759.25,308,44,264,112,2023-09-25,Em Estoque,448,0.3065,88529.76,200442.0,2.26,False,False
SKU-00711,Sombra Sustentável Dourado,Beleza,Sombra,FORN-083,6,340.37,1055.26,52,0,52,67,2023-01-05,Estoque Crítico,287,0.4968,17699.24,54873.52,3.1,True,False
SKU-00712,Meias Edição Limitada Azul,Acessórios,Meias,FORN-022,47,92.64,281.96,188,52,136,147,2023-12-28,Estoque Crítico,448,0.0272,12599.04,38346.56,3.04,True,False
SKU-00713,Bolsa de Couro Básico Preto,Acessórios,Bolsa de Couro,FORN-039,6,120.22,324.68,405,103,302,107,2024-12-06,Em Estoque,448,0.2921,36306.44,98053.36,2.7,False,False
SKU-00714,Blusa de Tricô Luxo Bege,Moda,Blusa de Tricô,FORN-097,14,357.36,1124.02,423,85,338,41,2025-09-08,Em Estoque,448,0.331,120787.68,379918.76,3.15,False,False
SKU-00715,Brinco Delicado Dourado,Acessórios,Brinco,FORN-029,47,120.25,249.4,42,5,37,72,2025-11-24,Estoque Crítico,448,0.4281,4449.25,9227.8,2.07,True,False
SKU-00716,Difusor Sustentável Preto,Lifestyle,Difusor,FORN-028,5,274.79,645.49,197,12,185,134,2023-06-07,Em Estoque,448,0.381,50836.15,119415.65,2.35,False,False
SKU-00717,Óleo Corporal Delicado Rosa,Beleza,Óleo Corporal,FORN-091,59,269.01,795.33,54,4,50,66,2024-07-15,Estoque Crítico,705,0.1023,13450.5,39766.5,2.96,True,False
SKU-00718,Base Líquida Slim Vermelho,Beleza,Base Líquida,FORN-022,54,381.57,962.93,52,4,48,128,2023-12-04,Estoque Crítico,651,0.0943,18315.36,46220.64,2.52,True,False
SKU-00719,Top Exclusivo Dourado,Moda,Top,FORN-046,53,64.96,161.13,362,19,343,111,2025-07-17,Em Estoque,448,0.2212,22281.28,55267.59,2.48,False,False
SKU-00720,Sérum Facial Urban Vermelho,Beleza,Sérum Facial,FORN-094,58,93.69,178.3,90,19,71,80,2025-10-16,Estoque Crítico,291,0.3409,6651.99,12659.3,1.9,True,False
SKU-00721,Base Líquida Moderno Branco,Beleza,Base Líquida,FORN-007,5,238.59,472.89,272,12,260,80,2023-10-23,Em Estoque,581,0.197,62033.4,122951.4,1.98,False,False
SKU-00722,Legging Slim Dourado,Moda,Legging,FORN-027,7,318.58,686.93,294,36,258,10,2023-03-17,Em Estoque,448,0.3114,82193.64,177227.94,2.16,False,False
SKU-00723,Garrafa Térmica Clássico Verde,Lifestyle,Garrafa Térmica,FORN-088,6,83.33,177.61,233,18,215,13,2025-08-14,Em Estoque,448,0.0896,17915.95,38186.15,2.13,False,False
SKU-00724,Calça Jeans Clássico Preto,Moda,Calça Jeans,FORN-077,56,388.43,983.91,500,120,380,38,2023-01-19,Em Estoque,448,0.146,147603.4,373885.8,2.53,False,False
SKU-00725,Regata Clássico Bege,Moda,Regata,FORN-100,48,58.0,167.4,343,94,249,99,2025-05-22,Em Estoque,448,0.1828,14442.0,41682.6,2.89,False,False
SKU-00726,Blusa de Tricô Slim Verde,Moda,Blusa de Tricô,FORN-067,60,62.85,169.52,745,37,708,115,2023-11-05,Em Estoque,448,0.0164,44497.8,120020.16,2.7,False,False
SKU-00727,Sombra Edição Limitada Verde,Beleza,Sombra,FORN-027,6,93.66,292.94,327,13,314,80,2025-11-18,Em Estoque,640,0.4937,29409.24,91983.16,3.13,False,False
SKU-00728,Óculos de Sol Slim Verde,Acessórios,Óculos de Sol,FORN-043,11,243.88,759.06,141,19,122,58,2023-10-17,Em Estoque,448,0.4173,29753.36,92605.32,3.11,False,False
SKU-00729,Saia Artesanal Verde,Moda,Saia,FORN-037,6,388.4,931.49,1097,76,1021,143,2024-10-18,Em Estoque,448,0.1525,396556.4,951051.29,2.4,False,False
SKU-00730,Shorts Premium Dourado,Moda,Shorts,FORN-006,51,127.55,325.11,54,0,54,120,2024-11-27,Estoque Crítico,448,0.0013,6887.7,17555.94,2.55,True,False
SKU-00731,Blusa de Tricô Slim Prata,Moda,Blusa de Tricô,FORN-086,13,78.91,137.11,1150,100,1050,120,2025-02-10,Em Estoque,448,0.2371,82855.5,143965.5,1.74,False,False
SKU-00732,Condicionador Urban Vermelho,Beleza,Condicionador,FORN-055,57,387.42,680.71,133,19,114,89,2023-10-14,Em Estoque,322,0.342,44165.88,77600.94,1.76,False,False
SKU-00733,Vestido Edição Limitada Prata,Moda,Vestido,FORN-026,54,135.9,282.09,643,46,597,106,2024-02-05,Em Estoque,448,0.3474,81132.3,168407.73,2.08,False,False
SKU-00734,Esfoliante Sport Verde,Beleza,Esfoliante,FORN-060,10,182.51,414.81,210,59,151,17,2025-01-25,Em Estoque,323,0.308,27559.01,62636.31,2.27,False,False
SKU-00735,Jaqueta Artesanal Prata,Moda,Jaqueta,FORN-048,7,255.94,778.02,802,32,770,113,2025-01-15,Em Estoque,448,0.4376,197073.8,599075.4,3.04,False,False
SKU-00736,Sérum Facial Básico Preto,Beleza,Sérum Facial,FORN-035,15,60.68,154.79,420,37,383,133,2025-06-28,Em Estoque,703,0.3699,23240.44,59284.57,2.55,False,False
SKU-00737,Jaqueta Exclusivo Bege,Moda,Jaqueta,FORN-072,12,71.83,217.79,655,77,578,89,2025-01-26,Em Estoque,448,0.3442,41517.74,125882.62,3.03,False,False
SKU-00738,Camiseta Clássico Nude,Moda,Camiseta,FORN-016,48,113.94,201.19,25,7,18,110,2023-02-10,Estoque Crítico,448,0.2029,2050.92,3621.42,1.77,True,False
SKU-00739,Pulseira Luxo Prata,Acessórios,Pulseira,FORN-034,59,346.54,896.66,221,18,203,15,2023-03-27,Em Estoque,448,0.1211,70347.62,182021.98,2.59,False,False
SKU-00740,Sombra Exclusivo Azul,Beleza,Sombra,FORN-061,60,130.21,347.41,491,126,365,104,2025-05-13,Em Estoque,655,0.209,47526.65,126804.65,2.67,False,False
SKU-00741,Sérum Facial Slim Dourado,Beleza,Sérum Facial,FORN-016,57,24.19,50.42,330,83,247,123,2023-06-05,Em Estoque,463,0.0056,5974.93,12453.74,2.08,False,False
SKU-00742,Regata Luxo Prata,Moda,Regata,FORN-027,10,362.97,885.68,1071,77,994,100,2025-12-19,Em Estoque,448,0.3579,360792.18,880365.92,2.44,False,False
SKU-00743,Almofada Delicado Rosa,Lifestyle,Almofada,FORN-051,6,368.14,969.02,192,30,162,56,2025-12-17,Em Estoque,448,0.2632,59638.68,156981.24,2.63,False,False
SKU-00744,Blusa de Tricô Artesanal Nude,Moda,Blusa de Tricô,FORN-045,14,254.64,571.93,1150,81,1069,69,2023-11-04,Em Estoque,448,0.34,272210.16,611393.17,2.25,False,False
SKU-00745,Jaqueta Delicado Azul,Moda,Jaqueta,FORN-014,7,296.7,657.05,430,15,415,74,2023-01-28,Em Estoque,448,0.2213,123130.5,272675.75,2.21,False,False
SKU-00746,Esfoliante Luxo Preto,Beleza,Esfoliante,FORN-023,10,60.91,141.26,68,20,48,61,2023-05-16,Estoque Crítico,628,0.3397,2923.68,6780.48,2.32,True,False
SKU-00747,Legging Clássico Vermelho,Moda,Legging,FORN-068,8,52.69,86.35,434,35,399,11,2024-07-19,Em Estoque,448,0.0369,21023.31,34453.65,1.64,False,False
SKU-00748,Legging Sport Prata,Moda,Legging,FORN-064,8,336.31,845.01,485,91,394,45,2023-08-14,Em Estoque,448,0.4371,132506.14,332933.94,2.51,False,False
SKU-00749,Máscara de Cílios Delicado Prata,Beleza,Máscara de Cílios,FORN-039,6,64.81,127.61,307,69,238,94,2023-04-27,Em Estoque,437,0.1958,15424.78,30371.18,1.97,False,False
SKU-00750,Máscara de Cílios Slim Branco,Beleza,Máscara de Cílios,FORN-069,14,111.73,271.33,312,64,248,89,2024-10-02,Em Estoque,293,0.2918,27709.04,67289.84,2.43,False,False
SKU-00751,Colar Urban Preto,Acessórios,Colar,FORN-005,55,180.13,346.0,454,15,439,45,2023-09-27,Em Estoque,448,0.4622,79077.07,151894.0,1.92,False,False
SKU-00752,Vela Aromática Moderno Dourado,Lifestyle,Vela Aromática,FORN-010,46,151.42,259.42,213,10,203,132,2023-05-24,Descontinuado,448,0.0188,30738.26,52662.26,1.71,False,True
SKU-00753,Esfoliante Oversize Vermelho,Beleza,Esfoliante,FORN-062,9,316.99,951.71,116,1,115,24,2023-04-18,Em Estoque,568,0.3413,36453.85,109446.65,3.0,False,False
SKU-00754,Planta Artificial Sustentável Preto,Lifestyle,Planta Artificial,FORN-050,57,284.27,650.28,218,17,201,39,2024-02-20,Em Estoque,448,0.1845,57138.27,130706.28,2.29,False,False
SKU-00755,Moletom Premium Azul,Moda,Moletom,FORN-030,6,243.67,478.42,765,206,559,147,2025-01-26,Descontinuado,448,0.3602,136211.53,267436.78,1.96,False,True
SKU-00756,Difusor Premium Bege,Lifestyle,Difusor,FORN-057,7,127.39,267.85,308,83,225,72,2024-03-20,Em Estoque,448,0.3291,28662.75,60266.25,2.1,False,False
SKU-00757,Difusor Slim Prata,Lifestyle,Difusor,FORN-027,12,288.0,835.63,459,56,403,123,2025-05-12,Em Estoque,448,0.147,116064.0,336758.89,2.9,False,False
SKU-00758,Planta Artificial Slim Verde,Lifestyle,Planta Artificial,FORN-090,13,211.31,356.35,461,105,356,134,2024-02-07,Em Estoque,448,0.4209,75226.36,126860.6,1.69,False,False
SKU-00759,Creme Hidratante Sport Prata,Beleza,Creme Hidratante,FORN-027,6,161.51,469.38,72,1,71,70,2025-08-21,Em Estoque,296,0.0116,11467.21,33325.98,2.91,False,False
SKU-00760,Almofada Slim Nude,Lifestyle,Almofada,FORN-050,54,334.33,580.13,142,39,103,108,2024-01-28,Estoque Crítico,448,0.1919,34435.99,59753.39,1.74,True,False
SKU-00761,Protetor Solar Moderno Vermelho,Beleza,Protetor Solar,FORN-024,58,222.35,590.7,16,4,12,99,2023-10-25,Estoque Crítico,448,0.4053,2668.2,7088.4,2.66,True,False
SKU-00762,Condicionador Premium Verde,Beleza,Condicionador,FORN-093,14,184.95,422.44,373,94,279,24,2023-09-13,Em Estoque,474,0.4294,51601.05,117860.76,2.28,False,False
SKU-00763,Pochete Edição Limitada Nude,Acessórios,Pochete,FORN-093,14,312.22,629.49,491,97,394,129,2025-04-05,Em Estoque,448,0.1411,123014.68,248019.06,2.02,False,False
SKU-00764,Almofada Básico Azul,Lifestyle,Almofada,FORN-099,13,132.41,332.84,19,4,15,80,2024-05-22,Estoque Crítico,448,0.126,1986.15,4992.6,2.51,True,False
SKU-00765,Espelho de Mesa Premium Branco,Lifestyle,Espelho de Mesa,FORN-040,14,271.1,796.38,433,45,388,123,2024-01-15,Descontinuado,448,0.0195,105186.8,308995.44,2.94,False,True
SKU-00766,Esfoliante Luxo Prata,Beleza,Esfoliante,FORN-028,11,42.26,131.1,141,39,102,90,2023-08-06,Em Estoque,462,0.1305,4310.52,13372.2,3.1,False,False
SKU-00767,Protetor Solar Urban Bege,Beleza,Protetor Solar,FORN-019,14,269.27,531.07,335,4,331,57,2025-09-28,Em Estoque,504,0.0219,89128.37,175784.17,1.97,False,False
SKU-00768,Vela Aromática Sport Rosa,Lifestyle,Vela Aromática,FORN-033,45,277.79,825.59,180,34,146,21,2025-04-12,Em Estoque,448,0.254,40557.34,120536.14,2.97,False,False
SKU-00769,Calça Jeans Moderno Azul,Moda,Calça Jeans,FORN-042,56,335.07,901.21,73,9,64,46,2023-06-20,Em Estoque,448,0.1682,21444.48,57677.44,2.69,False,False
SKU-00770,Esfoliante Oversize Dourado,Beleza,Esfoliante,FORN-038,14,31.84,69.71,148,9,139,16,2023-10-07,Em Estoque,703,0.3582,4425.76,9689.69,2.19,False,False
SKU-00771,Espelho de Mesa Sport Verde,Lifestyle,Espelho de Mesa,FORN-028,11,335.68,554.6,371,19,352,107,2025-02-03,Em Estoque,448,0.4962,118159.36,195219.2,1.65,False,False
SKU-00772,Kit Skincare Urban Prata,Beleza,Kit Skincare,FORN-094,58,224.81,403.31,449,13,436,130,2025-09-17,Em Estoque,480,0.4556,98017.16,175843.16,1.79,False,False
SKU-00773,Blusa de Tricô Moderno Dourado,Moda,Blusa de Tricô,FORN-041,6,283.37,655.15,419,45,374,139,2023-06-21,Em Estoque,448,0.1159,105980.38,245026.1,2.31,False,False
SKU-00774,Garrafa Térmica Artesanal Bege,Lifestyle,Garrafa Térmica,FORN-069,8,315.05,709.55,299,85,214,45,2025-05-26,Em Estoque,448,0.1576,67420.7,151843.7,2.25,False,False
SKU-00775,Moletom Exclusivo Bege,Moda,Moletom,FORN-074,60,260.4,738.55,184,0,184,52,2023-07-09,Em Estoque,448,0.356,47913.6,135893.2,2.84,False,False
SKU-00776,Base Líquida Clássico Preto,Beleza,Base Líquida,FORN-056,5,282.22,898.56,67,16,51,145,2024-07-12,Estoque Crítico,310,0.2018,14393.22,45826.56,3.18,True,False
SKU-00777,Sombra Slim Branco,Beleza,Sombra,FORN-044,10,244.76,633.1,369,5,364,28,2025-06-15,Em Estoque,640,0.3706,89092.64,230448.4,2.59,False,False
SKU-00778,Condicionador Sustentável Bege,Beleza,Condicionador,FORN-094,50,295.01,750.3,419,119,300,140,2023-03-01,Em Estoque,644,0.1903,88503.0,225090.0,2.54,False,False
SKU-00779,Perfume Sport Nude,Beleza,Perfume,FORN-036,6,108.26,258.66,24,6,18,83,2024-07-11,Estoque Crítico,362,0.4768,1948.68,4655.88,2.39,True,False
SKU-00780,Legging Sport Azul,Moda,Legging,FORN-056,13,125.74,378.14,691,42,649,40,2024-05-16,Em Estoque,448,0.4428,81605.26,245412.86,3.01,False,False
SKU-00781,Shorts Artesanal Branco,Moda,Shorts,FORN-030,15,125.88,220.74,565,43,522,17,2025-01-18,Em Estoque,448,0.0984,65709.36,115226.28,1.75,False,False
SKU-00782,Sérum Facial Oversize Azul,Beleza,Sérum Facial,FORN-037,14,182.07,420.89,64,14,50,85,2023-12-23,Estoque Crítico,302,0.2228,9103.5,21044.5,2.31,True,False
SKU-00783,Creme Hidratante Básico Bege,Beleza,Creme Hidratante,FORN-036,15,64.26,139.18,40,11,29,66,2025-02-11,Estoque Crítico,340,0.254,1863.54,4036.22,2.17,True,False
SKU-00784,Top Sport Prata,Moda,Top,FORN-087,6,288.59,607.11,39,11,28,143,2024-04-27,Estoque Crítico,448,0.2795,8080.52,16999.08,2.1,True,False
SKU-00785,Relógio de Parede Premium Preto,Lifestyle,Relógio de Parede,FORN-032,7,242.81,727.31,112,12,100,77,2024-03-16,Em Estoque,448,0.367,24281.0,72731.0,3.0,False,False
SKU-00786,Jaqueta Urban Branco,Moda,Jaqueta,FORN-067,51,21.22,36.24,571,45,526,19,2024-12-09,Em Estoque,448,0.3159,11161.72,19062.24,1.71,False,False
SKU-00787,Blusa de Tricô Sustentável Prata,Moda,Blusa de Tricô,FORN-085,50,353.6,1041.39,299,62,237,110,2025-06-18,Em Estoque,448,0.0492,83803.2,246809.43,2.95,False,False
SKU-00788,Shorts Edição Limitada Dourado,Moda,Shorts,FORN-042,52,271.72,485.1,475,29,446,98,2025-07-23,Em Estoque,448,0.4412,121187.12,216354.6,1.79,False,False
SKU-00789,Kit Chá Artesanal Vermelho,Lifestyle,Kit Chá,FORN-088,8,31.01,62.91,110,26,84,25,2025-06-09,Em Estoque,448,0.2062,2604.84,5284.44,2.03,False,False
SKU-00790,Luminária Edição Limitada Rosa,Lifestyle,Luminária,FORN-007,9,204.49,398.82,325,5,320,88,2024-07-08,Em Estoque,448,0.0841,65436.8,127622.4,1.95,False,False
SKU-00791,Top Básico Nude,Moda,Top,FORN-079,10,69.1,170.24,788,23,765,95,2024-09-03,Em Estoque,448,0.2598,52861.5,130233.6,2.46,False,False
SKU-00792,Protetor Solar Clássico Prata,Beleza,Protetor Solar,FORN-051,8,130.27,242.07,191,21,170,115,2023-09-24,Em Estoque,193,0.019,22145.9,41151.9,1.86,False,False
SKU-00793,Regata Básico Prata,Moda,Regata,FORN-051,12,36.07,74.05,1190,352,838,73,2023-05-24,Em Estoque,448,0.3922,30226.66,62053.9,2.05,False,False
SKU-00794,Porta-Retrato Luxo Rosa,Lifestyle,Porta-Retrato,FORN-011,6,48.08,132.48,390,93,297,116,2023-01-24,Em Estoque,448,0.3028,14279.76,39346.56,2.76,False,False
SKU-00795,Legging Artesanal Vermelho,Moda,Legging,FORN-025,14,346.54,989.59,435,5,430,87,2024-08-07,Em Estoque,448,0.4847,149012.2,425523.7,2.86,False,False
SKU-00796,Batom Slim Vermelho,Beleza,Batom,FORN-012,8,387.42,967.62,247,36,211,146,2025-04-13,Descontinuado,688,0.3641,81745.62,204167.82,2.5,False,True
SKU-00797,Lenço Sport Branco,Acessórios,Lenço,FORN-058,52,239.59,392.89,394,29,365,124,2024-08-19,Em Estoque,448,0.156,87450.35,143404.85,1.64,False,False
SKU-00798,Top Básico Branco,Moda,Top,FORN-072,7,98.92,307.38,544,103,441,131,2025-12-27,Em Estoque,448,0.117,43623.72,135554.58,3.11,False,False
SKU-00799,Almofada Edição Limitada Rosa,Lifestyle,Almofada,FORN-095,10,337.04,558.95,352,72,280,114,2023-05-23,Em Estoque,448,0.2816,94371.2,156506.0,1.66,False,False
SKU-00800,Blush Oversize Azul,Beleza,Blush,FORN-042,59,289.37,701.17,439,20,419,36,2024-12-03,Em Estoque,345,0.2604,121246.03,293790.23,2.42,False,False
SKU-00801,Jaqueta Sustentável Branco,Moda,Jaqueta,FORN-005,58,208.17,541.63,537,140,397,117,2024-01-10,Em Estoque,448,0.4979,82643.49,215027.11,2.6,False,False
SKU-00802,Relógio de Parede Slim Prata,Lifestyle,Relógio de Parede,FORN-042,56,234.25,437.0,148,33,115,62,2025-12-12,Em Estoque,448,0.1264,26938.75,50255.0,1.87,False,False
SKU-00803,Óleo Corporal Sport Bege,Beleza,Óleo Corporal,FORN-022,60,23.73,53.77,76,15,61,27,2023-05-23,Em Estoque,730,0.2298,1447.53,3279.97,2.27,False,False
SKU-00804,Camisa Social Sustentável Nude,Moda,Camisa Social,FORN-021,47,153.17,382.11,231,1,230,59,2024-05-27,Em Estoque,448,0.2137,35229.1,87885.3,2.49,False,False
SKU-00805,Caderno Artesanal Vermelho,Lifestyle,Caderno,FORN-033,51,49.44,91.16,374,27,347,81,2023-05-19,Em Estoque,448,0.3986,17155.68,31632.52,1.84,False,False
SKU-00806,Condicionador Edição Limitada Verde,Beleza,Condicionador,FORN-074,53,387.33,1076.63,315,85,230,131,2023-03-01,Em Estoque,273,0.4648,89085.9,247624.9,2.78,False,False
SKU-00807,Máscara de Cílios Clássico Dourado,Beleza,Máscara de Cílios,FORN-001,10,49.56,156.2,70,16,54,122,2024-11-16,Estoque Crítico,514,0.152,2676.24,8434.8,3.15,True,False
SKU-00808,Garrafa Térmica Exclusivo Vermelho,Lifestyle,Garrafa Térmica,FORN-049,11,288.37,625.18,429,81,348,145,2023-10-27,Em Estoque,448,0.0839,100352.76,217562.64,2.17,False,False
SKU-00809,Creme Hidratante Sport Bege,Beleza,Creme Hidratante,FORN-056,13,187.83,509.42,128,7,121,121,2025-06-06,Estoque Crítico,205,0.4332,22727.43,61639.82,2.71,False,False
SKU-00810,Cinto Oversize Vermelho,Acessórios,Cinto,FORN-028,14,232.72,743.92,480,48,432,107,2024-03-24,Em Estoque,448,0.0987,100535.04,321373.44,3.2,False,False
SKU-00811,Protetor Solar Premium Nude,Beleza,Protetor Solar,FORN-040,10,55.76,122.12,129,32,97,13,2025-05-02,Em Estoque,670,0.1997,5408.72,11845.64,2.19,False,False
SKU-00812,Meias Slim Rosa,Acessórios,Meias,FORN-081,46,389.03,1134.93,441,120,321,126,2024-03-16,Em Estoque,448,0.3241,124878.63,364312.53,2.92,False,False
SKU-00813,Base Líquida Premium Verde,Beleza,Base Líquida,FORN-004,49,288.14,542.58,435,33,402,31,2024-02-02,Em Estoque,501,0.0496,115832.28,218117.16,1.88,False,False
SKU-00814,Protetor Solar Urban Nude,Beleza,Protetor Solar,FORN-095,5,146.41,391.67,460,81,379,53,2025-12-12,Em Estoque,592,0.2088,55489.39,148442.93,2.68,False,False
SKU-00815,Vela Aromática Básico Azul,Lifestyle,Vela Aromática,FORN-098,49,297.0,515.1,227,5,222,80,2025-04-23,Em Estoque,448,0.0873,65934.0,114352.2,1.73,False,False
SKU-00816,Vela Aromática Slim Rosa,Lifestyle,Vela Aromática,FORN-072,10,64.73,151.86,428,22,406,128,2023-02-03,Em Estoque,448,0.0441,26280.38,61655.16,2.35,False,False
SKU-00817,Top Premium Bege,Moda,Top,FORN-002,8,262.42,613.16,741,78,663,58,2025-12-05,Em Estoque,448,0.1903,173984.46,406525.08,2.34,False,False
SKU-00818,Shorts Clássico Nude,Moda,Shorts,FORN-041,11,105.86,201.26,702,66,636,122,2024-02-16,Em Estoque,448,0.1824,67326.96,128001.36,1.9,False,False
SKU-00819,Planta Artificial Sustentável Bege,Lifestyle,Planta Artificial,FORN-005,57,79.17,198.71,359,55,304,98,2025-11-26,Em Estoque,448,0.1717,24067.68,60407.84,2.51,False,False
SKU-00820,Lenço Luxo Rosa,Acessórios,Lenço,FORN-012,13,313.9,631.93,239,33,206,18,2023-09-22,Em Estoque,448,0.2381,64663.4,130177.58,2.01,False,False
SKU-00821,Óleo Corporal Oversize Nude,Beleza,Óleo Corporal,FORN-049,15,243.59,402.94,359,13,346,101,2023-03-14,Em Estoque,524,0.3243,84282.14,139417.24,1.65,False,False
SKU-00822,Blusa de Tricô Slim Bege,Moda,Blusa de Tricô,FORN-060,13,90.74,148.34,631,147,484,121,2025-07-16,Em Estoque,448,0.127,43918.16,71796.56,1.63,False,False
SKU-00823,Óleo Corporal Sustentável Vermelho,Beleza,Óleo Corporal,FORN-039,5,388.89,1168.18,390,115,275,139,2023-07-14,Em Estoque,590,0.2969,106944.75,321249.5,3.0,False,False
SKU-00824,Vestido Slim Nude,Moda,Vestido,FORN-090,13,95.42,301.13,1079,170,909,23,2023-05-26,Em Estoque,448,0.4009,86736.78,273727.17,3.16,False,False
SKU-00825,Máscara de Cílios Sustentável Preto,Beleza,Máscara de Cílios,FORN-085,49,96.15,180.31,0,0,0,57,2023-04-14,Ruptura,430,0.0779,0.0,0.0,1.88,True,False
SKU-00826,Condicionador Oversize Preto,Beleza,Condicionador,FORN-062,7,150.99,355.32,351,50,301,64,2024-11-13,Em Estoque,428,0.3818,45447.99,106951.32,2.35,False,False
SKU-00827,Vestido Oversize Bege,Moda,Vestido,FORN-052,55,361.25,1051.84,747,152,595,110,2025-02-12,Em Estoque,448,0.3705,214943.75,625844.8,2.91,False,False
SKU-00828,Protetor Solar Artesanal Bege,Beleza,Protetor Solar,FORN-099,8,160.27,343.58,421,0,421,111,2023-11-08,Em Estoque,372,0.0231,67473.67,144647.18,2.14,False,False
SKU-00829,Calça Jeans Oversize Vermelho,Moda,Calça Jeans,FORN-084,7,181.77,373.71,396,61,335,18,2024-07-06,Em Estoque,448,0.3415,60892.95,125192.85,2.06,False,False
SKU-00830,Kit Chá Delicado Branco,Lifestyle,Kit Chá,FORN-045,15,298.41,790.6,207,51,156,13,2023-06-05,Em Estoque,448,0.1926,46551.96,123333.6,2.65,False,False
SKU-00831,Blush Urban Vermelho,Beleza,Blush,FORN-055,46,135.12,272.11,324,14,310,125,2025-06-25,Em Estoque,727,0.4859,41887.2,84354.1,2.01,False,False
SKU-00832,Vestido Edição Limitada Prata,Moda,Vestido,FORN-098,57,350.72,606.05,7,2,5,76,2023-09-27,Estoque Crítico,448,0.3076,1753.6,3030.25,1.73,True,False
SKU-00833,Mochila Premium Dourado,Acessórios,Mochila,FORN-037,5,66.19,157.76,187,3,184,104,2024-07-11,Em Estoque,448,0.3837,12178.96,29027.84,2.38,False,False
SKU-00834,Shorts Clássico Rosa,Moda,Shorts,FORN-046,58,26.66,56.5,514,91,423,19,2025-12-13,Em Estoque,448,0.0429,11277.18,23899.5,2.12,False,False
SKU-00835,Legging Clássico Dourado,Moda,Legging,FORN-056,9,151.25,352.84,1150,268,882,127,2023-02-11,Em Estoque,448,0.0742,133402.5,311204.88,2.33,False,False
SKU-00836,Cinto Delicado Branco,Acessórios,Cinto,FORN-049,13,392.5,677.46,474,77,397,118,2024-01-06,Em Estoque,448,0.1292,155822.5,268951.62,1.73,False,False
SKU-00837,Difusor Luxo Vermelho,Lifestyle,Difusor,FORN-015,51,236.94,756.28,315,65,250,148,2023-12-26,Descontinuado,448,0.2871,59235.0,189070.0,3.19,False,True
SKU-00838,Moletom Slim Bege,Moda,Moletom,FORN-036,13,275.15,706.42,185,17,168,11,2024-04-01,Em Estoque,448,0.3289,46225.2,118678.56,2.57,False,False
SKU-00839,Saia Artesanal Verde,Moda,Saia,FORN-013,8,105.43,288.29,694,186,508,127,2025-07-21,Em Estoque,448,0.2712,53558.44,146451.32,2.73,False,False
SKU-00840,Perfume Premium Verde,Beleza,Perfume,FORN-044,10,151.62,350.4,236,63,173,63,2025-12-06,Em Estoque,441,0.2021,26230.26,60619.2,2.31,False,False
SKU-00841,Espelho de Mesa Básico Dourado,Lifestyle,Espelho de Mesa,FORN-072,10,51.57,144.23,271,47,224,87,2024-06-15,Em Estoque,448,0.0158,11551.68,32307.52,2.8,False,False
SKU-00842,Máscara de Cílios Artesanal Verde,Beleza,Máscara de Cílios,FORN-073,58,177.85,502.23,0,0,0,135,2023-07-18,Ruptura,306,0.0494,0.0,0.0,2.82,True,False
SKU-00843,Calça Jeans Artesanal Rosa,Moda,Calça Jeans,FORN-023,7,311.41,988.73,410,45,365,65,2024-10-09,Em Estoque,448,0.1822,113664.65,360886.45,3.18,False,False
SKU-00844,Top Urban Verde,Moda,Top,FORN-065,13,222.35,435.84,413,59,354,83,2024-03-28,Em Estoque,448,0.1449,78711.9,154287.36,1.96,False,False
SKU-00845,Óleo Corporal Delicado Dourado,Beleza,Óleo Corporal,FORN-084,7,279.67,491.47,297,83,214,117,2024-07-07,Em Estoque,409,0.0701,59849.38,105174.58,1.76,False,False
SKU-00846,Base Líquida Artesanal Nude,Beleza,Base Líquida,FORN-094,58,379.29,804.11,0,0,0,130,2025-02-12,Ruptura,578,0.2765,0.0,0.0,2.12,True,False
SKU-00847,Óculos de Sol Sustentável Verde,Acessórios,Óculos de Sol,FORN-093,8,86.58,268.35,471,51,420,92,2023-05-03,Em Estoque,448,0.1043,36363.6,112707.0,3.1,False,False
SKU-00848,Protetor Solar Urban Nude,Beleza,Protetor Solar,FORN-057,8,322.77,1018.82,256,14,242,94,2023-04-15,Em Estoque,251,0.0044,78110.34,246554.44,3.16,False,False
SKU-00849,Top Edição Limitada Prata,Moda,Top,FORN-061,57,46.74,105.98,266,68,198,40,2025-10-21,Em Estoque,448,0.3577,9254.52,20984.04,2.27,False,False
SKU-00850,Sombra Premium Rosa,Beleza,Sombra,FORN-051,5,158.08,434.18,261,56,205,119,2023-02-05,Em Estoque,294,0.3613,32406.4,89006.9,2.75,False,False
SKU-00851,Esfoliante Oversize Bege,Beleza,Esfoliante,FORN-032,12,99.83,175.24,328,88,240,28,2024-12-16,Em Estoque,446,0.1719,23959.2,42057.6,1.76,False,False
SKU-00852,Caderno Delicado Dourado,Lifestyle,Caderno,FORN-090,9,235.93,601.88,389,17,372,47,2025-05-01,Em Estoque,448,0.1861,87765.96,223899.36,2.55,False,False
SKU-00853,Creme Hidratante Slim Bege,Beleza,Creme Hidratante,FORN-073,54,200.61,462.16,150,9,141,42,2023-10-10,Em Estoque,413,0.015,28286.01,65164.56,2.3,False,False
SKU-00854,Shorts Clássico Nude,Moda,Shorts,FORN-002,9,158.38,382.29,529,158,371,53,2024-11-05,Em Estoque,448,0.251,58758.98,141829.59,2.41,False,False
SKU-00855,Batom Luxo Dourado,Beleza,Batom,FORN-083,7,350.9,832.08,247,48,199,13,2025-02-11,Em Estoque,391,0.1129,69829.1,165583.92,2.37,False,False
SKU-00856,Legging Delicado Branco,Moda,Legging,FORN-084,8,155.47,363.01,653,191,462,144,2023-12-07,Em Estoque,448,0.0174,71827.14,167710.62,2.33,False,False
SKU-00857,Óleo Corporal Exclusivo Branco,Beleza,Óleo Corporal,FORN-035,13,385.43,1138.78,275,10,265,24,2024-10-17,Em Estoque,442,0.3988,102138.95,301776.7,2.95,False,False
SKU-00858,Top Luxo Azul,Moda,Top,FORN-030,12,87.42,276.86,272,11,261,58,2025-02-05,Em Estoque,448,0.0314,22816.62,72260.46,3.17,False,False
SKU-00859,Camisa Social Delicado Nude,Moda,Camisa Social,FORN-062,12,57.34,172.63,52,2,50,60,2024-02-15,Estoque Crítico,448,0.0426,2867.0,8631.5,3.01,True,False
SKU-00860,Regata Artesanal Azul,Moda,Regata,FORN-077,60,133.99,216.44,440,28,412,123,2025-04-19,Em Estoque,448,0.3076,55203.88,89173.28,1.62,False,False
SKU-00861,Sérum Facial Slim Vermelho,Beleza,Sérum Facial,FORN-077,53,207.19,390.03,259,61,198,141,2024-11-10,Em Estoque,529,0.1384,41023.62,77225.94,1.88,False,False
SKU-00862,Creme Hidratante Urban Dourado,Beleza,Creme Hidratante,FORN-015,50,205.28,433.29,0,0,0,130,2024-03-06,Ruptura,622,0.3368,0.0,0.0,2.11,True,False
SKU-00863,Saia Oversize Prata,Moda,Saia,FORN-024,51,315.94,891.13,218,39,179,91,2025-08-04,Em Estoque,448,0.4638,56553.26,159512.27,2.82,False,False
SKU-00864,Top Clássico Verde,Moda,Top,FORN-021,51,311.23,889.28,161,10,151,93,2025-08-21,Em Estoque,448,0.209,46995.73,134281.28,2.86,False,False
SKU-00865,Garrafa Térmica Slim Dourado,Lifestyle,Garrafa Térmica,FORN-039,10,75.09,160.24,181,53,128,90,2024-05-14,Em Estoque,448,0.3816,9611.52,20510.72,2.13,False,False
SKU-00866,Moletom Premium Vermelho,Moda,Moletom,FORN-046,49,390.49,1104.02,19,1,18,63,2025-12-09,Estoque Crítico,448,0.1481,7028.82,19872.36,2.83,True,False
SKU-00867,Óleo Corporal Edição Limitada Vermelho,Beleza,Óleo Corporal,FORN-042,51,323.04,836.06,225,35,190,37,2023-04-06,Em Estoque,661,0.4761,61377.6,158851.4,2.59,False,False
SKU-00868,Cinto Edição Limitada Dourado,Acessórios,Cinto,FORN-032,9,395.03,1002.5,30,1,29,24,2025-06-09,Em Estoque,448,0.2196,11455.87,29072.5,2.54,False,False
SKU-00869,Saia Clássico Branco,Moda,Saia,FORN-042,58,333.24,999.16,603,51,552,32,2024-04-11,Em Estoque,448,0.3816,183948.48,551536.32,3.0,False,False
SKU-00870,Regata Luxo Rosa,Moda,Regata,FORN-089,5,73.38,207.8,716,80,636,102,2024-12-07,Em Estoque,448,0.2347,46669.68,132160.8,2.83,False,False
SKU-00871,Óleo Corporal Moderno Rosa,Beleza,Óleo Corporal,FORN-033,45,73.3,192.6,218,50,168,134,2023-09-02,Em Estoque,196,0.2833,12314.4,32356.8,2.63,False,False
SKU-00872,Lenço Luxo Verde,Acessórios,Lenço,FORN-069,12,127.41,271.89,34,1,33,33,2025-02-18,Estoque Crítico,448,0.08,4204.53,8972.37,2.13,False,False
SKU-00873,Base Líquida Artesanal Dourado,Beleza,Base Líquida,FORN-079,15,397.32,1113.71,392,87,305,120,2024-08-15,Em Estoque,335,0.3256,121182.6,339681.55,2.8,False,False
SKU-00874,Top Artesanal Verde,Moda,Top,FORN-059,13,316.82,881.75,442,102,340,85,2023-10-27,Em Estoque,448,0.0053,107718.8,299795.0,2.78,False,False
SKU-00875,Vestido Slim Azul,Moda,Vestido,FORN-075,55,222.3,588.16,205,36,169,100,2025-10-05,Em Estoque,448,0.075,37568.7,99399.04,2.65,False,False
SKU-00876,Calça Jeans Premium Prata,Moda,Calça Jeans,FORN-078,5,316.2,779.16,70,10,60,68,2025-04-07,Estoque Crítico,448,0.1522,18972.0,46749.6,2.46,True,False
SKU-00877,Creme Hidratante Moderno Azul,Beleza,Creme Hidratante,FORN-099,10,30.37,91.24,483,112,371,41,2024-01-15,Em Estoque,393,0.1908,11267.27,33850.04,3.0,False,False
SKU-00878,Batom Moderno Azul,Beleza,Batom,FORN-099,11,244.28,439.57,496,44,452,139,2025-12-17,Em Estoque,394,0.0611,110414.56,198685.64,1.8,False,False
SKU-00879,Kit Skincare Oversize Verde,Beleza,Kit Skincare,FORN-054,51,99.92,174.39,259,46,213,132,2024-09-04,Descontinuado,569,0.4019,21282.96,37145.07,1.75,False,True
SKU-00880,Base Líquida Oversize Verde,Beleza,Base Líquida,FORN-040,6,184.98,546.89,153,14,139,31,2025-11-26,Em Estoque,662,0.0089,25712.22,76017.71,2.96,False,False
SKU-00881,Meias Urban Verde,Acessórios,Meias,FORN-006,49,342.02,644.29,4,0,4,142,2023-03-23,Estoque Crítico,448,0.2354,1368.08,2577.16,1.88,True,False
SKU-00882,Camisa Social Delicado Azul,Moda,Camisa Social,FORN-095,15,131.37,340.0,161,11,150,142,2023-12-26,Em Estoque,448,0.0916,19705.5,51000.0,2.59,False,False
SKU-00883,Carteira Delicado Bege,Acessórios,Carteira,FORN-004,60,97.55,219.08,191,53,138,77,2025-06-01,Em Estoque,448,0.1665,13461.9,30233.04,2.25,False,False
SKU-00884,Bolsa de Couro Sport Bege,Acessórios,Bolsa de Couro,FORN-053,5,225.0,634.5,369,67,302,53,2023-02-01,Em Estoque,448,0.1121,67950.0,191619.0,2.82,False,False
SKU-00885,Base Líquida Básico Dourado,Beleza,Base Líquida,FORN-060,11,345.33,849.08,68,19,49,10,2024-08-16,Em Estoque,443,0.065,16921.17,41604.92,2.46,False,False
SKU-00886,Caderno Artesanal Branco,Lifestyle,Caderno,FORN-062,12,304.51,902.31,100,4,96,66,2025-03-26,Em Estoque,448,0.1136,29232.96,86621.76,2.96,False,False
SKU-00887,Calça Jeans Sport Vermelho,Moda,Calça Jeans,FORN-037,14,59.99,117.7,189,19,170,94,2025-08-22,Em Estoque,448,0.2589,10198.3,20009.0,1.96,False,False
SKU-00888,Colar Delicado Bege,Acessórios,Colar,FORN-042,58,162.41,297.59,377,108,269,18,2025-07-21,Descontinuado,448,0.0998,43688.29,80051.71,1.83,False,True
SKU-00889,Vestido Urban Preto,Moda,Vestido,FORN-031,7,170.77,276.43,492,88,404,58,2025-10-13,Em Estoque,448,0.1082,68991.08,111677.72,1.62,False,False
SKU-00890,Perfume Sustentável Branco,Beleza,Perfume,FORN-096,9,269.07,652.01,172,21,151,57,2024-06-26,Em Estoque,647,0.332,40629.57,98453.51,2.42,False,False
SKU-00891,Caderno Delicado Prata,Lifestyle,Caderno,FORN-034,47,317.14,723.85,13,1,12,34,2023-08-27,Estoque Crítico,448,0.0565,3805.68,8686.2,2.28,True,False
SKU-00892,Creme Hidratante Clássico Verde,Beleza,Creme Hidratante,FORN-040,12,185.74,589.71,42,8,34,56,2024-09-07,Estoque Crítico,325,0.4202,6315.16,20050.14,3.17,True,False
SKU-00893,Camiseta Moderno Verde,Moda,Camiseta,FORN-068,14,316.38,791.14,543,136,407,102,2025-04-23,Em Estoque,448,0.2659,128766.66,321993.98,2.5,False,False
SKU-00894,Base Líquida Urban Bege,Beleza,Base Líquida,FORN-082,52,340.43,953.81,77,17,60,118,2023-05-02,Estoque Crítico,590,0.149,20425.8,57228.6,2.8,True,False
SKU-00895,Mochila Sustentável Dourado,Acessórios,Mochila,FORN-042,49,294.19,611.91,38,4,34,89,2023-12-20,Estoque Crítico,448,0.2974,10002.46,20804.94,2.08,True,False
SKU-00896,Moletom Clássico Bege,Moda,Moletom,FORN-062,7,310.55,897.86,248,20,228,117,2024-10-07,Em Estoque,448,0.1759,70805.4,204712.08,2.89,False,False
SKU-00897,Shorts Clássico Vermelho,Moda,Shorts,FORN-016,49,98.22,179.53,282,1,281,40,2025-05-17,Em Estoque,448,0.3146,27599.82,50447.93,1.83,False,False
SKU-00898,Esfoliante Sustentável Rosa,Beleza,Esfoliante,FORN-016,59,78.4,235.86,386,92,294,97,2024-01-13,Em Estoque,657,0.2135,23049.6,69342.84,3.01,False,False
SKU-00899,Legging Sport Dourado,Moda,Legging,FORN-098,54,105.36,185.95,749,153,596,102,2023-11-16,Em Estoque,448,0.4817,62794.56,110826.2,1.76,False,False
SKU-00900,Esfoliante Básico Rosa,Beleza,Esfoliante,FORN-093,9,363.8,954.77,168,26,142,74,2024-02-01,Em Estoque,677,0.1221,51659.6,135577.34,2.62,False,False
SKU-00901,Kit Skincare Edição Limitada Rosa,Beleza,Kit Skincare,FORN-014,12,233.05,685.13,192,38,154,142,2025-07-02,Em Estoque,280,0.2882,35889.7,105510.02,2.94,False,False
SKU-00902,Jaqueta Oversize Nude,Moda,Jaqueta,FORN-087,14,180.3,402.07,1062,225,837,127,2025-09-02,Em Estoque,448,0.4068,150911.1,336532.59,2.23,False,False
SKU-00903,Condicionador Edição Limitada Preto,Beleza,Condicionador,FORN-028,14,88.68,231.35,168,6,162,84,2024-01-24,Em Estoque,439,0.1799,14366.16,37478.7,2.61,False,False
SKU-00904,Caderno Moderno Rosa,Lifestyle,Caderno,FORN-058,46,143.31,389.6,325,33,292,51,2023-09-25,Em Estoque,448,0.3245,41846.52,113763.2,2.72,False,False
SKU-00905,Caderno Delicado Bege,Lifestyle,Caderno,FORN-064,6,146.83,379.74,378,103,275,68,2024-05-04,Em Estoque,448,0.0461,40378.25,104428.5,2.59,False,False
SKU-00906,Kit Skincare Sustentável Bege,Beleza,Kit Skincare,FORN-097,11,96.82,287.51,248,44,204,96,2024-06-25,Em Estoque,352,0.1621,19751.28,58652.04,2.97,False,False
SKU-00907,Camisa Social Slim Prata,Moda,Camisa Social,FORN-090,15,232.98,654.87,1033,38,995,60,2023-02-23,Em Estoque,448,0.4386,231815.1,651595.65,2.81,False,False
SKU-00908,Creme Hidratante Clássico Verde,Beleza,Creme Hidratante,FORN-069,10,170.77,524.95,53,9,44,31,2024-04-15,Em Estoque,431,0.2744,7513.88,23097.8,3.07,False,False
SKU-00909,Almofada Premium Dourado,Lifestyle,Almofada,FORN-029,52,113.23,222.08,331,27,304,47,2023-05-08,Em Estoque,448,0.4289,34421.92,67512.32,1.96,False,False
SKU-00910,Blush Edição Limitada Prata,Beleza,Blush,FORN-071,14,93.05,176.58,265,74,191,112,2025-10-13,Em Estoque,552,0.4019,17772.55,33726.78,1.9,False,False
SKU-00911,Blusa de Tricô Oversize Azul,Moda,Blusa de Tricô,FORN-041,13,155.69,487.77,137,15,122,147,2025-03-04,Estoque Crítico,448,0.4905,18994.18,59507.94,3.13,True,False
SKU-00912,Planta Artificial Sport Dourado,Lifestyle,Planta Artificial,FORN-069,10,59.83,174.83,116,22,94,67,2024-05-19,Em Estoque,448,0.2307,5624.02,16434.02,2.92,False,False
SKU-00913,Kit Skincare Edição Limitada Branco,Beleza,Kit Skincare,FORN-022,45,232.78,580.64,29,5,24,132,2025-03-03,Estoque Crítico,246,0.4774,5586.72,13935.36,2.49,True,False
SKU-00914,Shorts Sport Preto,Moda,Shorts,FORN-092,60,183.72,518.64,136,13,123,125,2024-09-23,Estoque Crítico,448,0.3377,22597.56,63792.72,2.82,True,False
SKU-00915,Camisa Social Delicado Prata,Moda,Camisa Social,FORN-053,7,311.19,985.94,600,1,599,23,2025-06-19,Em Estoque,448,0.4887,186402.81,590578.06,3.17,False,False
SKU-00916,Perfume Edição Limitada Bege,Beleza,Perfume,FORN-094,51,114.54,293.5,388,22,366,56,2023-11-16,Em Estoque,276,0.4731,41921.64,107421.0,2.56,False,False
SKU-00917,Esfoliante Edição Limitada Vermelho,Beleza,Esfoliante,FORN-049,12,72.63,156.1,49,4,45,100,2023-12-14,Estoque Crítico,438,0.2503,3268.35,7024.5,2.15,True,False
SKU-00918,Moletom Moderno Azul,Moda,Moletom,FORN-045,15,260.54,558.48,663,5,658,25,2025-01-22,Em Estoque,448,0.0851,171435.32,367479.84,2.14,False,False
SKU-00919,Lenço Premium Preto,Acessórios,Lenço,FORN-042,57,136.38,392.78,290,72,218,105,2023-03-07,Em Estoque,448,0.2496,29730.84,85626.04,2.88,False,False
SKU-00920,Óleo Corporal Básico Bege,Beleza,Óleo Corporal,FORN-077,56,238.11,720.59,361,108,253,55,2025-03-27,Descontinuado,219,0.4677,60241.83,182309.27,3.03,False,True
SKU-00921,Carteira Delicado Rosa,Acessórios,Carteira,FORN-038,6,152.64,288.29,265,21,244,35,2024-04-20,Em Estoque,448,0.307,37244.16,70342.76,1.89,False,False
SKU-00922,Saia Urban Prata,Moda,Saia,FORN-050,59,378.72,1011.16,67,11,56,46,2023-08-07,Em Estoque,448,0.0218,21208.32,56624.96,2.67,False,False
SKU-00923,Saia Delicado Nude,Moda,Saia,FORN-013,13,54.56,144.46,539,136,403,143,2024-09-21,Em Estoque,448,0.1608,21987.68,58217.38,2.65,False,False
SKU-00924,Protetor Solar Slim Vermelho,Beleza,Protetor Solar,FORN-052,58,163.29,389.4,251,13,238,92,2025-08-20,Em Estoque,474,0.3857,38863.02,92677.2,2.38,False,False
SKU-00925,Planta Artificial Luxo Preto,Lifestyle,Planta Artificial,FORN-025,6,136.71,347.24,460,138,322,54,2025-06-24,Descontinuado,448,0.015,44020.62,111811.28,2.54,False,True
SKU-00926,Mochila Moderno Verde,Acessórios,Mochila,FORN-069,5,333.02,897.38,222,65,157,144,2023-09-12,Em Estoque,448,0.0233,52284.14,140888.66,2.69,False,False
SKU-00927,Saia Clássico Azul,Moda,Saia,FORN-092,55,47.73,91.92,211,1,210,21,2024-04-23,Em Estoque,448,0.1459,10023.3,19303.2,1.93,False,False
SKU-00928,Cinto Luxo Verde,Acessórios,Cinto,FORN-023,11,334.1,733.3,428,102,326,21,2023-03-20,Em Estoque,448,0.3346,108916.6,239055.8,2.19,False,False
SKU-00929,Mochila Urban Nude,Acessórios,Mochila,FORN-091,54,97.85,294.13,377,34,343,114,2025-01-14,Em Estoque,448,0.1892,33562.55,100886.59,3.01,False,False
SKU-00930,Garrafa Térmica Luxo Dourado,Lifestyle,Garrafa Térmica,FORN-033,45,258.08,576.23,356,98,258,124,2023-11-23,Em Estoque,448,0.3192,66584.64,148667.34,2.23,False,False
SKU-00931,Saia Básico Bege,Moda,Saia,FORN-069,10,83.6,232.75,697,177,520,111,2024-09-10,Em Estoque,448,0.2855,43472.0,121030.0,2.78,False,False
SKU-00932,Calça Jeans Edição Limitada Azul,Moda,Calça Jeans,FORN-012,13,341.65,656.4,530,120,410,132,2023-02-08,Descontinuado,448,0.1946,140076.5,269124.0,1.92,False,True
SKU-00933,Legging Delicado Branco,Moda,Legging,FORN-031,11,253.82,584.03,146,2,144,138,2023-04-24,Em Estoque,448,0.2848,36550.08,84100.32,2.3,False,False
SKU-00934,Brinco Luxo Rosa,Acessórios,Brinco,FORN-023,10,195.57,595.02,28,6,22,107,2023-05-17,Estoque Crítico,448,0.0328,4302.54,13090.44,3.04,True,False
SKU-00935,Jaqueta Oversize Dourado,Moda,Jaqueta,FORN-004,59,46.37,92.43,541,41,500,46,2025-06-02,Em Estoque,448,0.0335,23185.0,46215.0,1.99,False,False
SKU-00936,Sérum Facial Artesanal Bege,Beleza,Sérum Facial,FORN-093,10,160.74,294.09,53,7,46,11,2024-01-19,Em Estoque,576,0.3846,7394.04,13528.14,1.83,False,False
SKU-00937,Jaqueta Delicado Preto,Moda,Jaqueta,FORN-073,47,27.52,80.31,487,98,389,82,2025-10-13,Em Estoque,448,0.3743,10705.28,31240.59,2.92,False,False
SKU-00938,Espelho de Mesa Slim Verde,Lifestyle,Espelho de Mesa,FORN-082,59,202.07,613.83,232,68,164,102,2023-03-10,Em Estoque,448,0.088,33139.48,100668.12,3.04,False,False
SKU-00939,Colar Clássico Verde,Acessórios,Colar,FORN-095,5,184.06,382.8,21,3,18,115,2025-09-28,Estoque Crítico,448,0.1143,3313.08,6890.4,2.08,True,False
SKU-00940,Esfoliante Oversize Azul,Beleza,Esfoliante,FORN-052,58,355.78,831.43,231,56,175,109,2024-06-11,Em Estoque,722,0.1038,62261.5,145500.25,2.34,False,False
SKU-00941,Jaqueta Artesanal Azul,Moda,Jaqueta,FORN-094,56,362.13,897.04,782,95,687,88,2023-07-05,Em Estoque,448,0.2719,248783.31,616266.48,2.48,False,False
SKU-00942,Condicionador Luxo Nude,Beleza,Condicionador,FORN-053,5,95.78,205.0,455,40,415,108,2025-07-06,Em Estoque,204,0.3473,39748.7,85075.0,2.14,False,False
SKU-00943,Esfoliante Clássico Rosa,Beleza,Esfoliante,FORN-096,15,234.08,432.9,205,36,169,60,2023-07-11,Em Estoque,313,0.3815,39559.52,73160.1,1.85,False,False
SKU-00944,Kit Skincare Delicado Nude,Beleza,Kit Skincare,FORN-068,15,352.85,946.31,402,8,394,31,2023-01-28,Em Estoque,519,0.4264,139022.9,372846.14,2.68,False,False
SKU-00945,Blusa de Tricô Moderno Bege,Moda,Blusa de Tricô,FORN-028,9,339.46,740.26,323,57,266,131,2024-12-06,Em Estoque,448,0.0516,90296.36,196909.16,2.18,False,False
SKU-00946,Máscara de Cílios Clássico Vermelho,Beleza,Máscara de Cílios,FORN-016,58,80.15,199.07,240,35,205,73,2023-11-05,Em Estoque,220,0.0687,16430.75,40809.35,2.48,False,False
SKU-00947,Batom Sustentável Bege,Beleza,Batom,FORN-099,5,242.75,772.05,185,28,157,56,2024-01-16,Em Estoque,532,0.4429,38111.75,121211.85,3.18,False,False
SKU-00948,Brinco Básico Bege,Acessórios,Brinco,FORN-018,54,277.4,850.74,56,6,50,92,2024-12-26,Estoque Crítico,448,0.4744,13870.0,42537.0,3.07,True,False
SKU-00949,Camisa Social Delicado Dourado,Moda,Camisa Social,FORN-003,14,358.6,813.44,173,16,157,59,2025-05-17,Em Estoque,448,0.0127,56300.2,127710.08,2.27,False,False
SKU-00950,Vestido Premium Azul,Moda,Vestido,FORN-090,9,119.98,383.2,1167,336,831,127,2025-02-11,Em Estoque,448,0.0662,99703.38,318439.2,3.19,False,False
SKU-00951,Chapéu Premium Nude,Acessórios,Chapéu,FORN-003,9,164.66,501.76,194,24,170,19,2025-11-09,Em Estoque,448,0.1685,27992.2,85299.2,3.05,False,False
SKU-00952,Luminária Edição Limitada Verde,Lifestyle,Luminária,FORN-017,56,293.26,728.4,250,36,214,78,2023-08-22,Em Estoque,448,0.3334,62757.64,155877.6,2.48,False,False
SKU-00953,Regata Básico Preto,Moda,Regata,FORN-017,48,112.33,211.56,642,22,620,29,2023-12-01,Em Estoque,448,0.1712,69644.6,131167.2,1.88,False,False
SKU-00954,Carteira Clássico Nude,Acessórios,Carteira,FORN-081,59,259.78,553.19,340,13,327,41,2023-12-05,Em Estoque,448,0.3733,84948.06,180893.13,2.13,False,False
SKU-00955,Calça Jeans Sport Branco,Moda,Calça Jeans,FORN-001,11,320.81,632.93,51,12,39,92,2025-09-07,Estoque Crítico,448,0.2385,12511.59,24684.27,1.97,True,False
SKU-00956,Saia Artesanal Bege,Moda,Saia,FORN-061,54,297.99,758.95,62,16,46,11,2023-03-07,Em Estoque,448,0.4392,13707.54,34911.7,2.55,False,False
SKU-00957,Protetor Solar Sport Branco,Beleza,Protetor Solar,FORN-090,6,91.52,270.7,387,29,358,51,2024-11-27,Em Estoque,602,0.2538,32764.16,96910.6,2.96,False,False
SKU-00958,Moletom Slim Verde,Moda,Moletom,FORN-095,8,221.61,586.77,699,193,506,51,2023-01-03,Em Estoque,448,0.4514,112134.66,296905.62,2.65,False,False
SKU-00959,Moletom Básico Dourado,Moda,Moletom,FORN-002,15,53.53,136.02,370,77,293,26,2025-05-24,Em Estoque,448,0.2259,15684.29,39853.86,2.54,False,False
SKU-00960,Kit Chá Oversize Dourado,Lifestyle,Kit Chá,FORN-039,12,139.12,444.98,97,7,90,53,2023-12-12,Em Estoque,448,0.4401,12520.8,40048.2,3.2,False,False
SKU-00961,Moletom Sustentável Dourado,Moda,Moletom,FORN-058,49,73.99,207.24,429,35,394,91,2024-11-05,Em Estoque,448,0.008,29152.06,81652.56,2.8,False,False
SKU-00962,Relógio de Parede Clássico Bege,Lifestyle,Relógio de Parede,FORN-076,50,102.46,166.62,241,19,222,79,2024-04-01,Em Estoque,448,0.08,22746.12,36989.64,1.63,False,False
SKU-00963,Planta Artificial Slim Azul,Lifestyle,Planta Artificial,FORN-025,12,250.59,601.07,222,20,202,134,2025-01-12,Em Estoque,448,0.0344,50619.18,121416.14,2.4,False,False
SKU-00964,Saia Artesanal Rosa,Moda,Saia,FORN-019,8,217.13,519.11,221,1,220,88,2025-03-11,Em Estoque,448,0.3423,47768.6,114204.2,2.39,False,False
SKU-00965,Base Líquida Artesanal Bege,Beleza,Base Líquida,FORN-068,9,149.62,328.77,352,16,336,104,2025-08-03,Descontinuado,558,0.2091,50272.32,110466.72,2.2,False,True
SKU-00966,Blusa de Tricô Sport Azul,Moda,Blusa de Tricô,FORN-041,15,367.98,1161.36,287,73,214,94,2025-04-05,Em Estoque,448,0.391,78747.72,248531.04,3.16,False,False
SKU-00967,Protetor Solar Sport Nude,Beleza,Protetor Solar,FORN-079,8,329.06,657.65,288,60,228,14,2024-09-04,Em Estoque,331,0.3122,75025.68,149944.2,2.0,False,False
SKU-00968,Saia Sustentável Nude,Moda,Saia,FORN-094,53,45.43,101.01,197,17,180,46,2024-01-16,Em Estoque,448,0.3169,8177.4,18181.8,2.22,False,False
SKU-00969,Camisa Social Sustentável Prata,Moda,Camisa Social,FORN-019,9,383.53,911.08,321,68,253,61,2025-04-20,Em Estoque,448,0.1485,97033.09,230503.24,2.38,False,False
SKU-00970,Jaqueta Exclusivo Prata,Moda,Jaqueta,FORN-037,8,320.47,729.64,11,1,10,46,2024-01-01,Estoque Crítico,448,0.3262,3204.7,7296.4,2.28,True,False
SKU-00971,Difusor Oversize Dourado,Lifestyle,Difusor,FORN-100,49,189.74,419.56,80,19,61,123,2024-02-09,Estoque Crítico,448,0.2285,11574.14,25593.16,2.21,True,False
SKU-00972,Camisa Social Sustentável Rosa,Moda,Camisa Social,FORN-021,49,142.67,232.14,53,15,38,104,2023-06-27,Estoque Crítico,448,0.3605,5421.46,8821.32,1.63,True,False
SKU-00973,Esfoliante Edição Limitada Verde,Beleza,Esfoliante,FORN-051,7,144.11,423.35,17,5,12,82,2024-10-25,Estoque Crítico,220,0.4417,1729.32,5080.2,2.94,True,False
SKU-00974,Legging Sport Bege,Moda,Legging,FORN-064,6,372.24,678.91,104,15,89,33,2024-06-11,Em Estoque,448,0.1724,33129.36,60422.99,1.82,False,False
SKU-00975,Moletom Exclusivo Preto,Moda,Moletom,FORN-068,11,263.89,589.42,158,5,153,63,2024-03-04,Em Estoque,448,0.4345,40375.17,90181.26,2.23,False,False
SKU-00976,Camiseta Urban Prata,Moda,Camiseta,FORN-004,46,264.3,717.75,624,59,565,49,2023-09-11,Em Estoque,448,0.3782,149329.5,405528.75,2.72,False,False
SKU-00977,Vela Aromática Exclusivo Rosa,Lifestyle,Vela Aromática,FORN-064,5,274.46,745.27,281,8,273,20,2023-10-02,Em Estoque,448,0.2918,74927.58,203458.71,2.72,False,False
SKU-00978,Legging Básico Nude,Moda,Legging,FORN-048,13,361.46,673.29,407,117,290,82,2024-09-12,Em Estoque,448,0.0808,104823.4,195254.1,1.86,False,False
SKU-00979,Camisa Social Slim Verde,Moda,Camisa Social,FORN-026,55,361.21,804.85,666,7,659,124,2025-11-22,Em Estoque,448,0.2034,238037.39,530396.15,2.23,False,False
SKU-00980,Camiseta Edição Limitada Branco,Moda,Camiseta,FORN-096,8,96.05,241.31,765,176,589,64,2025-05-12,Em Estoque,448,0.3243,56573.45,142131.59,2.51,False,False
SKU-00981,Shorts Moderno Prata,Moda,Shorts,FORN-004,54,24.7,72.31,1137,198,939,93,2024-07-20,Em Estoque,448,0.4605,23193.3,67899.09,2.93,False,False
SKU-00982,Kit Skincare Slim Azul,Beleza,Kit Skincare,FORN-010,48,356.08,1055.52,317,6,311,12,2024-01-10,Em Estoque,343,0.0495,110740.88,328266.72,2.96,False,False
SKU-00983,Esfoliante Moderno Vermelho,Beleza,Esfoliante,FORN-095,10,48.92,110.95,11,2,9,18,2023-05-05,Estoque Crítico,449,0.229,440.28,998.55,2.27,True,False
SKU-00984,Pulseira Básico Preto,Acessórios,Pulseira,FORN-061,50,25.45,44.23,120,29,91,79,2024-01-23,Em Estoque,448,0.0326,2315.95,4024.93,1.74,False,False
SKU-00985,Garrafa Térmica Básico Vermelho,Lifestyle,Garrafa Térmica,FORN-087,11,31.36,75.13,425,119,306,115,2023-01-19,Em Estoque,448,0.3286,9596.16,22989.78,2.4,False,False
SKU-00986,Colar Sport Rosa,Acessórios,Colar,FORN-093,12,97.03,196.74,343,34,309,58,2023-12-15,Em Estoque,448,0.4979,29982.27,60792.66,2.03,False,False
SKU-00987,Camisa Social Luxo Vermelho,Moda,Camisa Social,FORN-072,12,320.95,880.98,772,22,750,104,2024-08-18,Em Estoque,448,0.3296,240712.5,660735.0,2.74,False,False
SKU-00988,Perfume Exclusivo Bege,Beleza,Perfume,FORN-042,56,174.66,441.6,190,29,161,98,2024-03-27,Em Estoque,597,0.1808,28120.26,71097.6,2.53,False,False
SKU-00989,Kit Skincare Slim Bege,Beleza,Kit Skincare,FORN-043,10,265.28,615.78,276,21,255,20,2024-09-28,Em Estoque,328,0.2998,67646.4,157023.9,2.32,False,False
SKU-00990,Sombra Clássico Nude,Beleza,Sombra,FORN-018,51,333.38,744.82,421,53,368,38,2025-09-02,Em Estoque,440,0.4673,122683.84,274093.76,2.23,False,False
SKU-00991,Porta-Retrato Sport Azul,Lifestyle,Porta-Retrato,FORN-088,10,205.89,436.65,428,95,333,150,2024-09-22,Em Estoque,448,0.1103,68561.37,145404.45,2.12,False,False
SKU-00992,Batom Sport Branco,Beleza,Batom,FORN-029,59,79.17,214.58,0,0,0,10,2025-02-16,Ruptura,253,0.3478,0.0,0.0,2.71,True,False
SKU-00993,Moletom Slim Azul,Moda,Moletom,FORN-070,48,381.59,727.16,523,53,470,57,2025-02-03,Em Estoque,448,0.4756,179347.3,341765.2,1.91,False,False
SKU-00994,Óleo Corporal Urban Vermelho,Beleza,Óleo Corporal,FORN-002,14,134.08,297.71,106,19,87,119,2025-10-16,Estoque Crítico,222,0.3399,11664.96,25900.77,2.22,True,False
SKU-00995,Pochete Oversize Verde,Acessórios,Pochete,FORN-004,53,286.24,852.39,196,48,148,147,2023-07-23,Em Estoque,448,0.4404,42363.52,126153.72,2.98,False,False
SKU-00996,Cinto Sustentável Preto,Acessórios,Cinto,FORN-049,5,385.85,1085.97,44,7,37,74,2025-02-03,Estoque Crítico,448,0.1234,14276.45,40180.89,2.81,True,False
SKU-00997,Relógio de Parede Básico Dourado,Lifestyle,Relógio de Parede,FORN-049,10,111.72,354.64,17,2,15,89,2025-12-28,Estoque Crítico,448,0.2261,1675.8,5319.6,3.17,True,False
SKU-00998,Base Líquida Premium Bege,Beleza,Base Líquida,FORN-076,45,375.5,867.81,257,23,234,128,2024-12-19,Em Estoque,229,0.1273,87867.0,203067.54,2.31,False,False
SKU-00999,Regata Sustentável Bege,Moda,Regata,FORN-058,54,344.35,572.9,615,28,587,49,2023-04-16,Em Estoque,448,0.0038,202133.45,336292.3,1.66,False,False
SKU-01000,Relógio de Parede Clássico Vermelho,Lifestyle,Relógio de Parede,FORN-006,54,89.42,191.73,349,74,275,136,2023-12-15,Em Estoque,448,0.4741,24590.5,52725.75,2.14,False,False
SKU-01001,Vestido Clássico Bege,Moda,Vestido,FORN-095,14,233.85,538.08,375,55,320,15,2025-09-23,Em Estoque,448,0.2722,74832.0,172185.6,2.3,False,False
SKU-01002,Sérum Facial Slim Vermelho,Beleza,Sérum Facial,FORN-072,11,45.44,79.05,449,91,358,131,2024-09-08,Em Estoque,320,0.0614,16267.52,28299.9,1.74,False,False
SKU-01003,Camisa Social Clássico Azul,Moda,Camisa Social,FORN-058,56,231.8,548.12,823,29,794,20,2023-04-05,Em Estoque,448,0.3736,184049.2,435207.28,2.36,False,False
SKU-01004,Óleo Corporal Premium Prata,Beleza,Óleo Corporal,FORN-002,6,219.33,444.24,271,1,270,87,2023-06-08,Em Estoque,398,0.0951,59219.1,119944.8,2.03,False,False
SKU-01005,Blush Moderno Branco,Beleza,Blush,FORN-023,11,230.15,599.14,439,18,421,47,2025-03-28,Em Estoque,249,0.2394,96893.15,252237.94,2.6,False,False
SKU-01006,Carteira Artesanal Bege,Acessórios,Carteira,FORN-032,15,306.3,901.63,185,14,171,77,2024-01-25,Em Estoque,448,0.4355,52377.3,154178.73,2.94,False,False
SKU-01007,Vela Aromática Moderno Verde,Lifestyle,Vela Aromática,FORN-051,12,250.45,748.12,383,16,367,132,2025-09-14,Em Estoque,448,0.378,91915.15,274560.04,2.99,False,False
SKU-01008,Camisa Social Exclusivo Rosa,Moda,Camisa Social,FORN-064,6,184.44,304.23,67,4,63,20,2024-05-13,Em Estoque,448,0.3254,11619.72,19166.49,1.65,False,False
SKU-01009,Brinco Slim Prata,Acessórios,Brinco,FORN-078,10,369.34,1096.43,240,65,175,134,2024-12-19,Em Estoque,448,0.4618,64634.5,191875.25,2.97,False,False
SKU-01010,Esfoliante Delicado Nude,Beleza,Esfoliante,FORN-018,60,148.09,400.77,0,0,0,146,2025-10-21,Ruptura,454,0.4671,0.0,0.0,2.71,True,False
SKU-01011,Chapéu Exclusivo Azul,Acessórios,Chapéu,FORN-041,10,364.74,913.9,178,19,159,59,2024-09-22,Em Estoque,448,0.1327,57993.66,145310.1,2.51,False,False
SKU-01012,Esfoliante Moderno Nude,Beleza,Esfoliante,FORN-018,54,92.19,248.69,364,69,295,92,2023-08-19,Em Estoque,478,0.3197,27196.05,73363.55,2.7,False,False
SKU-01013,Top Luxo Verde,Moda,Top,FORN-024,60,162.5,361.82,734,145,589,127,2025-06-05,Em Estoque,448,0.037,95712.5,213111.98,2.23,False,False
SKU-01014,Moletom Luxo Prata,Moda,Moletom,FORN-051,5,45.29,131.3,260,58,202,150,2025-05-17,Em Estoque,448,0.1004,9148.58,26522.6,2.9,False,False
SKU-01015,Moletom Urban Dourado,Moda,Moletom,FORN-077,48,201.02,446.07,525,92,433,23,2023-02-09,Em Estoque,448,0.2681,87041.66,193148.31,2.22,False,False
SKU-01016,Calça Jeans Sport Vermelho,Moda,Calça Jeans,FORN-027,5,358.7,899.08,1039,141,898,82,2024-04-08,Em Estoque,448,0.3022,322112.6,807373.84,2.51,False,False
SKU-01017,Planta Artificial Oversize Azul,Lifestyle,Planta Artificial,FORN-020,45,230.41,485.42,112,10,102,108,2023-09-20,Estoque Crítico,448,0.0097,23501.82,49512.84,2.11,True,False
SKU-01018,Camisa Social Sport Nude,Moda,Camisa Social,FORN-035,12,67.33,134.25,870,84,786,54,2023-05-04,Descontinuado,448,0.3359,52921.38,105520.5,1.99,False,True
SKU-01019,Kit Skincare Luxo Vermelho,Beleza,Kit Skincare,FORN-058,51,108.23,319.89,209,45,164,123,2024-03-24,Em Estoque,569,0.0125,17749.72,52461.96,2.96,False,False
SKU-01020,Garrafa Térmica Urban Dourado,Lifestyle,Garrafa Térmica,FORN-056,13,150.07,245.09,259,49,210,123,2025-04-12,Em Estoque,448,0.0396,31514.7,51468.9,1.63,False,False
SKU-01021,Relógio de Parede Edição Limitada Bege,Lifestyle,Relógio de Parede,FORN-052,51,102.81,222.61,140,15,125,84,2023-07-20,Em Estoque,448,0.4804,12851.25,27826.25,2.17,False,False
SKU-01022,Espelho de Mesa Moderno Branco,Lifestyle,Espelho de Mesa,FORN-058,45,167.77,361.09,195,1,194,135,2024-12-15,Em Estoque,448,0.0456,32547.38,70051.46,2.15,False,False
SKU-01023,Jaqueta Slim Verde,Moda,Jaqueta,FORN-034,60,80.08,156.21,599,153,446,145,2023-01-13,Em Estoque,448,0.3806,35715.68,69669.66,1.95,False,False
SKU-01024,Vestido Básico Nude,Moda,Vestido,FORN-090,13,39.02,67.38,261,37,224,46,2024-05-28,Em Estoque,448,0.1153,8740.48,15093.12,1.73,False,False
SKU-01025,Regata Básico Azul,Moda,Regata,FORN-012,14,39.82,105.42,961,240,721,118,2023-04-01,Em Estoque,448,0.0985,28710.22,76007.82,2.65,False,False
SKU-01026,Difusor Delicado Branco,Lifestyle,Difusor,FORN-035,7,222.9,634.48,283,47,236,55,2023-09-06,Em Estoque,448,0.0054,52604.4,149737.28,2.85,False,False
SKU-01027,Colar Exclusivo Preto,Acessórios,Colar,FORN-065,13,360.04,802.92,85,1,84,130,2023-03-08,Estoque Crítico,448,0.431,30243.36,67445.28,2.23,True,False
SKU-01028,Espelho de Mesa Delicado Rosa,Lifestyle,Espelho de Mesa,FORN-060,8,192.88,527.78,365,31,334,51,2025-10-25,Descontinuado,448,0.4914,64421.92,176278.52,2.74,False,True
SKU-01029,Shorts Sustentável Prata,Moda,Shorts,FORN-063,15,306.62,760.57,743,134,609,129,2025-09-12,Em Estoque,448,0.2892,186731.58,463187.13,2.48,False,False
SKU-01030,Luminária Delicado Rosa,Lifestyle,Luminária,FORN-068,11,83.42,247.98,64,1,63,62,2023-10-12,Em Estoque,448,0.0587,5255.46,15622.74,2.97,False,False
SKU-01031,Mochila Edição Limitada Rosa,Acessórios,Mochila,FORN-048,5,139.53,267.61,8,0,8,121,2025-03-15,Estoque Crítico,448,0.4327,1116.24,2140.88,1.92,True,False
SKU-01032,Porta-Retrato Urban Rosa,Lifestyle,Porta-Retrato,FORN-051,8,74.08,225.26,462,112,350,74,2024-07-15,Em Estoque,448,0.1864,25928.0,78841.0,3.04,False,False
SKU-01033,Vestido Edição Limitada Preto,Moda,Vestido,FORN-032,7,360.87,1110.18,302,44,258,129,2024-11-28,Em Estoque,448,0.2995,93104.46,286426.44,3.08,False,False
SKU-01034,Perfume Exclusivo Dourado,Beleza,Perfume,FORN-006,60,45.75,97.46,158,32,126,52,2023-02-05,Em Estoque,241,0.0133,5764.5,12279.96,2.13,False,False
SKU-01035,Regata Oversize Preto,Moda,Regata,FORN-058,57,146.94,379.21,355,36,319,104,2023-09-19,Em Estoque,448,0.2198,46873.86,120967.99,2.58,False,False
SKU-01036,Condicionador Exclusivo Preto,Beleza,Condicionador,FORN-086,13,296.89,744.05,34,2,32,106,2024-11-23,Estoque Crítico,630,0.366,9500.48,23809.6,2.51,True,False
SKU-01037,Máscara de Cílios Clássico Azul,Beleza,Máscara de Cílios,FORN-012,14,165.88,370.08,21,0,21,87,2023-03-07,Estoque Crítico,608,0.2851,3483.48,7771.68,2.23,True,False
SKU-01038,Máscara de Cílios Edição Limitada Prata,Beleza,Máscara de Cílios,FORN-073,53,396.36,767.74,33,2,31,19,2024-12-16,Em Estoque,349,0.4625,12287.16,23799.94,1.94,False,False
SKU-01039,Base Líquida Urban Dourado,Beleza,Base Líquida,FORN-044,14,296.61,651.17,240,33,207,150,2025-06-21,Em Estoque,719,0.0786,61398.27,134792.19,2.2,False,False
SKU-01040,Espelho de Mesa Exclusivo Rosa,Lifestyle,Espelho de Mesa,FORN-077,52,105.96,173.3,247,34,213,94,2025-05-16,Em Estoque,448,0.4957,22569.48,36912.9,1.64,False,False
SKU-01041,Camisa Social Slim Rosa,Moda,Camisa Social,FORN-014,7,230.91,681.46,224,31,193,128,2023-02-23,Em Estoque,448,0.1821,44565.63,131521.78,2.95,False,False
SKU-01042,Luminária Artesanal Verde,Lifestyle,Luminária,FORN-039,6,112.15,291.24,485,16,469,90,2023-07-13,Em Estoque,448,0.0779,52598.35,136591.56,2.6,False,False
SKU-01043,Sérum Facial Oversize Verde,Beleza,Sérum Facial,FORN-016,54,109.56,329.4,251,50,201,64,2024-07-28,Em Estoque,348,0.1687,22021.56,66209.4,3.01,False,False
SKU-01044,Kit Skincare Edição Limitada Branco,Beleza,Kit Skincare,FORN-013,6,51.28,142.55,76,17,59,119,2024-02-26,Estoque Crítico,335,0.4959,3025.52,8410.45,2.78,True,False
SKU-01045,Vestido Premium Bege,Moda,Vestido,FORN-038,10,277.92,852.92,716,146,570,32,2023-03-10,Em Estoque,448,0.0204,158414.4,486164.4,3.07,False,False
SKU-01046,Sérum Facial Artesanal Preto,Beleza,Sérum Facial,FORN-025,7,360.88,1053.3,251,13,238,78,2025-05-20,Em Estoque,253,0.4161,85889.44,250685.4,2.92,False,False
SKU-01047,Calça Jeans Sustentável Nude,Moda,Calça Jeans,FORN-034,50,264.52,719.47,98,7,91,82,2023-07-28,Em Estoque,448,0.0822,24071.32,65471.77,2.72,False,False
SKU-01048,Blush Oversize Prata,Beleza,Blush,FORN-040,9,268.33,779.07,214,30,184,89,2025-06-07,Em Estoque,332,0.3519,49372.72,143348.88,2.9,False,False
SKU-01049,Camiseta Artesanal Branco,Moda,Camiseta,FORN-019,6,399.33,719.5,1188,170,1018,91,2025-04-23,Em Estoque,448,0.2055,406517.94,732451.0,1.8,False,False
SKU-01050,Cinto Urban Prata,Acessórios,Cinto,FORN-094,54,376.23,728.24,242,4,238,103,2023-07-07,Em Estoque,448,0.0254,89542.74,173321.12,1.94,False,False
SKU-01051,Almofada Edição Limitada Bege,Lifestyle,Almofada,FORN-064,12,270.17,604.1,363,41,322,125,2023-06-24,Em Estoque,448,0.2118,86994.74,194520.2,2.24,False,False
SKU-01052,Camisa Social Luxo Bege,Moda,Camisa Social,FORN-001,7,382.63,866.76,498,85,413,47,2023-03-08,Em Estoque,448,0.2482,158026.19,357971.88,2.27,False,False
SKU-01053,Jaqueta Sport Bege,Moda,Jaqueta,FORN-054,46,312.93,816.89,728,157,571,105,2024-01-04,Em Estoque,448,0.4123,178683.03,466444.19,2.61,False,False
SKU-01054,Protetor Solar Clássico Verde,Beleza,Protetor Solar,FORN-088,15,345.95,965.37,140,33,107,110,2025-10-20,Estoque Crítico,381,0.218,37016.65,103294.59,2.79,True,False
SKU-01055,Bolsa de Couro Sustentável Nude,Acessórios,Bolsa de Couro,FORN-071,9,224.74,631.35,22,2,20,95,2023-07-19,Estoque Crítico,448,0.3139,4494.8,12627.0,2.81,True,False
SKU-01056,Kit Chá Luxo Vermelho,Lifestyle,Kit Chá,FORN-060,14,237.32,730.22,427,57,370,125,2024-05-21,Em Estoque,448,0.4086,87808.4,270181.4,3.08,False,False
SKU-01057,Espelho de Mesa Slim Vermelho,Lifestyle,Espelho de Mesa,FORN-034,45,221.68,369.07,487,115,372,71,2024-01-14,Descontinuado,448,0.039,82464.96,137294.04,1.66,False,True
SKU-01058,Planta Artificial Luxo Prata,Lifestyle,Planta Artificial,FORN-054,45,210.67,658.17,406,98,308,88,2025-11-02,Em Estoque,448,0.2905,64886.36,202716.36,3.12,False,False
SKU-01059,Perfume Slim Branco,Beleza,Perfume,FORN-031,11,233.09,495.49,279,83,196,61,2023-11-14,Em Estoque,431,0.4733,45685.64,97116.04,2.13,False,False
SKU-01060,Vestido Sport Rosa,Moda,Vestido,FORN-022,54,275.29,623.51,567,92,475,34,2024-05-18,Em Estoque,448,0.3199,130762.75,296167.25,2.26,False,False
SKU-01061,Vestido Luxo Branco,Moda,Vestido,FORN-001,8,45.07,127.66,776,45,731,39,2024-06-04,Em Estoque,448,0.4178,32946.17,93319.46,2.83,False,False
SKU-01062,Perfume Básico Dourado,Beleza,Perfume,FORN-086,14,125.75,217.95,403,11,392,100,2023-07-26,Em Estoque,436,0.3629,49294.0,85436.4,1.73,False,False
SKU-01063,Chapéu Delicado Branco,Acessórios,Chapéu,FORN-009,7,75.41,140.0,417,88,329,146,2023-08-25,Em Estoque,448,0.0159,24809.89,46060.0,1.86,False,False
SKU-01064,Mochila Básico Prata,Acessórios,Mochila,FORN-100,57,100.7,191.76,326,61,265,27,2025-04-27,Em Estoque,448,0.4565,26685.5,50816.4,1.9,False,False
SKU-01065,Condicionador Sustentável Vermelho,Beleza,Condicionador,FORN-042,56,95.66,159.48,231,24,207,10,2025-06-01,Em Estoque,526,0.2084,19801.62,33012.36,1.67,False,False
SKU-01066,Caderno Luxo Dourado,Lifestyle,Caderno,FORN-011,7,340.35,868.38,287,14,273,44,2024-08-18,Em Estoque,448,0.3632,92915.55,237067.74,2.55,False,False
SKU-01067,Camisa Social Delicado Preto,Moda,Camisa Social,FORN-082,55,113.49,279.11,435,27,408,24,2024-11-05,Em Estoque,448,0.408,46303.92,113876.88,2.46,False,False
SKU-01068,Colar Oversize Vermelho,Acessórios,Colar,FORN-010,56,48.54,101.61,153,26,127,15,2023-05-11,Em Estoque,448,0.0474,6164.58,12904.47,2.09,False,False
SKU-01069,Regata Artesanal Nude,Moda,Regata,FORN-013,10,63.08,199.3,786,227,559,41,2023-10-07,Em Estoque,448,0.0403,35261.72,111408.7,3.16,False,False
SKU-01070,Shorts Luxo Prata,Moda,Shorts,FORN-097,13,366.93,633.86,729,147,582,149,2024-09-22,Em Estoque,448,0.4478,213553.26,368906.52,1.73,False,False
SKU-01071,Vela Aromática Slim Vermelho,Lifestyle,Vela Aromática,FORN-012,15,146.64,408.5,70,2,68,34,2025-01-04,Em Estoque,448,0.0222,9971.52,27778.0,2.79,False,False
SKU-01072,Luminária Exclusivo Branco,Lifestyle,Luminária,FORN-034,50,244.52,610.79,406,31,375,30,2024-03-06,Em Estoque,448,0.2849,91695.0,229046.25,2.5,False,False
SKU-01073,Cinto Delicado Preto,Acessórios,Cinto,FORN-061,51,296.92,535.25,377,105,272,140,2023-07-01,Em Estoque,448,0.4377,80762.24,145588.0,1.8,False,False
SKU-01074,Sombra Delicado Azul,Beleza,Sombra,FORN-064,13,110.41,252.57,313,85,228,109,2023-09-10,Em Estoque,594,0.4869,25173.48,57585.96,2.29,False,False
SKU-01075,Kit Skincare Slim Rosa,Beleza,Kit Skincare,FORN-032,14,345.33,621.4,215,32,183,137,2023-02-13,Em Estoque,439,0.346,63195.39,113716.2,1.8,False,False
SKU-01076,Esfoliante Artesanal Branco,Beleza,Esfoliante,FORN-086,8,70.33,117.05,127,2,125,28,2025-07-05,Em Estoque,463,0.4797,8791.25,14631.25,1.66,False,False
SKU-01077,Esfoliante Moderno Branco,Beleza,Esfoliante,FORN-090,5,177.08,380.04,228,18,210,47,2025-11-26,Em Estoque,557,0.1632,37186.8,79808.4,2.15,False,False
SKU-01078,Esfoliante Exclusivo Rosa,Beleza,Esfoliante,FORN-057,15,96.59,252.69,105,24,81,100,2023-11-28,Estoque Crítico,428,0.2455,7823.79,20467.89,2.62,True,False
SKU-01079,Mochila Premium Rosa,Acessórios,Mochila,FORN-001,11,196.16,333.13,455,15,440,127,2025-05-07,Em Estoque,448,0.4408,86310.4,146577.2,1.7,False,False
SKU-01080,Shorts Clássico Vermelho,Moda,Shorts,FORN-099,5,199.83,563.56,66,11,55,87,2025-04-15,Estoque Crítico,448,0.1013,10990.65,30995.8,2.82,True,False
SKU-01081,Pochete Edição Limitada Rosa,Acessórios,Pochete,FORN-021,60,103.81,316.38,8,0,8,134,2024-04-18,Estoque Crítico,448,0.2553,830.48,2531.04,3.05,True,False
SKU-01082,Carteira Slim Verde,Acessórios,Carteira,FORN-067,53,282.16,574.17,337,66,271,89,2025-07-01,Em Estoque,448,0.4786,76465.36,155600.07,2.03,False,False
SKU-01083,Shorts Slim Azul,Moda,Shorts,FORN-097,15,373.92,1110.3,588,135,453,56,2025-08-17,Descontinuado,448,0.4794,169385.76,502965.9,2.97,False,True
SKU-01084,Legging Delicado Prata,Moda,Legging,FORN-054,55,20.55,39.24,111,27,84,74,2025-05-19,Em Estoque,448,0.2016,1726.2,3296.16,1.91,False,False
SKU-01085,Espelho de Mesa Artesanal Nude,Lifestyle,Espelho de Mesa,FORN-046,48,164.37,427.26,455,62,393,93,2023-06-12,Em Estoque,448,0.1213,64597.41,167913.18,2.6,False,False
SKU-01086,Jaqueta Edição Limitada Prata,Moda,Jaqueta,FORN-003,6,59.21,179.61,236,5,231,62,2024-07-18,Em Estoque,448,0.0372,13677.51,41489.91,3.03,False,False
SKU-01087,Planta Artificial Sustentável Bege,Lifestyle,Planta Artificial,FORN-029,51,103.02,180.8,131,0,131,114,2023-05-21,Em Estoque,448,0.2255,13495.62,23684.8,1.75,False,False
SKU-01088,Blusa de Tricô Moderno Nude,Moda,Blusa de Tricô,FORN-016,47,326.06,934.41,549,61,488,21,2024-12-09,Em Estoque,448,0.329,159117.28,455992.08,2.87,False,False
SKU-01089,Vela Aromática Luxo Dourado,Lifestyle,Vela Aromática,FORN-028,11,357.24,628.8,257,74,183,68,2025-05-01,Em Estoque,448,0.1751,65374.92,115070.4,1.76,False,False
SKU-01090,Blush Exclusivo Bege,Beleza,Blush,FORN-004,48,392.67,987.46,341,35,306,59,2023-03-08,Em Estoque,380,0.4138,120157.02,302162.76,2.51,False,False
SKU-01091,Shorts Sustentável Preto,Moda,Shorts,FORN-085,59,105.74,191.94,120,13,107,103,2025-05-27,Em Estoque,448,0.0778,11314.18,20537.58,1.82,False,False
SKU-01092,Vestido Sustentável Vermelho,Moda,Vestido,FORN-001,7,162.32,398.15,700,107,593,37,2023-03-07,Em Estoque,448,0.2081,96255.76,236102.95,2.45,False,False
SKU-01093,Sombra Luxo Bege,Beleza,Sombra,FORN-035,13,291.21,877.74,271,75,196,94,2024-03-27,Em Estoque,725,0.3306,57077.16,172037.04,3.01,False,False
SKU-01094,Saia Edição Limitada Bege,Moda,Saia,FORN-079,12,126.09,254.24,219,2,217,60,2024-05-13,Em Estoque,448,0.233,27361.53,55170.08,2.02,False,False
SKU-01095,Camisa Social Básico Bege,Moda,Camisa Social,FORN-007,8,300.06,736.25,115,25,90,44,2023-09-06,Em Estoque,448,0.1167,27005.4,66262.5,2.45,False,False
SKU-01096,Camiseta Exclusivo Nude,Moda,Camiseta,FORN-070,47,111.77,277.6,347,11,336,76,2024-06-18,Em Estoque,448,0.09,37554.72,93273.6,2.48,False,False
SKU-01097,Protetor Solar Clássico Azul,Beleza,Protetor Solar,FORN-090,15,53.97,99.12,226,9,217,118,2025-11-18,Em Estoque,509,0.231,11711.49,21509.04,1.84,False,False
SKU-01098,Caderno Premium Preto,Lifestyle,Caderno,FORN-098,45,316.42,898.79,353,3,350,17,2023-06-06,Em Estoque,448,0.4042,110747.0,314576.5,2.84,False,False
SKU-01099,Base Líquida Sport Azul,Beleza,Base Líquida,FORN-062,6,186.81,566.2,331,47,284,24,2025-12-20,Descontinuado,333,0.4942,53054.04,160800.8,3.03,False,True
SKU-01100,Top Básico Prata,Moda,Top,FORN-083,9,305.96,617.21,87,4,83,148,2024-05-16,Estoque Crítico,448,0.2616,25394.68,51228.43,2.02,True,False
SKU-01101,Porta-Retrato Clássico Rosa,Lifestyle,Porta-Retrato,FORN-065,14,319.56,671.9,240,5,235,139,2024-08-01,Descontinuado,448,0.0254,75096.6,157896.5,2.1,False,True
SKU-01102,Garrafa Térmica Edição Limitada Verde,Lifestyle,Garrafa Térmica,FORN-082,55,53.7,148.12,140,33,107,48,2024-07-19,Em Estoque,448,0.2071,5745.9,15848.84,2.76,False,False
SKU-01103,Planta Artificial Moderno Verde,Lifestyle,Planta Artificial,FORN-048,15,38.62,80.96,87,25,62,106,2025-01-18,Estoque Crítico,448,0.3574,2394.44,5019.52,2.1,True,False
SKU-01104,Sérum Facial Edição Limitada Azul,Beleza,Sérum Facial,FORN-031,11,248.8,642.58,235,45,190,14,2025-11-28,Em Estoque,369,0.0638,47272.0,122090.2,2.58,False,False
SKU-01105,Camiseta Básico Vermelho,Moda,Camiseta,FORN-033,48,358.28,1097.9,1040,132,908,55,2025-08-16,Em Estoque,448,0.1253,325318.24,996893.2,3.06,False,False
SKU-01106,Legging Delicado Azul,Moda,Legging,FORN-068,15,44.38,90.02,158,9,149,112,2025-11-10,Em Estoque,448,0.2613,6612.62,13412.98,2.03,False,False
SKU-01107,Esfoliante Sport Rosa,Beleza,Esfoliante,FORN-053,9,80.27,159.6,214,16,198,104,2025-12-28,Em Estoque,399,0.0529,15893.46,31600.8,1.99,False,False
SKU-01108,Colar Básico Dourado,Acessórios,Colar,FORN-006,57,130.82,414.9,199,10,189,100,2024-05-28,Em Estoque,448,0.0941,24724.98,78416.1,3.17,False,False
SKU-01109,Relógio de Parede Oversize Verde,Lifestyle,Relógio de Parede,FORN-070,50,131.66,412.72,466,5,461,31,2024-07-10,Em Estoque,448,0.1406,60695.26,190263.92,3.13,False,False
SKU-01110,Camisa Social Luxo Prata,Moda,Camisa Social,FORN-065,5,313.37,867.8,1114,256,858,142,2023-05-11,Em Estoque,448,0.068,268871.46,744572.4,2.77,False,False
SKU-01111,Sombra Premium Verde,Beleza,Sombra,FORN-005,54,280.99,475.45,436,74,362,71,2023-04-07,Em Estoque,378,0.4144,101718.38,172112.9,1.69,False,False
SKU-01112,Blusa de Tricô Sport Branco,Moda,Blusa de Tricô,FORN-051,8,326.55,943.57,1014,232,782,144,2024-12-26,Em Estoque,448,0.0251,255362.1,737871.74,2.89,False,False
SKU-01113,Pulseira Artesanal Branco,Acessórios,Pulseira,FORN-081,51,207.18,376.14,329,41,288,67,2023-07-28,Descontinuado,448,0.0393,59667.84,108328.32,1.82,False,True
SKU-01114,Camisa Social Delicado Prata,Moda,Camisa Social,FORN-064,10,396.74,695.28,512,141,371,144,2023-01-06,Em Estoque,448,0.0143,147190.54,257948.88,1.75,False,False
SKU-01115,Espelho de Mesa Básico Verde,Lifestyle,Espelho de Mesa,FORN-100,58,62.57,112.92,305,67,238,13,2023-12-13,Em Estoque,448,0.3188,14891.66,26874.96,1.8,False,False
SKU-01116,Sombra Slim Nude,Beleza,Sombra,FORN-016,58,368.34,1109.31,348,27,321,110,2024-10-26,Em Estoque,258,0.1563,118237.14,356088.51,3.01,False,False
SKU-01117,Calça Jeans Luxo Prata,Moda,Calça Jeans,FORN-082,54,61.37,126.89,236,61,175,97,2023-10-05,Em Estoque,448,0.2042,10739.75,22205.75,2.07,False,False
SKU-01118,Legging Clássico Azul,Moda,Legging,FORN-078,14,212.22,364.51,462,86,376,117,2023-02-09,Em Estoque,448,0.348,79794.72,137055.76,1.72,False,False
SKU-01119,Colar Clássico Prata,Acessórios,Colar,FORN-069,11,377.45,629.8,187,40,147,15,2024-04-16,Em Estoque,448,0.2149,55485.15,92580.6,1.67,False,False
SKU-01120,Meias Premium Prata,Acessórios,Meias,FORN-089,6,64.27,116.08,399,108,291,14,2023-04-28,Em Estoque,448,0.2606,18702.57,33779.28,1.81,False,False
SKU-01121,Moletom Edição Limitada Nude,Moda,Moletom,FORN-012,5,166.79,449.64,74,6,68,35,2023-04-09,Em Estoque,448,0.1785,11341.72,30575.52,2.7,False,False
SKU-01122,Planta Artificial Exclusivo Bege,Lifestyle,Planta Artificial,FORN-056,14,61.33,159.59,248,54,194,46,2025-04-17,Em Estoque,448,0.1459,11898.02,30960.46,2.6,False,False
SKU-01123,Carteira Moderno Rosa,Acessórios,Carteira,FORN-071,5,321.65,1021.64,399,24,375,97,2024-04-16,Em Estoque,448,0.4564,120618.75,383115.0,3.18,False,False
SKU-01124,Planta Artificial Clássico Vermelho,Lifestyle,Planta Artificial,FORN-006,51,108.82,239.28,370,15,355,23,2023-11-12,Em Estoque,448,0.3473,38631.1,84944.4,2.2,False,False
SKU-01125,Sérum Facial Exclusivo Verde,Beleza,Sérum Facial,FORN-073,47,325.25,669.11,93,0,93,125,2024-10-26,Estoque Crítico,610,0.3835,30248.25,62227.23,2.06,True,False
SKU-01126,Batom Luxo Rosa,Beleza,Batom,FORN-071,15,249.77,639.54,373,86,287,126,2023-09-10,Em Estoque,554,0.2901,71683.99,183547.98,2.56,False,False
SKU-01127,Kit Skincare Moderno Bege,Beleza,Kit Skincare,FORN-043,14,59.12,96.6,256,39,217,59,2023-04-04,Em Estoque,408,0.1479,12829.04,20962.2,1.63,False,False
SKU-01128,Moletom Edição Limitada Nude,Moda,Moletom,FORN-072,5,174.97,475.83,571,101,470,40,2024-07-01,Em Estoque,448,0.0878,82235.9,223640.1,2.72,False,False
SKU-01129,Regata Sport Azul,Moda,Regata,FORN-067,52,143.8,382.52,370,66,304,45,2025-09-25,Descontinuado,448,0.4096,43715.2,116286.08,2.66,False,True
SKU-01130,Camiseta Oversize Vermelho,Moda,Camiseta,FORN-085,48,393.01,1196.16,579,87,492,17,2025-03-13,Em Estoque,448,0.18,193360.92,588510.72,3.04,False,False
SKU-01131,Luminária Urban Rosa,Lifestyle,Luminária,FORN-012,13,165.32,364.58,208,40,168,28,2023-01-18,Em Estoque,448,0.2136,27773.76,61249.44,2.21,False,False
SKU-01132,Relógio de Parede Clássico Azul,Lifestyle,Relógio de Parede,FORN-068,10,237.17,751.53,384,15,369,74,2023-05-13,Em Estoque,448,0.1211,87515.73,277314.57,3.17,False,False
SKU-01133,Almofada Luxo Prata,Lifestyle,Almofada,FORN-035,15,361.62,1073.08,426,42,384,132,2023-01-01,Em Estoque,448,0.2574,138862.08,412062.72,2.97,False,False
SKU-01134,Batom Básico Preto,Beleza,Batom,FORN-015,57,211.48,363.76,342,24,318,95,2023-01-03,Em Estoque,465,0.041,67250.64,115675.68,1.72,False,False
SKU-01135,Base Líquida Luxo Verde,Beleza,Base Líquida,FORN-007,12,174.96,329.54,322,66,256,60,2025-08-21,Em Estoque,327,0.0261,44789.76,84362.24,1.88,False,False
SKU-01136,Esfoliante Slim Rosa,Beleza,Esfoliante,FORN-003,12,187.45,479.52,200,10,190,24,2025-08-05,Em Estoque,601,0.336,35615.5,91108.8,2.56,False,False
SKU-01137,Óleo Corporal Premium Prata,Beleza,Óleo Corporal,FORN-012,12,295.5,863.34,472,98,374,22,2023-10-23,Em Estoque,248,0.3848,110517.0,322889.16,2.92,False,False
SKU-01138,Moletom Exclusivo Prata,Moda,Moletom,FORN-034,47,388.71,745.35,535,80,455,101,2025-03-07,Em Estoque,448,0.4805,176863.05,339134.25,1.92,False,False
SKU-01139,Regata Básico Dourado,Moda,Regata,FORN-002,8,342.83,1041.72,168,5,163,51,2023-07-04,Em Estoque,448,0.2115,55881.29,169800.36,3.04,False,False
SKU-01140,Relógio de Parede Oversize Bege,Lifestyle,Relógio de Parede,FORN-060,12,227.52,719.48,192,7,185,58,2023-08-03,Em Estoque,448,0.273,42091.2,133103.8,3.16,False,False
SKU-01141,Camisa Social Premium Bege,Moda,Camisa Social,FORN-075,55,38.16,113.82,301,12,289,120,2024-05-02,Em Estoque,448,0.1032,11028.24,32893.98,2.98,False,False
SKU-01142,Calça Jeans Edição Limitada Dourado,Moda,Calça Jeans,FORN-069,6,372.52,1135.47,758,170,588,141,2023-03-03,Descontinuado,448,0.0816,219041.76,667656.36,3.05,False,True
SKU-01143,Saia Luxo Nude,Moda,Saia,FORN-069,7,58.89,112.45,531,107,424,53,2025-09-11,Em Estoque,448,0.2462,24969.36,47678.8,1.91,False,False
SKU-01144,Espelho de Mesa Sustentável Azul,Lifestyle,Espelho de Mesa,FORN-098,58,349.3,688.33,421,69,352,72,2023-09-06,Em Estoque,448,0.498,122953.6,242292.16,1.97,False,False
SKU-01145,Óleo Corporal Moderno Nude,Beleza,Óleo Corporal,FORN-097,12,384.71,629.64,402,89,313,149,2025-11-14,Em Estoque,301,0.2273,120414.23,197077.32,1.64,False,False
SKU-01146,Luminária Luxo Dourado,Lifestyle,Luminária,FORN-031,11,216.95,627.46,440,3,437,103,2023-07-18,Em Estoque,448,0.3298,94807.15,274200.02,2.89,False,False
SKU-01147,Jaqueta Urban Verde,Moda,Jaqueta,FORN-042,50,52.75,117.6,675,198,477,95,2025-08-04,Em Estoque,448,0.2031,25161.75,56095.2,2.23,False,False
SKU-01148,Calça Jeans Exclusivo Bege,Moda,Calça Jeans,FORN-010,49,144.41,323.0,467,10,457,146,2025-05-08,Em Estoque,448,0.3049,65995.37,147611.0,2.24,False,False
SKU-01149,Regata Luxo Preto,Moda,Regata,FORN-021,49,359.03,596.16,338,77,261,68,2025-09-14,Em Estoque,448,0.2995,93706.83,155597.76,1.66,False,False
SKU-01150,Planta Artificial Slim Bege,Lifestyle,Planta Artificial,FORN-039,14,148.33,411.86,262,70,192,26,2025-02-10,Em Estoque,448,0.3134,28479.36,79077.12,2.78,False,False
SKU-01151,Condicionador Delicado Preto,Beleza,Condicionador,FORN-089,15,187.73,407.58,91,7,84,149,2024-08-13,Estoque Crítico,669,0.0988,15769.32,34236.72,2.17,True,False
SKU-01152,Relógio de Parede Clássico Preto,Lifestyle,Relógio de Parede,FORN-079,12,124.46,354.51,493,16,477,128,2024-10-18,Em Estoque,448,0.2714,59367.42,169101.27,2.85,False,False
SKU-01153,Chapéu Edição Limitada Prata,Acessórios,Chapéu,FORN-064,7,338.08,610.97,264,73,191,60,2024-12-02,Em Estoque,448,0.2665,64573.28,116695.27,1.81,False,False
SKU-01154,Vela Aromática Edição Limitada Bege,Lifestyle,Vela Aromática,FORN-088,15,321.11,703.2,356,34,322,17,2025-06-25,Em Estoque,448,0.1911,103397.42,226430.4,2.19,False,False
SKU-01155,Esfoliante Sustentável Nude,Beleza,Esfoliante,FORN-005,45,275.74,515.27,460,138,322,55,2025-06-28,Em Estoque,716,0.1972,88788.28,165916.94,1.87,False,False
SKU-01156,Protetor Solar Clássico Verde,Beleza,Protetor Solar,FORN-079,9,90.56,180.63,487,34,453,146,2025-10-28,Em Estoque,580,0.4153,41023.68,81825.39,1.99,False,False
SKU-01157,Jaqueta Exclusivo Nude,Moda,Jaqueta,FORN-014,10,173.86,350.7,700,83,617,57,2025-06-24,Em Estoque,448,0.2422,107271.62,216381.9,2.02,False,False
SKU-01158,Brinco Edição Limitada Bege,Acessórios,Brinco,FORN-074,50,173.39,440.86,444,56,388,97,2025-10-26,Em Estoque,448,0.052,67275.32,171053.68,2.54,False,False
SKU-01159,Lenço Básico Prata,Acessórios,Lenço,FORN-091,57,160.31,263.08,330,62,268,142,2024-07-28,Em Estoque,448,0.0088,42963.08,70505.44,1.64,False,False
SKU-01160,Saia Delicado Rosa,Moda,Saia,FORN-034,52,22.89,47.85,1091,262,829,29,2023-08-20,Em Estoque,448,0.0244,18975.81,39667.65,2.09,False,False
SKU-01161,Sombra Oversize Nude,Beleza,Sombra,FORN-031,9,321.51,558.66,186,13,173,110,2024-02-11,Em Estoque,290,0.1641,55621.23,96648.18,1.74,False,False
SKU-01162,Calça Jeans Moderno Bege,Moda,Calça Jeans,FORN-047,14,356.72,1037.36,487,134,353,34,2023-07-15,Em Estoque,448,0.0239,125922.16,366188.08,2.91,False,False
SKU-01163,Colar Luxo Bege,Acessórios,Colar,FORN-090,15,324.91,667.22,394,101,293,32,2023-06-06,Em Estoque,448,0.3082,95198.63,195495.46,2.05,False,False
SKU-01164,Carteira Sport Nude,Acessórios,Carteira,FORN-068,12,233.36,599.3,427,33,394,132,2023-05-12,Em Estoque,448,0.4225,91943.84,236124.2,2.57,False,False
SKU-01165,Condicionador Oversize Vermelho,Beleza,Condicionador,FORN-021,49,375.37,935.37,467,109,358,116,2023-06-28,Em Estoque,640,0.2699,134382.46,334862.46,2.49,False,False
SKU-01166,Vestido Clássico Dourado,Moda,Vestido,FORN-091,55,213.88,678.65,685,161,524,96,2025-10-14,Em Estoque,448,0.3985,112073.12,355612.6,3.17,False,False
SKU-01167,Legging Luxo Nude,Moda,Legging,FORN-037,7,210.77,439.93,629,21,608,119,2024-01-05,Em Estoque,448,0.0041,128148.16,267477.44,2.09,False,False
SKU-01168,Vestido Delicado Rosa,Moda,Vestido,FORN-048,15,107.24,282.66,642,33,609,39,2024-06-03,Em Estoque,448,0.1627,65309.16,172139.94,2.64,False,False
SKU-01169,Perfume Moderno Vermelho,Beleza,Perfume,FORN-072,7,279.16,573.47,145,33,112,144,2025-07-13,Estoque Crítico,682,0.0729,31265.92,64228.64,2.05,True,False
SKU-01170,Meias Moderno Vermelho,Acessórios,Meias,FORN-058,59,293.36,606.75,211,19,192,11,2023-06-28,Em Estoque,448,0.3696,56325.12,116496.0,2.07,False,False
SKU-01171,Blusa de Tricô Slim Azul,Moda,Blusa de Tricô,FORN-009,13,103.01,298.9,724,208,516,37,2025-03-07,Em Estoque,448,0.064,53153.16,154232.4,2.9,False,False
SKU-01172,Esfoliante Premium Rosa,Beleza,Esfoliante,FORN-080,6,42.41,117.95,453,23,430,143,2023-07-09,Em Estoque,388,0.3591,18236.3,50718.5,2.78,False,False
SKU-01173,Sérum Facial Exclusivo Bege,Beleza,Sérum Facial,FORN-099,12,173.53,473.71,340,58,282,55,2023-06-16,Em Estoque,446,0.3737,48935.46,133586.22,2.73,False,False
SKU-01174,Esfoliante Slim Dourado,Beleza,Esfoliante,FORN-018,57,78.81,198.12,16,2,14,46,2025-02-17,Estoque Crítico,644,0.1918,1103.34,2773.68,2.51,True,False
SKU-01175,Garrafa Térmica Sport Branco,Lifestyle,Garrafa Térmica,FORN-051,5,228.76,432.5,225,15,210,130,2023-02-15,Em Estoque,448,0.1,48039.6,90825.0,1.89,False,False
SKU-01176,Garrafa Térmica Artesanal Nude,Lifestyle,Garrafa Térmica,FORN-024,45,143.81,269.8,295,72,223,64,2025-07-06,Em Estoque,448,0.3667,32069.63,60165.4,1.88,False,False
SKU-01177,Relógio de Parede Luxo Nude,Lifestyle,Relógio de Parede,FORN-010,54,109.78,272.37,121,10,111,93,2025-06-23,Em Estoque,448,0.3949,12185.58,30233.07,2.48,False,False
SKU-01178,Lenço Moderno Verde,Acessórios,Lenço,FORN-072,9,121.38,217.93,371,82,289,128,2025-12-16,Em Estoque,448,0.4043,35078.82,62981.77,1.8,False,False
SKU-01179,Camiseta Artesanal Verde,Moda,Camiseta,FORN-034,53,239.49,748.39,510,29,481,56,2024-10-27,Em Estoque,448,0.2916,115194.69,359975.59,3.12,False,False
SKU-01180,Camisa Social Clássico Dourado,Moda,Camisa Social,FORN-009,7,41.07,81.91,610,134,476,137,2025-02-07,Em Estoque,448,0.4478,19549.32,38989.16,1.99,False,False
SKU-01181,Camisa Social Exclusivo Prata,Moda,Camisa Social,FORN-032,7,76.71,222.44,770,34,736,103,2024-12-26,Em Estoque,448,0.0281,56458.56,163715.84,2.9,False,False
SKU-01182,Camiseta Premium Rosa,Moda,Camiseta,FORN-098,60,250.5,777.44,476,129,347,122,2024-11-07,Em Estoque,448,0.3613,86923.5,269771.68,3.1,False,False
SKU-01183,Cinto Exclusivo Verde,Acessórios,Cinto,FORN-024,52,262.22,585.0,31,0,31,61,2023-05-10,Estoque Crítico,448,0.1189,8128.82,18135.0,2.23,True,False
SKU-01184,Base Líquida Luxo Nude,Beleza,Base Líquida,FORN-074,55,61.6,105.11,0,0,0,63,2025-10-28,Ruptura,332,0.3218,0.0,0.0,1.71,True,False
SKU-01185,Legging Artesanal Verde,Moda,Legging,FORN-085,45,55.14,105.77,283,65,218,59,2023-10-27,Em Estoque,448,0.0035,12020.52,23057.86,1.92,False,False
SKU-01186,Blush Básico Azul,Beleza,Blush,FORN-088,14,209.95,540.39,58,4,54,111,2023-11-05,Estoque Crítico,335,0.0587,11337.3,29181.06,2.57,True,False
SKU-01187,Top Sport Dourado,Moda,Top,FORN-053,12,306.01,557.98,117,5,112,39,2023-07-13,Em Estoque,448,0.4567,34273.12,62493.76,1.82,False,False
SKU-01188,Camisa Social Sport Preto,Moda,Camisa Social,FORN-058,49,294.74,783.64,541,63,478,60,2025-12-24,Em Estoque,448,0.1475,140885.72,374579.92,2.66,False,False
SKU-01189,Moletom Oversize Azul,Moda,Moletom,FORN-069,5,270.93,630.87,681,198,483,143,2023-03-25,Em Estoque,448,0.0889,130859.19,304710.21,2.33,False,False
SKU-01190,Camiseta Delicado Prata,Moda,Camiseta,FORN-088,11,257.63,470.17,345,73,272,93,2023-03-20,Em Estoque,448,0.0653,70075.36,127886.24,1.82,False,False
SKU-01191,Espelho de Mesa Moderno Verde,Lifestyle,Espelho de Mesa,FORN-045,11,339.07,578.33,379,94,285,10,2023-12-22,Em Estoque,448,0.1733,96634.95,164824.05,1.71,False,False
SKU-01192,Espelho de Mesa Sustentável Preto,Lifestyle,Espelho de Mesa,FORN-100,48,106.97,248.81,72,8,64,58,2024-06-18,Em Estoque,448,0.184,6846.08,15923.84,2.33,False,False
SKU-01193,Vestido Moderno Preto,Moda,Vestido,FORN-034,47,357.48,1017.26,893,27,866,118,2023-06-20,Em Estoque,448,0.1162,309577.68,880947.16,2.85,False,False
SKU-01194,Sérum Facial Clássico Nude,Beleza,Sérum Facial,FORN-080,5,188.38,518.89,43,6,37,119,2025-01-14,Estoque Crítico,413,0.0659,6970.06,19198.93,2.75,True,False
SKU-01195,Lenço Urban Branco,Acessórios,Lenço,FORN-044,10,119.2,355.51,423,112,311,11,2023-12-23,Em Estoque,448,0.0172,37071.2,110563.61,2.98,False,False
SKU-01196,Camiseta Artesanal Verde,Moda,Camiseta,FORN-052,60,234.48,663.45,462,78,384,26,2024-08-19,Em Estoque,448,0.499,90040.32,254764.8,2.83,False,False
SKU-01197,Batom Luxo Bege,Beleza,Batom,FORN-032,9,202.24,358.02,428,64,364,128,2024-01-04,Descontinuado,240,0.3848,73615.36,130319.28,1.77,False,True
SKU-01198,Planta Artificial Básico Preto,Lifestyle,Planta Artificial,FORN-027,5,326.32,906.74,211,29,182,35,2024-07-09,Em Estoque,448,0.0459,59390.24,165026.68,2.78,False,False
SKU-01199,Regata Premium Prata,Moda,Regata,FORN-002,13,57.02,157.54,375,18,357,17,2025-02-11,Em Estoque,448,0.2323,20356.14,56241.78,2.76,False,False
SKU-01200,Camiseta Edição Limitada Dourado,Moda,Camiseta,FORN-014,8,40.48,110.92,448,73,375,102,2025-05-16,Em Estoque,448,0.4007,15180.0,41595.0,2.74,False,False
SKU-01201,Legging Moderno Preto,Moda,Legging,FORN-003,14,185.34,400.02,540,114,426,119,2025-07-20,Em Estoque,448,0.0158,78954.84,170408.52,2.16,False,False
SKU-01202,Camiseta Oversize Azul,Moda,Camiseta,FORN-086,8,250.65,463.84,450,111,339,110,2024-03-03,Em Estoque,448,0.033,84970.35,157241.76,1.85,False,False
SKU-01203,Vestido Sport Dourado,Moda,Vestido,FORN-003,5,41.88,84.83,424,79,345,94,2025-10-01,Em Estoque,448,0.3978,14448.6,29266.35,2.03,False,False
SKU-01204,Camisa Social Sustentável Dourado,Moda,Camisa Social,FORN-016,53,34.19,95.68,268,69,199,27,2025-10-25,Em Estoque,448,0.354,6803.81,19040.32,2.8,False,False
SKU-01205,Espelho de Mesa Premium Verde,Lifestyle,Espelho de Mesa,FORN-032,15,399.04,680.46,401,22,379,20,2024-10-20,Em Estoque,448,0.4041,151236.16,257894.34,1.71,False,False
SKU-01206,Camisa Social Luxo Dourado,Moda,Camisa Social,FORN-051,14,221.09,528.08,229,25,204,128,2025-08-22,Em Estoque,448,0.2079,45102.36,107728.32,2.39,False,False
SKU-01207,Sombra Slim Branco,Beleza,Sombra,FORN-053,11,383.07,703.89,248,36,212,22,2024-08-19,Em Estoque,418,0.4156,81210.84,149224.68,1.84,False,False
SKU-01208,Luminária Clássico Azul,Lifestyle,Luminária,FORN-095,13,274.5,700.58,298,72,226,39,2025-08-26,Descontinuado,448,0.356,62037.0,158331.08,2.55,False,True
SKU-01209,Óculos de Sol Edição Limitada Bege,Acessórios,Óculos de Sol,FORN-004,51,197.56,479.07,419,115,304,148,2023-02-03,Em Estoque,448,0.4207,60058.24,145637.28,2.42,False,False
SKU-01210,Relógio de Parede Premium Rosa,Lifestyle,Relógio de Parede,FORN-013,13,378.61,1089.9,120,23,97,141,2025-09-25,Estoque Crítico,448,0.2928,36725.17,105720.3,2.88,True,False
SKU-01211,Carteira Básico Dourado,Acessórios,Carteira,FORN-003,13,211.39,536.98,148,42,106,140,2023-02-18,Estoque Crítico,448,0.4641,22407.34,56919.88,2.54,True,False
SKU-01212,Colar Exclusivo Bege,Acessórios,Colar,FORN-021,48,191.49,576.06,182,33,149,141,2025-04-19,Em Estoque,448,0.4863,28532.01,85832.94,3.01,False,False
SKU-01213,Sérum Facial Exclusivo Bege,Beleza,Sérum Facial,FORN-008,45,118.61,198.66,242,40,202,131,2025-02-27,Em Estoque,569,0.2822,23959.22,40129.32,1.67,False,False
SKU-01214,Moletom Básico Branco,Moda,Moletom,FORN-021,60,276.25,702.97,169,27,142,139,2023-08-24,Em Estoque,448,0.2897,39227.5,99821.74,2.54,False,False
SKU-01215,Pochete Urban Preto,Acessórios,Pochete,FORN-035,5,243.76,479.46,60,8,52,32,2025-07-04,Em Estoque,448,0.023,12675.52,24931.92,1.97,False,False
SKU-01216,Cinto Moderno Bege,Acessórios,Cinto,FORN-063,9,276.19,799.17,283,71,212,67,2024-12-13,Em Estoque,448,0.3897,58552.28,169424.04,2.89,False,False
SKU-01217,Condicionador Luxo Vermelho,Beleza,Condicionador,FORN-024,54,263.2,793.71,474,107,367,82,2025-07-13,Em Estoque,619,0.0138,96594.4,291291.57,3.02,False,False
SKU-01218,Creme Hidratante Clássico Branco,Beleza,Creme Hidratante,FORN-057,5,78.12,167.24,197,9,188,50,2024-10-25,Em Estoque,596,0.1383,14686.56,31441.12,2.14,False,False
SKU-01219,Sérum Facial Exclusivo Nude,Beleza,Sérum Facial,FORN-100,52,121.05,271.18,0,0,0,68,2025-01-14,Ruptura,444,0.1982,0.0,0.0,2.24,True,False
SKU-01220,Regata Sustentável Nude,Moda,Regata,FORN-074,47,181.47,471.31,475,54,421,38,2025-12-08,Em Estoque,448,0.378,76398.87,198421.51,2.6,False,False
SKU-01221,Máscara de Cílios Luxo Azul,Beleza,Máscara de Cílios,FORN-092,58,61.02,118.46,0,0,0,10,2024-03-08,Ruptura,440,0.1613,0.0,0.0,1.94,True,False
SKU-01222,Batom Oversize Preto,Beleza,Batom,FORN-022,56,364.44,745.45,0,0,0,47,2024-02-20,Ruptura,505,0.3255,0.0,0.0,2.05,True,False
SKU-01223,Meias Slim Rosa,Acessórios,Meias,FORN-004,58,172.78,293.91,386,94,292,133,2025-02-25,Em Estoque,448,0.3504,50451.76,85821.72,1.7,False,False
SKU-01224,Kit Skincare Delicado Prata,Beleza,Kit Skincare,FORN-081,46,227.75,712.92,0,0,0,112,2024-09-05,Ruptura,261,0.222,0.0,0.0,3.13,True,False
SKU-01225,Base Líquida Delicado Azul,Beleza,Base Líquida,FORN-042,50,369.26,961.02,484,67,417,149,2024-10-22,Em Estoque,434,0.3497,153981.42,400745.34,2.6,False,False
SKU-01226,Sombra Artesanal Prata,Beleza,Sombra,FORN-057,9,373.52,825.43,159,44,115,33,2024-06-19,Em Estoque,501,0.402,42954.8,94924.45,2.21,False,False
SKU-01227,Calça Jeans Artesanal Bege,Moda,Calça Jeans,FORN-093,14,278.22,471.23,703,92,611,73,2025-07-23,Descontinuado,448,0.0576,169992.42,287921.53,1.69,False,True
SKU-01228,Batom Urban Preto,Beleza,Batom,FORN-030,14,224.37,635.88,413,50,363,63,2024-06-08,Em Estoque,308,0.0509,81446.31,230824.44,2.83,False,False
SKU-01229,Óleo Corporal Oversize Nude,Beleza,Óleo Corporal,FORN-008,57,204.49,343.27,304,83,221,87,2023-05-17,Em Estoque,228,0.1474,45192.29,75862.67,1.68,False,False
SKU-01230,Batom Urban Rosa,Beleza,Batom,FORN-095,13,253.09,579.61,210,6,204,93,2024-05-06,Descontinuado,498,0.1581,51630.36,118240.44,2.29,False,True
SKU-01231,Pochete Delicado Dourado,Acessórios,Pochete,FORN-044,13,359.14,902.86,400,39,361,91,2023-04-26,Em Estoque,448,0.3047,129649.54,325932.46,2.51,False,False
SKU-01232,Protetor Solar Luxo Verde,Beleza,Protetor Solar,FORN-034,57,352.84,1006.74,0,0,0,117,2024-12-10,Ruptura,586,0.3167,0.0,0.0,2.85,True,False
SKU-01233,Óleo Corporal Moderno Preto,Beleza,Óleo Corporal,FORN-002,15,181.69,539.42,60,5,55,48,2024-03-25,Em Estoque,618,0.4822,9992.95,29668.1,2.97,False,False
SKU-01234,Esfoliante Sustentável Rosa,Beleza,Esfoliante,FORN-052,49,310.25,800.83,199,1,198,36,2023-03-09,Em Estoque,561,0.4554,61429.5,158564.34,2.58,False,False
SKU-01235,Colar Exclusivo Prata,Acessórios,Colar,FORN-082,57,397.48,639.86,463,137,326,13,2023-08-19,Em Estoque,448,0.1986,129578.48,208594.36,1.61,False,False
SKU-01236,Planta Artificial Clássico Azul,Lifestyle,Planta Artificial,FORN-011,7,239.58,721.61,183,28,155,13,2024-08-05,Em Estoque,448,0.2049,37134.9,111849.55,3.01,False,False
SKU-01237,Vestido Urban Vermelho,Moda,Vestido,FORN-010,49,297.57,913.91,657,58,599,132,2024-04-14,Em Estoque,448,0.2948,178244.43,547432.09,3.07,False,False
SKU-01238,Condicionador Exclusivo Preto,Beleza,Condicionador,FORN-060,13,153.13,445.67,86,11,75,77,2025-03-10,Estoque Crítico,310,0.0626,11484.75,33425.25,2.91,True,False
SKU-01239,Condicionador Moderno Prata,Beleza,Condicionador,FORN-042,53,157.57,441.81,486,68,418,22,2023-11-14,Em Estoque,472,0.3265,65864.26,184676.58,2.8,False,False
SKU-01240,Vestido Luxo Azul,Moda,Vestido,FORN-010,48,73.18,139.75,730,73,657,147,2025-12-24,Em Estoque,448,0.3414,48079.26,91815.75,1.91,False,False
SKU-01241,Base Líquida Sustentável Dourado,Beleza,Base Líquida,FORN-100,57,310.38,617.23,150,41,109,52,2024-03-01,Em Estoque,568,0.3429,33831.42,67278.07,1.99,False,False
SKU-01242,Kit Chá Oversize Preto,Lifestyle,Kit Chá,FORN-084,13,43.1,127.35,310,49,261,73,2023-05-11,Em Estoque,448,0.098,11249.1,33238.35,2.95,False,False
SKU-01243,Condicionador Moderno Verde,Beleza,Condicionador,FORN-093,13,211.16,386.79,319,29,290,94,2023-05-01,Descontinuado,286,0.2578,61236.4,112169.1,1.83,False,True
SKU-01244,Luminária Sustentável Dourado,Lifestyle,Luminária,FORN-065,9,215.39,367.7,217,44,173,54,2024-05-09,Em Estoque,448,0.4778,37262.47,63612.1,1.71,False,False
SKU-01245,Moletom Premium Prata,Moda,Moletom,FORN-027,13,354.02,956.38,486,55,431,125,2025-09-04,Descontinuado,448,0.3434,152582.62,412199.78,2.7,False,True
SKU-01246,Relógio de Parede Oversize Azul,Lifestyle,Relógio de Parede,FORN-083,14,66.87,164.41,491,128,363,141,2025-05-28,Em Estoque,448,0.1936,24273.81,59680.83,2.46,False,False
SKU-01247,Kit Skincare Edição Limitada Nude,Beleza,Kit Skincare,FORN-068,13,315.04,950.06,391,88,303,25,2024-06-16,Em Estoque,316,0.4189,95457.12,287868.18,3.02,False,False
SKU-01248,Saia Urban Bege,Moda,Saia,FORN-033,57,108.37,313.88,746,138,608,107,2025-05-06,Em Estoque,448,0.4524,65888.96,190839.04,2.9,False,False
SKU-01249,Relógio de Parede Moderno Nude,Lifestyle,Relógio de Parede,FORN-058,50,218.16,432.22,405,13,392,48,2023-11-22,Em Estoque,448,0.016,85518.72,169430.24,1.98,False,False
SKU-01250,Óculos de Sol Artesanal Azul,Acessórios,Óculos de Sol,FORN-023,13,349.43,1075.77,364,73,291,64,2023-03-04,Descontinuado,448,0.0594,101684.13,313049.07,3.08,False,True
SKU-01251,Vestido Premium Preto,Moda,Vestido,FORN-009,13,166.66,382.38,430,123,307,108,2023-01-18,Em Estoque,448,0.1484,51164.62,117390.66,2.29,False,False
SKU-01252,Condicionador Básico Rosa,Beleza,Condicionador,FORN-008,52,361.14,745.02,163,41,122,72,2025-02-19,Descontinuado,674,0.1389,44059.08,90892.44,2.06,False,True
SKU-01253,Planta Artificial Urban Bege,Lifestyle,Planta Artificial,FORN-025,10,137.55,410.75,301,40,261,35,2023-01-07,Em Estoque,448,0.4973,35900.55,107205.75,2.99,False,False
SKU-01254,Condicionador Edição Limitada Bege,Beleza,Condicionador,FORN-001,10,330.6,676.51,168,47,121,107,2024-02-11,Descontinuado,227,0.2185,40002.6,81857.71,2.05,False,True
SKU-01255,Cinto Edição Limitada Vermelho,Acessórios,Cinto,FORN-035,6,48.05,146.46,201,58,143,104,2024-02-23,Em Estoque,448,0.4205,6871.15,20943.78,3.05,False,False
SKU-01256,Pulseira Slim Preto,Acessórios,Pulseira,FORN-058,55,58.22,150.36,472,68,404,130,2023-09-20,Descontinuado,448,0.3867,23520.88,60745.44,2.58,False,True
SKU-01257,Luminária Edição Limitada Prata,Lifestyle,Luminária,FORN-026,54,230.51,508.2,371,72,299,113,2023-07-20,Em Estoque,448,0.0087,68922.49,151951.8,2.2,False,False
SKU-01258,Moletom Exclusivo Prata,Moda,Moletom,FORN-067,48,199.54,636.93,676,200,476,28,2024-01-12,Em Estoque,448,0.2149,94981.04,303178.68,3.19,False,False
SKU-01259,Base Líquida Artesanal Dourado,Beleza,Base Líquida,FORN-049,5,283.42,560.83,11,0,11,43,2024-12-25,Estoque Crítico,547,0.2278,3117.62,6169.13,1.98,True,False
SKU-01260,Lenço Artesanal Prata,Acessórios,Lenço,FORN-024,57,25.58,80.95,283,0,283,104,2023-02-26,Em Estoque,448,0.1685,7239.14,22908.85,3.16,False,False
SKU-01261,Calça Jeans Sustentável Dourado,Moda,Calça Jeans,FORN-059,9,288.31,770.81,141,24,117,57,2023-02-18,Em Estoque,448,0.4176,33732.27,90184.77,2.67,False,False
SKU-01262,Creme Hidratante Básico Nude,Beleza,Creme Hidratante,FORN-092,57,377.19,866.48,90,5,85,46,2025-08-11,Em Estoque,234,0.4058,32061.15,73650.8,2.3,False,False
SKU-01263,Colar Sport Verde,Acessórios,Colar,FORN-035,7,59.99,149.12,348,37,311,105,2024-01-11,Em Estoque,448,0.2534,18656.89,46376.32,2.49,False,False
SKU-01264,Camisa Social Clássico Bege,Moda,Camisa Social,FORN-047,12,335.59,918.34,18,0,18,26,2025-07-08,Estoque Crítico,448,0.4627,6040.62,16530.12,2.74,True,False
SKU-01265,Mochila Slim Preto,Acessórios,Mochila,FORN-059,7,100.28,182.27,433,120,313,55,2025-03-18,Em Estoque,448,0.4438,31387.64,57050.51,1.82,False,False
SKU-01266,Colar Premium Preto,Acessórios,Colar,FORN-012,12,217.66,677.47,418,66,352,56,2023-12-09,Em Estoque,448,0.1209,76616.32,238469.44,3.11,False,False
SKU-01267,Moletom Básico Vermelho,Moda,Moletom,FORN-070,56,22.37,38.15,359,82,277,25,2023-02-19,Em Estoque,448,0.0015,6196.49,10567.55,1.71,False,False
SKU-01268,Saia Delicado Branco,Moda,Saia,FORN-085,47,139.69,319.03,765,190,575,102,2023-08-02,Em Estoque,448,0.0689,80321.75,183442.25,2.28,False,False
SKU-01269,Saia Básico Vermelho,Moda,Saia,FORN-076,55,278.58,447.78,495,22,473,139,2025-05-18,Em Estoque,448,0.3499,131768.34,211799.94,1.61,False,False
SKU-01270,Top Clássico Nude,Moda,Top,FORN-067,59,177.02,440.52,218,52,166,98,2023-10-09,Em Estoque,448,0.2366,29385.32,73126.32,2.49,False,False
SKU-01271,Legging Básico Nude,Moda,Legging,FORN-093,13,371.76,1176.19,207,51,156,147,2023-04-25,Em Estoque,448,0.0363,57994.56,183485.64,3.16,False,False
SKU-01272,Camiseta Clássico Verde,Moda,Camiseta,FORN-100,57,104.28,197.41,479,54,425,102,2024-05-17,Em Estoque,448,0.4121,44319.0,83899.25,1.89,False,False
SKU-01273,Vestido Edição Limitada Prata,Moda,Vestido,FORN-008,57,347.58,1100.58,839,114,725,59,2025-09-08,Em Estoque,448,0.4982,251995.5,797920.5,3.17,False,False
SKU-01274,Lenço Exclusivo Azul,Acessórios,Lenço,FORN-071,9,387.72,817.57,116,24,92,86,2024-03-18,Descontinuado,448,0.1677,35670.24,75216.44,2.11,False,True
SKU-01275,Blush Slim Preto,Beleza,Blush,FORN-051,10,190.61,407.31,40,5,35,111,2023-04-19,Estoque Crítico,367,0.3649,6671.35,14255.85,2.14,True,False
SKU-01276,Camiseta Exclusivo Verde,Moda,Camiseta,FORN-099,10,60.71,145.06,716,7,709,36,2023-02-03,Em Estoque,448,0.2319,43043.39,102847.54,2.39,False,False
SKU-01277,Batom Básico Nude,Beleza,Batom,FORN-088,5,74.08,214.0,360,56,304,109,2023-11-23,Em Estoque,204,0.2037,22520.32,65056.0,2.89,False,False
SKU-01278,Protetor Solar Oversize Rosa,Beleza,Protetor Solar,FORN-090,6,279.38,893.22,457,21,436,44,2023-08-11,Em Estoque,545,0.4361,121809.68,389443.92,3.2,False,False
SKU-01279,Vestido Luxo Vermelho,Moda,Vestido,FORN-098,46,50.0,88.88,219,23,196,98,2025-11-22,Em Estoque,448,0.2206,9800.0,17420.48,1.78,False,False
SKU-01280,Brinco Premium Dourado,Acessórios,Brinco,FORN-037,5,383.23,915.04,391,56,335,58,2023-08-20,Em Estoque,448,0.4654,128382.05,306538.4,2.39,False,False
SKU-01281,Espelho de Mesa Urban Verde,Lifestyle,Espelho de Mesa,FORN-083,5,367.11,978.82,424,16,408,22,2023-07-10,Em Estoque,448,0.3114,149780.88,399358.56,2.67,False,False
SKU-01282,Meias Premium Azul,Acessórios,Meias,FORN-089,14,65.04,132.93,64,1,63,64,2024-01-17,Estoque Crítico,448,0.3062,4097.52,8374.59,2.04,True,False
SKU-01283,Colar Básico Branco,Acessórios,Colar,FORN-070,54,258.21,789.03,489,56,433,96,2025-10-06,Em Estoque,448,0.1802,111804.93,341649.99,3.06,False,False
SKU-01284,Garrafa Térmica Oversize Nude,Lifestyle,Garrafa Térmica,FORN-044,7,37.37,82.99,17,0,17,114,2024-10-19,Estoque Crítico,448,0.0075,635.29,1410.83,2.22,True,False
SKU-01285,Camisa Social Edição Limitada Prata,Moda,Camisa Social,FORN-008,47,227.76,625.75,488,61,427,132,2025-05-23,Em Estoque,448,0.3586,97253.52,267195.25,2.75,False,False
SKU-01286,Cinto Moderno Nude,Acessórios,Cinto,FORN-037,9,240.8,756.37,191,55,136,67,2023-01-13,Em Estoque,448,0.1891,32748.8,102866.32,3.14,False,False
SKU-01287,Porta-Retrato Oversize Verde,Lifestyle,Porta-Retrato,FORN-002,8,81.06,174.82,5,0,5,136,2023-07-11,Estoque Crítico,448,0.1283,405.3,874.1,2.16,True,False
SKU-01288,Óculos de Sol Slim Branco,Acessórios,Óculos de Sol,FORN-059,13,116.81,295.69,321,23,298,48,2023-04-10,Em Estoque,448,0.0485,34809.38,88115.62,2.53,False,False
SKU-01289,Camiseta Artesanal Preto,Moda,Camiseta,FORN-083,11,338.79,567.21,1182,276,906,115,2025-05-08,Descontinuado,448,0.4433,306943.74,513892.26,1.67,False,True
SKU-01290,Moletom Edição Limitada Dourado,Moda,Moletom,FORN-029,49,254.18,409.33,694,116,578,95,2025-09-26,Em Estoque,448,0.2261,146916.04,236592.74,1.61,False,False
SKU-01291,Óculos de Sol Básico Bege,Acessórios,Óculos de Sol,FORN-076,58,138.44,309.05,118,15,103,117,2025-03-26,Estoque Crítico,448,0.0052,14259.32,31832.15,2.23,True,False
SKU-01292,Kit Chá Oversize Verde,Lifestyle,Kit Chá,FORN-067,50,49.54,115.88,237,3,234,42,2023-08-04,Em Estoque,448,0.1728,11592.36,27115.92,2.34,False,False
SKU-01293,Legging Delicado Prata,Moda,Legging,FORN-001,7,91.84,249.87,1022,87,935,27,2024-09-26,Em Estoque,448,0.2869,85870.4,233628.45,2.72,False,False
SKU-01294,Sérum Facial Urban Verde,Beleza,Sérum Facial,FORN-073,48,184.82,524.24,257,55,202,64,2025-06-11,Em Estoque,500,0.2849,37333.64,105896.48,2.84,False,False
SKU-01295,Blush Clássico Branco,Beleza,Blush,FORN-049,13,216.37,591.58,384,98,286,96,2023-08-18,Em Estoque,401,0.0345,61881.82,169191.88,2.73,False,False
SKU-01296,Chapéu Clássico Prata,Acessórios,Chapéu,FORN-075,60,361.7,1043.84,141,21,120,89,2023-11-04,Em Estoque,448,0.0699,43404.0,125260.8,2.89,False,False
SKU-01297,Kit Chá Clássico Preto,Lifestyle,Kit Chá,FORN-007,7,229.46,592.94,274,16,258,68,2023-11-05,Em Estoque,448,0.0453,59200.68,152978.52,2.58,False,False
SKU-01298,Shorts Urban Azul,Moda,Shorts,FORN-094,49,371.33,1105.23,831,249,582,102,2025-10-23,Em Estoque,448,0.0061,216114.06,643243.86,2.98,False,False
SKU-01299,Top Sport Preto,Moda,Top,FORN-017,46,260.94,826.1,283,19,264,66,2023-03-23,Em Estoque,448,0.1802,68888.16,218090.4,3.17,False,False
SKU-01300,Meias Básico Azul,Acessórios,Meias,FORN-048,8,35.74,101.61,66,16,50,33,2024-06-02,Em Estoque,448,0.1985,1787.0,5080.5,2.84,False,False
SKU-01301,Camiseta Oversize Nude,Moda,Camiseta,FORN-030,12,193.63,420.06,950,114,836,43,2023-11-01,Em Estoque,448,0.4953,161874.68,351170.16,2.17,False,False
SKU-01302,Top Luxo Branco,Moda,Top,FORN-061,54,163.69,421.17,162,33,129,65,2023-01-09,Em Estoque,448,0.4827,21116.01,54330.93,2.57,False,False
SKU-01303,Creme Hidratante Básico Nude,Beleza,Creme Hidratante,FORN-050,57,81.64,204.75,0,0,0,61,2023-07-16,Ruptura,237,0.1841,0.0,0.0,2.51,True,False
SKU-01304,Óleo Corporal Luxo Vermelho,Beleza,Óleo Corporal,FORN-051,12,382.54,1148.85,20,3,17,69,2025-07-05,Estoque Crítico,266,0.2856,6503.18,19530.45,3.0,True,False
SKU-01305,Caderno Oversize Preto,Lifestyle,Caderno,FORN-039,14,129.04,364.01,130,19,111,19,2024-07-13,Em Estoque,448,0.3427,14323.44,40405.11,2.82,False,False
SKU-01306,Protetor Solar Sport Azul,Beleza,Protetor Solar,FORN-073,58,150.64,313.89,309,48,261,52,2024-04-05,Em Estoque,624,0.4412,39317.04,81925.29,2.08,False,False
SKU-01307,Shorts Clássico Rosa,Moda,Shorts,FORN-028,11,272.88,838.13,756,167,589,92,2024-11-05,Em Estoque,448,0.2578,160726.32,493658.57,3.07,False,False
SKU-01308,Sérum Facial Exclusivo Dourado,Beleza,Sérum Facial,FORN-077,48,301.16,930.13,75,20,55,71,2025-05-27,Estoque Crítico,569,0.1326,16563.8,51157.15,3.09,True,False
SKU-01309,Blusa de Tricô Delicado Azul,Moda,Blusa de Tricô,FORN-018,54,379.95,1200.1,191,42,149,24,2024-09-08,Em Estoque,448,0.1311,56612.55,178814.9,3.16,False,False
SKU-01310,Camiseta Delicado Azul,Moda,Camiseta,FORN-010,47,288.43,630.32,684,103,581,17,2024-12-09,Em Estoque,448,0.234,167577.83,366215.92,2.19,False,False
SKU-01311,Espelho de Mesa Urban Rosa,Lifestyle,Espelho de Mesa,FORN-064,10,322.51,723.13,364,92,272,78,2025-11-11,Em Estoque,448,0.1809,87722.72,196691.36,2.24,False,False
SKU-01312,Blusa de Tricô Artesanal Dourado,Moda,Blusa de Tricô,FORN-035,11,166.93,461.56,795,206,589,26,2024-04-09,Em Estoque,448,0.0894,98321.77,271858.84,2.76,False,False
SKU-01313,Camiseta Exclusivo Preto,Moda,Camiseta,FORN-074,55,371.61,1151.6,313,43,270,57,2024-10-05,Em Estoque,448,0.47,100334.7,310932.0,3.1,False,False
SKU-01314,Batom Slim Dourado,Beleza,Batom,FORN-024,48,344.31,682.85,232,35,197,44,2023-06-25,Em Estoque,452,0.0916,67829.07,134521.45,1.98,False,False
SKU-01315,Shorts Premium Rosa,Moda,Shorts,FORN-084,13,241.74,482.63,161,7,154,87,2024-05-07,Em Estoque,448,0.0289,37227.96,74325.02,2.0,False,False
SKU-01316,Protetor Solar Urban Dourado,Beleza,Protetor Solar,FORN-029,48,385.2,1035.83,0,0,0,146,2025-11-24,Ruptura,723,0.4112,0.0,0.0,2.69,True,False
SKU-01317,Óculos de Sol Básico Branco,Acessórios,Óculos de Sol,FORN-048,13,189.72,581.65,285,35,250,91,2023-04-12,Em Estoque,448,0.3293,47430.0,145412.5,3.07,False,False
SKU-01318,Porta-Retrato Edição Limitada Prata,Lifestyle,Porta-Retrato,FORN-059,9,121.48,326.59,455,127,328,22,2023-08-07,Em Estoque,448,0.0826,39845.44,107121.52,2.69,False,False
SKU-01319,Esfoliante Premium Prata,Beleza,Esfoliante,FORN-053,10,352.62,1027.03,113,28,85,128,2024-03-19,Estoque Crítico,620,0.2008,29972.7,87297.55,2.91,True,False
SKU-01320,Jaqueta Moderno Dourado,Moda,Jaqueta,FORN-001,6,125.89,213.9,47,10,37,101,2023-08-18,Estoque Crítico,448,0.0324,4657.93,7914.3,1.7,True,False
SKU-01321,Brinco Oversize Prata,Acessórios,Brinco,FORN-085,46,33.82,103.94,247,22,225,42,2023-05-06,Em Estoque,448,0.3316,7609.5,23386.5,3.07,False,False
SKU-01322,Carteira Edição Limitada Preto,Acessórios,Carteira,FORN-078,9,106.15,267.27,405,15,390,65,2024-09-26,Em Estoque,448,0.0443,41398.5,104235.3,2.52,False,False
SKU-01323,Bolsa de Couro Moderno Branco,Acessórios,Bolsa de Couro,FORN-026,57,256.53,554.54,78,16,62,110,2023-12-01,Estoque Crítico,448,0.3009,15904.86,34381.48,2.16,True,False
SKU-01324,Legging Urban Dourado,Moda,Legging,FORN-032,10,68.57,150.69,630,168,462,64,2023-03-06,Em Estoque,448,0.3469,31679.34,69618.78,2.2,False,False
SKU-01325,Garrafa Térmica Sport Nude,Lifestyle,Garrafa Térmica,FORN-025,13,249.29,468.39,147,23,124,131,2025-12-27,Estoque Crítico,448,0.4473,30911.96,58080.36,1.88,True,False
SKU-01326,Caderno Moderno Bege,Lifestyle,Caderno,FORN-030,11,182.19,439.38,497,8,489,130,2024-02-02,Em Estoque,448,0.2301,89090.91,214856.82,2.41,False,False
SKU-01327,Batom Artesanal Dourado,Beleza,Batom,FORN-016,50,335.31,643.74,19,0,19,13,2024-02-05,Em Estoque,407,0.4466,6370.89,12231.06,1.92,False,False
SKU-01328,Perfume Urban Bege,Beleza,Perfume,FORN-091,47,386.19,922.53,406,107,299,121,2025-05-18,Em Estoque,669,0.101,115470.81,275836.47,2.39,False,False
SKU-01329,Creme Hidratante Clássico Bege,Beleza,Creme Hidratante,FORN-027,8,393.22,1247.28,72,5,67,140,2023-11-04,Estoque Crítico,479,0.1276,26345.74,83567.76,3.17,True,False
SKU-01330,Regata Urban Nude,Moda,Regata,FORN-020,50,87.88,275.36,587,158,429,96,2023-06-21,Descontinuado,448,0.1954,37700.52,118129.44,3.13,False,True
SKU-01331,Relógio de Parede Delicado Dourado,Lifestyle,Relógio de Parede,FORN-032,6,344.93,615.21,28,4,24,111,2025-08-09,Estoque Crítico,448,0.0532,8278.32,14765.04,1.78,True,False
SKU-01332,Saia Urban Verde,Moda,Saia,FORN-030,13,380.92,1080.09,668,38,630,13,2025-02-08,Em Estoque,448,0.0881,239979.6,680456.7,2.84,False,False
SKU-01333,Planta Artificial Delicado Rosa,Lifestyle,Planta Artificial,FORN-085,57,107.11,313.3,242,46,196,108,2023-06-24,Em Estoque,448,0.2386,20993.56,61406.8,2.93,False,False
SKU-01334,Creme Hidratante Artesanal Branco,Beleza,Creme Hidratante,FORN-023,15,270.68,592.59,219,34,185,28,2023-10-25,Em Estoque,530,0.1656,50075.8,109629.15,2.19,False,False
SKU-01335,Camisa Social Urban Branco,Moda,Camisa Social,FORN-074,57,245.12,475.15,328,63,265,101,2023-01-16,Em Estoque,448,0.4058,64956.8,125914.75,1.94,False,False
SKU-01336,Vestido Edição Limitada Bege,Moda,Vestido,FORN-086,5,47.03,140.48,1146,338,808,32,2023-05-03,Em Estoque,448,0.2862,38000.24,113507.84,2.99,False,False
SKU-01337,Luminária Artesanal Vermelho,Lifestyle,Luminária,FORN-060,13,235.28,547.32,18,4,14,143,2024-04-03,Estoque Crítico,448,0.0833,3293.92,7662.48,2.33,True,False
SKU-01338,Blush Moderno Branco,Beleza,Blush,FORN-078,7,70.1,185.29,345,97,248,17,2024-06-23,Em Estoque,723,0.2678,17384.8,45951.92,2.64,False,False
SKU-01339,Perfume Edição Limitada Verde,Beleza,Perfume,FORN-031,15,375.67,1166.5,350,73,277,89,2023-02-20,Em Estoque,571,0.1651,104060.59,323120.5,3.11,False,False
SKU-01340,Regata Urban Nude,Moda,Regata,FORN-082,55,89.04,160.23,1000,35,965,100,2023-06-16,Em Estoque,448,0.1369,85923.6,154621.95,1.8,False,False
SKU-01341,Top Sustentável Rosa,Moda,Top,FORN-062,5,290.17,464.82,430,118,312,111,2024-05-18,Em Estoque,448,0.2182,90533.04,145023.84,1.6,False,False
SKU-01342,Kit Skincare Sustentável Nude,Beleza,Kit Skincare,FORN-058,54,356.23,620.71,417,25,392,108,2024-07-23,Em Estoque,518,0.0175,139642.16,243318.32,1.74,False,False
SKU-01343,Óleo Corporal Oversize Azul,Beleza,Óleo Corporal,FORN-061,51,34.3,95.44,499,69,430,119,2025-03-15,Em Estoque,546,0.0695,14749.0,41039.2,2.78,False,False
SKU-01344,Garrafa Térmica Oversize Azul,Lifestyle,Garrafa Térmica,FORN-007,10,245.55,675.37,91,11,80,99,2023-03-17,Estoque Crítico,448,0.0814,19644.0,54029.6,2.75,True,False
SKU-01345,Protetor Solar Edição Limitada Rosa,Beleza,Protetor Solar,FORN-031,6,344.26,889.06,469,134,335,95,2025-07-12,Em Estoque,603,0.3291,115327.1,297835.1,2.58,False,False
SKU-01346,Blusa de Tricô Delicado Rosa,Moda,Blusa de Tricô,FORN-038,8,136.81,275.24,74,9,65,41,2024-10-20,Em Estoque,448,0.3767,8892.65,17890.6,2.01,False,False
SKU-01347,Legging Luxo Rosa,Moda,Legging,FORN-036,14,191.34,375.46,276,33,243,14,2025-11-27,Em Estoque,448,0.2811,46495.62,91236.78,1.96,False,False
SKU-01348,Camiseta Artesanal Verde,Moda,Camiseta,FORN-065,11,68.76,189.55,740,147,593,146,2025-09-19,Em Estoque,448,0.1355,40774.68,112403.15,2.76,False,False
SKU-01349,Calça Jeans Premium Nude,Moda,Calça Jeans,FORN-058,49,43.26,81.21,490,122,368,93,2024-09-12,Em Estoque,448,0.3155,15919.68,29885.28,1.88,False,False
SKU-01350,Caderno Oversize Dourado,Lifestyle,Caderno,FORN-075,49,346.47,624.01,125,0,125,20,2024-05-19,Em Estoque,448,0.1529,43308.75,78001.25,1.8,False,False
SKU-01351,Óculos de Sol Sport Nude,Acessórios,Óculos de Sol,FORN-029,46,332.72,607.65,377,111,266,101,2023-03-25,Em Estoque,448,0.3672,88503.52,161634.9,1.83,False,False
SKU-01352,Batom Luxo Verde,Beleza,Batom,FORN-068,14,168.81,359.43,172,40,132,130,2023-09-14,Em Estoque,260,0.4614,22282.92,47444.76,2.13,False,False
SKU-01353,Base Líquida Slim Verde,Beleza,Base Líquida,FORN-071,9,91.88,249.29,203,24,179,66,2023-02-08,Em Estoque,559,0.025,16446.52,44622.91,2.71,False,False
SKU-01354,Vestido Moderno Vermelho,Moda,Vestido,FORN-021,49,32.72,65.37,317,23,294,77,2024-04-21,Em Estoque,448,0.1513,9619.68,19218.78,2.0,False,False
SKU-01355,Espelho de Mesa Edição Limitada Prata,Lifestyle,Espelho de Mesa,FORN-095,15,324.38,724.66,420,69,351,17,2023-09-26,Em Estoque,448,0.4748,113857.38,254355.66,2.23,False,False
SKU-01356,Legging Clássico Nude,Moda,Legging,FORN-036,11,306.24,960.01,156,41,115,32,2025-11-16,Em Estoque,448,0.1437,35217.6,110401.15,3.13,False,False
SKU-01357,Protetor Solar Premium Rosa,Beleza,Protetor Solar,FORN-027,10,42.21,82.96,406,101,305,103,2023-03-06,Em Estoque,467,0.2116,12874.05,25302.8,1.97,False,False
SKU-01358,Saia Delicado Verde,Moda,Saia,FORN-094,50,95.61,173.39,156,14,142,12,2023-01-05,Em Estoque,448,0.2872,13576.62,24621.38,1.81,False,False
SKU-01359,Jaqueta Premium Azul,Moda,Jaqueta,FORN-003,8,94.96,213.97,1108,62,1046,119,2024-06-27,Descontinuado,448,0.4281,99328.16,223812.62,2.25,False,True
SKU-01360,Saia Artesanal Nude,Moda,Saia,FORN-045,10,114.67,320.78,177,23,154,63,2023-02-06,Em Estoque,448,0.3676,17659.18,49400.12,2.8,False,False
SKU-01361,Creme Hidratante Luxo Dourado,Beleza,Creme Hidratante,FORN-022,52,31.04,63.12,469,33,436,21,2023-09-10,Em Estoque,196,0.0463,13533.44,27520.32,2.03,False,False
SKU-01362,Porta-Retrato Urban Bege,Lifestyle,Porta-Retrato,FORN-038,5,354.81,600.9,416,112,304,115,2024-11-18,Em Estoque,448,0.3883,107862.24,182673.6,1.69,False,False
SKU-01363,Saia Urban Dourado,Moda,Saia,FORN-042,53,177.29,460.19,615,46,569,77,2023-07-12,Em Estoque,448,0.1145,100878.01,261848.11,2.6,False,False
SKU-01364,Pochete Clássico Dourado,Acessórios,Pochete,FORN-081,49,149.0,446.33,32,2,30,49,2024-10-02,Estoque Crítico,448,0.4015,4470.0,13389.9,3.0,True,False
SKU-01365,Sombra Oversize Vermelho,Beleza,Sombra,FORN-051,13,127.06,255.08,259,18,241,73,2024-04-21,Em Estoque,258,0.3974,30621.46,61474.28,2.01,False,False
SKU-01366,Calça Jeans Básico Preto,Moda,Calça Jeans,FORN-016,59,387.08,645.32,713,176,537,116,2025-10-02,Em Estoque,448,0.4455,207861.96,346536.84,1.67,False,False
SKU-01367,Pochete Luxo Preto,Acessórios,Pochete,FORN-063,9,283.56,815.72,477,57,420,48,2024-02-19,Em Estoque,448,0.309,119095.2,342602.4,2.88,False,False
SKU-01368,Porta-Retrato Artesanal Verde,Lifestyle,Porta-Retrato,FORN-095,6,207.72,389.74,72,15,57,109,2025-05-08,Estoque Crítico,448,0.1109,11840.04,22215.18,1.88,True,False
SKU-01369,Máscara de Cílios Premium Verde,Beleza,Máscara de Cílios,FORN-038,7,74.85,164.75,192,43,149,92,2025-05-19,Em Estoque,571,0.4251,11152.65,24547.75,2.2,False,False
SKU-01370,Jaqueta Sport Preto,Moda,Jaqueta,FORN-089,13,330.25,635.33,296,56,240,14,2024-09-27,Em Estoque,448,0.2548,79260.0,152479.2,1.92,False,False
SKU-01371,Óleo Corporal Premium Rosa,Beleza,Óleo Corporal,FORN-060,5,325.69,526.48,191,39,152,106,2025-11-12,Em Estoque,500,0.0955,49504.88,80024.96,1.62,False,False
SKU-01372,Kit Chá Slim Nude,Lifestyle,Kit Chá,FORN-090,7,170.96,447.14,107,10,97,91,2024-04-09,Em Estoque,448,0.4607,16583.12,43372.58,2.62,False,False
SKU-01373,Condicionador Clássico Bege,Beleza,Condicionador,FORN-046,49,26.66,46.09,204,22,182,148,2023-03-26,Descontinuado,557,0.2868,4852.12,8388.38,1.73,False,True
SKU-01374,Óculos de Sol Artesanal Rosa,Acessórios,Óculos de Sol,FORN-015,47,142.58,425.39,475,105,370,65,2023-03-19,Em Estoque,448,0.379,52754.6,157394.3,2.98,False,False
SKU-01375,Luminária Moderno Vermelho,Lifestyle,Luminária,FORN-032,12,273.98,794.48,330,52,278,54,2025-12-10,Em Estoque,448,0.477,76166.44,220865.44,2.9,False,False
SKU-01376,Moletom Básico Verde,Moda,Moletom,FORN-085,53,256.93,422.22,684,24,660,59,2023-12-04,Em Estoque,448,0.2696,169573.8,278665.2,1.64,False,False
SKU-01377,Bolsa de Couro Slim Nude,Acessórios,Bolsa de Couro,FORN-069,8,287.66,532.53,419,82,337,31,2023-03-04,Em Estoque,448,0.0873,96941.42,179462.61,1.85,False,False
SKU-01378,Legging Slim Prata,Moda,Legging,FORN-085,48,290.27,714.45,445,127,318,112,2024-01-04,Em Estoque,448,0.0558,92305.86,227195.1,2.46,False,False
SKU-01379,Regata Exclusivo Preto,Moda,Regata,FORN-050,54,395.75,1108.15,797,45,752,138,2024-08-21,Em Estoque,448,0.123,297604.0,833328.8,2.8,False,False
SKU-01380,Blusa de Tricô Delicado Vermelho,Moda,Blusa de Tricô,FORN-082,57,127.07,380.24,766,190,576,40,2025-07-24,Em Estoque,448,0.1488,73192.32,219018.24,2.99,False,False
SKU-01381,Camisa Social Clássico Vermelho,Moda,Camisa Social,FORN-019,7,48.54,91.88,312,5,307,82,2023-10-09,Em Estoque,448,0.3981,14901.78,28207.16,1.89,False,False
SKU-01382,Legging Sustentável Prata,Moda,Legging,FORN-073,48,54.22,161.59,1178,208,970,81,2025-12-17,Em Estoque,448,0.0813,52593.4,156742.3,2.98,False,False
SKU-01383,Difusor Sport Prata,Lifestyle,Difusor,FORN-003,5,103.35,236.79,209,1,208,53,2025-01-02,Descontinuado,448,0.4682,21496.8,49252.32,2.29,False,True
SKU-01384,Planta Artificial Oversize Azul,Lifestyle,Planta Artificial,FORN-070,57,91.65,160.77,164,40,124,21,2024-03-09,Em Estoque,448,0.2652,11364.6,19935.48,1.75,False,False
SKU-01385,Legging Premium Verde,Moda,Legging,FORN-071,7,371.46,1095.04,1197,289,908,25,2023-08-13,Em Estoque,448,0.2167,337285.68,994296.32,2.95,False,False
SKU-01386,Luminária Moderno Azul,Lifestyle,Luminária,FORN-023,13,397.32,767.18,446,128,318,108,2025-04-07,Em Estoque,448,0.2043,126347.76,243963.24,1.93,False,False
SKU-01387,Planta Artificial Oversize Branco,Lifestyle,Planta Artificial,FORN-081,57,87.27,203.15,126,27,99,88,2023-01-03,Em Estoque,448,0.3322,8639.73,20111.85,2.33,False,False
SKU-01388,Garrafa Térmica Moderno Nude,Lifestyle,Garrafa Térmica,FORN-020,48,275.75,815.84,374,28,346,99,2023-08-24,Em Estoque,448,0.4282,95409.5,282280.64,2.96,False,False
SKU-01389,Óleo Corporal Sport Preto,Beleza,Óleo Corporal,FORN-052,60,207.34,363.25,22,3,19,104,2025-03-01,Estoque Crítico,715,0.0511,3939.46,6901.75,1.75,True,False
SKU-01390,Almofada Moderno Branco,Lifestyle,Almofada,FORN-080,7,197.49,456.47,209,7,202,127,2025-12-04,Em Estoque,448,0.2971,39892.98,92206.94,2.31,False,False
SKU-01391,Perfume Urban Azul,Beleza,Perfume,FORN-070,54,152.98,366.53,376,86,290,14,2025-12-05,Em Estoque,588,0.2674,44364.2,106293.7,2.4,False,False
SKU-01392,Espelho de Mesa Luxo Verde,Lifestyle,Espelho de Mesa,FORN-074,48,72.58,168.18,157,39,118,139,2025-10-06,Estoque Crítico,448,0.1724,8564.44,19845.24,2.32,True,False
SKU-01393,Shorts Urban Vermelho,Moda,Shorts,FORN-081,45,310.32,863.02,139,38,101,15,2024-05-21,Em Estoque,448,0.3827,31342.32,87165.02,2.78,False,False
SKU-01394,Kit Skincare Slim Branco,Beleza,Kit Skincare,FORN-098,59,238.16,532.09,11,0,11,127,2024-11-22,Estoque Crítico,540,0.3431,2619.76,5852.99,2.23,True,False
SKU-01395,Colar Edição Limitada Rosa,Acessórios,Colar,FORN-010,51,325.04,937.15,433,77,356,38,2024-08-08,Em Estoque,448,0.2297,115714.24,333625.4,2.88,False,False
SKU-01396,Brinco Moderno Vermelho,Acessórios,Brinco,FORN-094,48,398.95,825.33,299,68,231,17,2024-05-11,Descontinuado,448,0.3029,92157.45,190651.23,2.07,False,True
SKU-01397,Planta Artificial Delicado Vermelho,Lifestyle,Planta Artificial,FORN-002,10,386.64,691.79,454,8,446,51,2024-03-15,Descontinuado,448,0.2007,172441.44,308538.34,1.79,False,True
SKU-01398,Sérum Facial Premium Prata,Beleza,Sérum Facial,FORN-023,9,223.16,447.27,266,13,253,66,2023-09-18,Em Estoque,374,0.4376,56459.48,113159.31,2.0,False,False
SKU-01399,Caderno Sustentável Rosa,Lifestyle,Caderno,FORN-086,13,229.4,594.18,377,60,317,77,2025-02-18,Em Estoque,448,0.4921,72719.8,188355.06,2.59,False,False
SKU-01400,Vestido Sustentável Verde,Moda,Vestido,FORN-002,5,20.24,33.87,353,97,256,113,2023-10-28,Em Estoque,448,0.1786,5181.44,8670.72,1.67,False,False
SKU-01401,Blusa de Tricô Edição Limitada Rosa,Moda,Blusa de Tricô,FORN-013,13,119.2,298.54,448,75,373,120,2024-10-02,Em Estoque,448,0.2404,44461.6,111355.42,2.5,False,False
SKU-01402,Vela Aromática Urban Branco,Lifestyle,Vela Aromática,FORN-068,12,81.56,245.1,411,4,407,17,2023-11-25,Em Estoque,448,0.1868,33194.92,99755.7,3.01,False,False
SKU-01403,Vela Aromática Moderno Rosa,Lifestyle,Vela Aromática,FORN-038,9,380.88,763.02,307,76,231,21,2024-08-09,Em Estoque,448,0.4774,87983.28,176257.62,2.0,False,False
SKU-01404,Batom Luxo Verde,Beleza,Batom,FORN-022,54,377.2,831.55,403,99,304,42,2023-06-12,Em Estoque,669,0.0693,114668.8,252791.2,2.2,False,False
SKU-01405,Óculos de Sol Clássico Bege,Acessórios,Óculos de Sol,FORN-016,45,146.08,284.09,325,82,243,85,2024-01-09,Em Estoque,448,0.2407,35497.44,69033.87,1.94,False,False
SKU-01406,Perfume Slim Verde,Beleza,Perfume,FORN-048,14,104.68,240.69,87,3,84,69,2025-04-11,Descontinuado,263,0.4848,8793.12,20217.96,2.3,False,True
SKU-01407,Legging Oversize Azul,Moda,Legging,FORN-014,7,286.58,853.71,1158,127,1031,110,2023-11-06,Em Estoque,448,0.4653,295463.98,880175.01,2.98,False,False
SKU-01408,Legging Delicado Dourado,Moda,Legging,FORN-031,15,74.41,234.53,1190,138,1052,147,2025-09-24,Em Estoque,448,0.1739,78279.32,246725.56,3.15,False,False
SKU-01409,Top Oversize Prata,Moda,Top,FORN-042,50,88.76,236.97,174,22,152,45,2025-06-04,Em Estoque,448,0.4888,13491.52,36019.44,2.67,False,False
SKU-01410,Blusa de Tricô Artesanal Branco,Moda,Blusa de Tricô,FORN-058,47,40.8,125.09,541,12,529,102,2024-10-03,Em Estoque,448,0.2276,21583.2,66172.61,3.07,False,False
SKU-01411,Jaqueta Delicado Verde,Moda,Jaqueta,FORN-082,51,155.52,283.95,448,75,373,38,2024-02-12,Em Estoque,448,0.3515,58008.96,105913.35,1.83,False,False
SKU-01412,Pochete Moderno Rosa,Acessórios,Pochete,FORN-038,14,97.21,207.39,250,65,185,146,2023-04-07,Em Estoque,448,0.1097,17983.85,38367.15,2.13,False,False
SKU-01413,Calça Jeans Sport Azul,Moda,Calça Jeans,FORN-031,15,218.04,558.49,186,2,184,141,2024-09-18,Em Estoque,448,0.4062,40119.36,102762.16,2.56,False,False
SKU-01414,Óleo Corporal Delicado Bege,Beleza,Óleo Corporal,FORN-062,13,200.58,324.02,423,71,352,121,2023-06-22,Em Estoque,365,0.062,70604.16,114055.04,1.62,False,False
SKU-01415,Luminária Oversize Azul,Lifestyle,Luminária,FORN-042,52,203.4,587.67,262,6,256,35,2025-10-28,Em Estoque,448,0.213,52070.4,150443.52,2.89,False,False
SKU-01416,Creme Hidratante Slim Vermelho,Beleza,Creme Hidratante,FORN-064,6,299.38,691.06,193,10,183,111,2025-02-10,Em Estoque,585,0.0691,54786.54,126463.98,2.31,False,False
SKU-01417,Creme Hidratante Edição Limitada Vermelho,Beleza,Creme Hidratante,FORN-034,55,40.01,101.63,299,3,296,19,2023-01-18,Em Estoque,413,0.2891,11842.96,30082.48,2.54,False,False
SKU-01418,Protetor Solar Luxo Verde,Beleza,Protetor Solar,FORN-021,48,287.62,708.83,209,42,167,143,2024-05-06,Em Estoque,706,0.3885,48032.54,118374.61,2.46,False,False
SKU-01419,Top Artesanal Dourado,Moda,Top,FORN-075,56,186.46,465.71,379,113,266,135,2024-11-23,Em Estoque,448,0.3774,49598.36,123878.86,2.5,False,False
SKU-01420,Regata Sport Branco,Moda,Regata,FORN-076,46,88.08,151.0,763,187,576,147,2025-11-22,Em Estoque,448,0.4195,50734.08,86976.0,1.71,False,False
SKU-01421,Almofada Exclusivo Prata,Lifestyle,Almofada,FORN-025,15,251.21,747.55,460,20,440,128,2023-06-25,Em Estoque,448,0.1503,110532.4,328922.0,2.98,False,False
SKU-01422,Brinco Delicado Branco,Acessórios,Brinco,FORN-035,8,181.67,511.74,81,16,65,110,2025-02-03,Estoque Crítico,448,0.0919,11808.55,33263.1,2.82,True,False
SKU-01423,Camiseta Moderno Prata,Moda,Camiseta,FORN-065,10,305.75,904.49,116,15,101,135,2025-02-09,Estoque Crítico,448,0.4727,30880.75,91353.49,2.96,True,False
SKU-01424,Camiseta Luxo Preto,Moda,Camiseta,FORN-095,14,269.54,804.94,737,216,521,52,2023-08-15,Em Estoque,448,0.1858,140430.34,419373.74,2.99,False,False
SKU-01425,Moletom Edição Limitada Nude,Moda,Moletom,FORN-027,8,332.78,731.41,643,80,563,139,2025-01-25,Em Estoque,448,0.4806,187355.14,411783.83,2.2,False,False
SKU-01426,Top Oversize Azul,Moda,Top,FORN-017,57,27.59,77.01,124,37,87,30,2023-04-28,Em Estoque,448,0.4266,2400.33,6699.87,2.79,False,False
SKU-01427,Colar Clássico Verde,Acessórios,Colar,FORN-045,6,112.47,256.72,293,7,286,145,2024-09-26,Em Estoque,448,0.2516,32166.42,73421.92,2.28,False,False
SKU-01428,Shorts Oversize Preto,Moda,Shorts,FORN-018,54,100.63,235.24,751,178,573,145,2024-04-13,Em Estoque,448,0.0708,57660.99,134792.52,2.34,False,False
SKU-01429,Protetor Solar Sport Verde,Beleza,Protetor Solar,FORN-066,14,172.36,343.44,180,15,165,25,2025-01-21,Em Estoque,509,0.4877,28439.4,56667.6,1.99,False,False
SKU-01430,Mochila Básico Verde,Acessórios,Mochila,FORN-082,54,191.14,381.15,333,42,291,108,2024-04-19,Em Estoque,448,0.0938,55621.74,110914.65,1.99,False,False
SKU-01431,Calça Jeans Básico Vermelho,Moda,Calça Jeans,FORN-038,8,169.3,454.76,43,8,35,71,2024-08-06,Estoque Crítico,448,0.229,5925.5,15916.6,2.69,True,False
SKU-01432,Lenço Artesanal Vermelho,Acessórios,Lenço,FORN-099,15,163.72,263.18,468,63,405,85,2023-09-03,Em Estoque,448,0.1282,66306.6,106587.9,1.61,False,False
SKU-01433,Legging Urban Vermelho,Moda,Legging,FORN-010,46,359.45,933.68,713,82,631,62,2024-09-28,Em Estoque,448,0.4596,226812.95,589152.08,2.6,False,False
SKU-01434,Creme Hidratante Premium Verde,Beleza,Creme Hidratante,FORN-016,46,91.79,229.14,0,0,0,135,2023-01-09,Ruptura,609,0.1051,0.0,0.0,2.5,True,False
SKU-01435,Regata Luxo Branco,Moda,Regata,FORN-034,53,277.04,644.19,541,58,483,91,2023-01-19,Em Estoque,448,0.3988,133810.32,311143.77,2.33,False,False
SKU-01436,Batom Slim Nude,Beleza,Batom,FORN-081,45,236.47,443.86,274,35,239,140,2024-05-28,Em Estoque,294,0.428,56516.33,106082.54,1.88,False,False
SKU-01437,Blusa de Tricô Exclusivo Dourado,Moda,Blusa de Tricô,FORN-018,60,66.85,135.4,835,206,629,40,2023-07-27,Em Estoque,448,0.1362,42048.65,85166.6,2.03,False,False
SKU-01438,Vela Aromática Moderno Rosa,Lifestyle,Vela Aromática,FORN-027,14,211.47,515.21,33,8,25,136,2023-09-16,Estoque Crítico,448,0.2222,5286.75,12880.25,2.44,True,False
SKU-01439,Planta Artificial Moderno Azul,Lifestyle,Planta Artificial,FORN-028,11,127.91,301.85,7,1,6,34,2023-12-01,Estoque Crítico,448,0.3029,767.46,1811.1,2.36,True,False
SKU-01440,Base Líquida Oversize Azul,Beleza,Base Líquida,FORN-066,15,351.87,1108.71,95,17,78,42,2024-03-12,Em Estoque,350,0.485,27445.86,86479.38,3.15,False,False
SKU-01441,Carteira Urban Bege,Acessórios,Carteira,FORN-030,6,252.26,695.9,182,28,154,128,2023-01-09,Em Estoque,448,0.0341,38848.04,107168.6,2.76,False,False
SKU-01442,Legging Sustentável Nude,Moda,Legging,FORN-091,53,57.89,112.55,277,30,247,29,2023-10-16,Em Estoque,448,0.1555,14298.83,27799.85,1.94,False,False
SKU-01443,Óculos de Sol Clássico Rosa,Acessórios,Óculos de Sol,FORN-070,59,30.7,84.99,285,60,225,48,2025-07-09,Em Estoque,448,0.2876,6907.5,19122.75,2.77,False,False
SKU-01444,Vestido Oversize Branco,Moda,Vestido,FORN-064,9,321.51,609.85,14,1,13,54,2024-02-04,Estoque Crítico,448,0.2673,4179.63,7928.05,1.9,True,False
SKU-01445,Sérum Facial Moderno Rosa,Beleza,Sérum Facial,FORN-049,13,184.02,496.87,110,3,107,131,2023-03-18,Estoque Crítico,588,0.2249,19690.14,53165.09,2.7,True,False
SKU-01446,Vela Aromática Clássico Preto,Lifestyle,Vela Aromática,FORN-005,55,316.18,625.5,457,106,351,44,2023-10-12,Em Estoque,448,0.4793,110979.18,219550.5,1.98,False,False
SKU-01447,Sérum Facial Oversize Dourado,Beleza,Sérum Facial,FORN-061,55,31.41,55.07,124,8,116,95,2025-01-01,Em Estoque,652,0.0456,3643.56,6388.12,1.75,False,False
SKU-01448,Vela Aromática Urban Dourado,Lifestyle,Vela Aromática,FORN-022,50,55.54,107.01,416,48,368,20,2025-09-16,Em Estoque,448,0.3279,20438.72,39379.68,1.93,False,False
SKU-01449,Máscara de Cílios Básico Preto,Beleza,Máscara de Cílios,FORN-033,55,350.65,959.35,143,26,117,38,2024-02-19,Em Estoque,250,0.2375,41026.05,112243.95,2.74,False,False
SKU-01450,Shorts Slim Azul,Moda,Shorts,FORN-053,5,393.64,720.96,230,37,193,43,2023-06-05,Em Estoque,448,0.1993,75972.52,139145.28,1.83,False,False
SKU-01451,Vestido Moderno Nude,Moda,Vestido,FORN-035,6,73.93,204.94,680,149,531,79,2024-12-27,Em Estoque,448,0.4214,39256.83,108823.14,2.77,False,False
SKU-01452,Mochila Artesanal Preto,Acessórios,Mochila,FORN-027,15,89.4,234.81,180,20,160,34,2023-03-16,Em Estoque,448,0.3261,14304.0,37569.6,2.63,False,False
SKU-01453,Creme Hidratante Sport Prata,Beleza,Creme Hidratante,FORN-004,49,122.73,264.1,0,0,0,148,2024-02-13,Ruptura,288,0.054,0.0,0.0,2.15,True,False
SKU-01454,Caderno Exclusivo Nude,Lifestyle,Caderno,FORN-012,7,326.06,803.67,207,48,159,83,2025-10-26,Em Estoque,448,0.2074,51843.54,127783.53,2.46,False,False
SKU-01455,Batom Delicado Prata,Beleza,Batom,FORN-087,11,68.22,159.76,30,0,30,138,2025-05-10,Estoque Crítico,647,0.1302,2046.6,4792.8,2.34,True,False
SKU-01456,Protetor Solar Sustentável Prata,Beleza,Protetor Solar,FORN-012,14,61.62,101.8,149,39,110,43,2023-07-10,Descontinuado,593,0.2861,6778.2,11198.0,1.65,False,True
SKU-01457,Planta Artificial Luxo Azul,Lifestyle,Planta Artificial,FORN-051,14,385.54,1002.61,426,50,376,93,2023-05-18,Em Estoque,448,0.2191,144963.04,376981.36,2.6,False,False
SKU-01458,Sérum Facial Exclusivo Bege,Beleza,Sérum Facial,FORN-016,52,238.15,582.15,163,17,146,120,2023-03-23,Em Estoque,350,0.1005,34769.9,84993.9,2.44,False,False
SKU-01459,Relógio de Parede Sport Bege,Lifestyle,Relógio de Parede,FORN-002,10,363.01,581.68,106,13,93,10,2023-01-01,Em Estoque,448,0.1891,33759.93,54096.24,1.6,False,False
SKU-01460,Luminária Sustentável Azul,Lifestyle,Luminária,FORN-076,48,252.63,405.57,266,73,193,33,2023-05-04,Em Estoque,448,0.0023,48757.59,78275.01,1.61,False,False
SKU-01461,Base Líquida Edição Limitada Nude,Beleza,Base Líquida,FORN-097,15,77.86,153.86,350,63,287,61,2024-12-27,Em Estoque,724,0.4726,22345.82,44157.82,1.98,False,False
SKU-01462,Blush Sport Nude,Beleza,Blush,FORN-006,57,23.38,67.15,172,19,153,149,2023-09-14,Em Estoque,430,0.0213,3577.14,10273.95,2.87,False,False
SKU-01463,Camisa Social Luxo Nude,Moda,Camisa Social,FORN-066,9,280.03,559.63,121,15,106,124,2023-02-17,Estoque Crítico,448,0.4413,29683.18,59320.78,2.0,True,False
SKU-01464,Top Artesanal Prata,Moda,Top,FORN-083,10,283.84,603.89,144,19,125,48,2023-04-21,Em Estoque,448,0.4241,35480.0,75486.25,2.13,False,False
SKU-01465,Blusa de Tricô Moderno Verde,Moda,Blusa de Tricô,FORN-098,52,125.54,283.44,457,64,393,82,2025-12-09,Em Estoque,448,0.2165,49337.22,111391.92,2.26,False,False
SKU-01466,Camiseta Básico Preto,Moda,Camiseta,FORN-071,7,121.46,319.48,16,4,12,33,2025-09-05,Estoque Crítico,448,0.4604,1457.52,3833.76,2.63,True,False
SKU-01467,Planta Artificial Sustentável Nude,Lifestyle,Planta Artificial,FORN-099,9,387.9,713.3,456,100,356,46,2023-09-12,Em Estoque,448,0.0359,138092.4,253934.8,1.84,False,False
SKU-01468,Blusa de Tricô Clássico Dourado,Moda,Blusa de Tricô,FORN-030,10,262.13,500.21,627,88,539,126,2023-01-10,Em Estoque,448,0.3103,141288.07,269613.19,1.91,False,False
SKU-01469,Lenço Clássico Prata,Acessórios,Lenço,FORN-090,10,60.73,108.46,214,8,206,55,2025-06-12,Em Estoque,448,0.1441,12510.38,22342.76,1.79,False,False
SKU-01470,Mochila Básico Preto,Acessórios,Mochila,FORN-008,59,248.61,484.91,135,27,108,114,2023-01-03,Estoque Crítico,448,0.0648,26849.88,52370.28,1.95,True,False
SKU-01471,Vestido Sustentável Branco,Moda,Vestido,FORN-004,47,294.89,823.63,530,145,385,119,2023-06-03,Em Estoque,448,0.3278,113532.65,317097.55,2.79,False,False
SKU-01472,Regata Sport Verde,Moda,Regata,FORN-002,12,299.46,687.67,1190,132,1058,89,2024-12-02,Em Estoque,448,0.1534,316828.68,727554.86,2.3,False,False
SKU-01473,Vestido Sustentável Vermelho,Moda,Vestido,FORN-029,54,165.47,520.61,109,21,88,70,2023-06-16,Em Estoque,448,0.3995,14561.36,45813.68,3.15,False,False
SKU-01474,Meias Slim Dourado,Acessórios,Meias,FORN-020,53,109.25,272.4,215,10,205,135,2024-09-06,Em Estoque,448,0.1596,22396.25,55842.0,2.49,False,False
SKU-01475,Top Clássico Dourado,Moda,Top,FORN-086,7,169.81,539.82,521,107,414,109,2024-12-26,Em Estoque,448,0.0772,70301.34,223485.48,3.18,False,False
SKU-01476,Calça Jeans Artesanal Dourado,Moda,Calça Jeans,FORN-053,13,187.96,558.24,276,37,239,131,2024-02-22,Em Estoque,448,0.031,44922.44,133419.36,2.97,False,False
SKU-01477,Camiseta Premium Vermelho,Moda,Camiseta,FORN-014,13,135.26,338.83,308,16,292,70,2024-05-26,Em Estoque,448,0.0278,39495.92,98938.36,2.51,False,False
SKU-01478,Luminária Exclusivo Bege,Lifestyle,Luminária,FORN-015,49,53.01,151.87,221,32,189,101,2023-06-09,Em Estoque,448,0.0869,10018.89,28703.43,2.86,False,False
SKU-01479,Cinto Sport Rosa,Acessórios,Cinto,FORN-037,15,330.98,935.44,51,15,36,60,2025-09-03,Estoque Crítico,448,0.2661,11915.28,33675.84,2.83,True,False
SKU-01480,Sérum Facial Luxo Vermelho,Beleza,Sérum Facial,FORN-030,9,105.63,283.45,403,36,367,138,2025-03-24,Em Estoque,709,0.1393,38766.21,104026.15,2.68,False,False
SKU-01481,Planta Artificial Premium Vermelho,Lifestyle,Planta Artificial,FORN-052,53,349.15,568.86,433,25,408,35,2023-03-03,Em Estoque,448,0.4392,142453.2,232094.88,1.63,False,False
SKU-01482,Top Sport Rosa,Moda,Top,FORN-011,7,113.91,187.6,725,79,646,145,2024-01-27,Em Estoque,448,0.2488,73585.86,121189.6,1.65,False,False
SKU-01483,Legging Urban Prata,Moda,Legging,FORN-050,46,395.23,760.51,63,6,57,36,2025-08-18,Em Estoque,448,0.3118,22528.11,43349.07,1.92,False,False
SKU-01484,Bolsa de Couro Básico Branco,Acessórios,Bolsa de Couro,FORN-036,5,376.58,728.97,470,121,349,39,2023-02-25,Em Estoque,448,0.374,131426.42,254410.53,1.94,False,False
SKU-01485,Blush Delicado Prata,Beleza,Blush,FORN-054,46,316.66,559.84,322,96,226,109,2023-06-22,Em Estoque,232,0.3612,71565.16,126523.84,1.77,False,False
SKU-01486,Camisa Social Urban Rosa,Moda,Camisa Social,FORN-082,59,332.16,706.12,373,80,293,40,2023-04-15,Em Estoque,448,0.1695,97322.88,206893.16,2.13,False,False
SKU-01487,Calça Jeans Premium Dourado,Moda,Calça Jeans,FORN-022,59,218.58,350.94,140,38,102,24,2025-04-15,Em Estoque,448,0.2083,22295.16,35795.88,1.61,False,False
SKU-01488,Perfume Sport Prata,Beleza,Perfume,FORN-015,60,390.86,722.08,457,51,406,108,2024-08-16,Em Estoque,676,0.1701,158689.16,293164.48,1.85,False,False
SKU-01489,Saia Edição Limitada Prata,Moda,Saia,FORN-014,5,89.18,183.61,15,4,11,103,2024-08-28,Estoque Crítico,448,0.4852,980.98,2019.71,2.06,True,False
SKU-01490,Vestido Urban Rosa,Moda,Vestido,FORN-086,9,93.78,265.29,218,23,195,51,2023-07-19,Descontinuado,448,0.4967,18287.1,51731.55,2.83,False,True
SKU-01491,Condicionador Edição Limitada Prata,Beleza,Condicionador,FORN-046,59,118.64,316.32,0,0,0,123,2025-11-12,Ruptura,301,0.1237,0.0,0.0,2.67,True,False
SKU-01492,Caderno Sport Bege,Lifestyle,Caderno,FORN-012,10,40.87,72.94,208,57,151,86,2023-07-03,Descontinuado,448,0.4639,6171.37,11013.94,1.78,False,True
SKU-01493,Blusa de Tricô Premium Prata,Moda,Blusa de Tricô,FORN-099,9,359.26,664.8,216,14,202,147,2023-10-05,Em Estoque,448,0.4278,72570.52,134289.6,1.85,False,False
SKU-01494,Protetor Solar Premium Preto,Beleza,Protetor Solar,FORN-039,6,300.66,770.02,414,9,405,13,2024-04-02,Em Estoque,557,0.4559,121767.3,311858.1,2.56,False,False
SKU-01495,Sombra Oversize Prata,Beleza,Sombra,FORN-050,54,173.63,498.44,0,0,0,69,2024-09-03,Ruptura,513,0.0095,0.0,0.0,2.87,True,False
SKU-01496,Shorts Sustentável Vermelho,Moda,Shorts,FORN-034,49,206.42,601.18,599,31,568,91,2024-04-18,Em Estoque,448,0.3725,117246.56,341470.24,2.91,False,False
SKU-01497,Carteira Clássico Prata,Acessórios,Carteira,FORN-099,6,364.22,1111.66,168,6,162,44,2023-10-12,Em Estoque,448,0.2494,59003.64,180088.92,3.05,False,False
SKU-01498,Blusa de Tricô Slim Bege,Moda,Blusa de Tricô,FORN-049,15,37.33,99.83,612,58,554,108,2023-03-10,Em Estoque,448,0.2181,20680.82,55305.82,2.67,False,False
SKU-01499,Caderno Delicado Rosa,Lifestyle,Caderno,FORN-055,59,198.05,328.5,33,7,26,36,2023-08-07,Estoque Crítico,448,0.0315,5149.3,8541.0,1.66,True,False
SKU-01500,Base Líquida Oversize Vermelho,Beleza,Base Líquida,FORN-034,60,221.99,582.93,117,30,87,25,2023-02-16,Em Estoque,722,0.009,19313.13,50714.91,2.63,False,False
SKU-01501,Saia Slim Branco,Moda,Saia,FORN-039,13,341.74,932.64,451,41,410,54,2024-05-25,Em Estoque,448,0.3429,140113.4,382382.4,2.73,False,False
SKU-01502,Máscara de Cílios Sustentável Bege,Beleza,Máscara de Cílios,FORN-072,13,336.88,1076.42,229,53,176,119,2024-03-01,Em Estoque,566,0.3419,59290.88,189449.92,3.2,False,False
SKU-01503,Calça Jeans Luxo Azul,Moda,Calça Jeans,FORN-044,8,296.12,931.9,410,88,322,45,2024-10-05,Em Estoque,448,0.265,95350.64,300071.8,3.15,False,False
SKU-01504,Kit Chá Artesanal Preto,Lifestyle,Kit Chá,FORN-053,15,283.75,815.99,264,66,198,110,2025-11-08,Em Estoque,448,0.3473,56182.5,161566.02,2.88,False,False
SKU-01505,Garrafa Térmica Slim Preto,Lifestyle,Garrafa Térmica,FORN-045,5,281.18,874.4,309,18,291,131,2023-10-14,Em Estoque,448,0.4785,81823.38,254450.4,3.11,False,False
SKU-01506,Saia Edição Limitada Rosa,Moda,Saia,FORN-100,45,139.42,375.17,755,115,640,24,2025-08-17,Em Estoque,448,0.2322,89228.8,240108.8,2.69,False,False
SKU-01507,Caderno Slim Bege,Lifestyle,Caderno,FORN-056,6,242.94,724.02,123,33,90,76,2023-03-16,Em Estoque,448,0.2018,21864.6,65161.8,2.98,False,False
SKU-01508,Kit Chá Sport Azul,Lifestyle,Kit Chá,FORN-024,46,288.34,542.28,329,18,311,133,2023-02-25,Em Estoque,448,0.2329,89673.74,168649.08,1.88,False,False
SKU-01509,Blush Edição Limitada Nude,Beleza,Blush,FORN-016,60,60.51,112.73,0,0,0,50,2025-09-12,Ruptura,454,0.4187,0.0,0.0,1.86,True,False
SKU-01510,Perfume Moderno Preto,Beleza,Perfume,FORN-048,7,377.2,1107.79,489,2,487,63,2025-03-06,Descontinuado,364,0.3737,183696.4,539493.73,2.94,False,True
SKU-01511,Chapéu Delicado Prata,Acessórios,Chapéu,FORN-002,6,398.82,1206.34,94,21,73,111,2024-08-27,Estoque Crítico,448,0.0396,29113.86,88062.82,3.02,True,False
SKU-01512,Sérum Facial Luxo Branco,Beleza,Sérum Facial,FORN-058,59,355.74,1001.46,471,55,416,30,2024-04-15,Descontinuado,530,0.3429,147987.84,416607.36,2.82,False,True
SKU-01513,Colar Artesanal Azul,Acessórios,Colar,FORN-027,7,177.04,413.24,129,17,112,106,2025-04-28,Em Estoque,448,0.4044,19828.48,46282.88,2.33,False,False
SKU-01514,Shorts Delicado Dourado,Moda,Shorts,FORN-056,8,368.03,591.99,227,4,223,111,2024-05-02,Em Estoque,448,0.1755,82070.69,132013.77,1.61,False,False
SKU-01515,Planta Artificial Oversize Branco,Lifestyle,Planta Artificial,FORN-090,14,103.21,265.0,65,14,51,50,2024-03-18,Em Estoque,448,0.0809,5263.71,13515.0,2.57,False,False
SKU-01516,Batom Moderno Verde,Beleza,Batom,FORN-084,5,133.42,378.36,418,54,364,25,2023-07-23,Em Estoque,584,0.3233,48564.88,137723.04,2.84,False,False
SKU-01517,Kit Chá Luxo Bege,Lifestyle,Kit Chá,FORN-071,15,135.41,428.38,301,62,239,77,2025-12-21,Em Estoque,448,0.0127,32362.99,102382.82,3.16,False,False
SKU-01518,Planta Artificial Luxo Prata,Lifestyle,Planta Artificial,FORN-056,9,330.1,749.3,253,46,207,115,2023-03-02,Em Estoque,448,0.3329,68330.7,155105.1,2.27,False,False
SKU-01519,Chapéu Luxo Bege,Acessórios,Chapéu,FORN-077,46,83.04,235.39,462,95,367,86,2023-10-02,Em Estoque,448,0.2716,30475.68,86388.13,2.83,False,False
SKU-01520,Chapéu Moderno Bege,Acessórios,Chapéu,FORN-021,56,383.7,765.72,88,0,88,52,2023-06-03,Descontinuado,448,0.405,33765.6,67383.36,2.0,False,True
SKU-01521,Brinco Oversize Preto,Acessórios,Brinco,FORN-015,52,395.94,813.22,407,91,316,18,2023-07-19,Em Estoque,448,0.2776,125117.04,256977.52,2.05,False,False
SKU-01522,Sombra Delicado Azul,Beleza,Sombra,FORN-080,8,306.92,611.68,448,41,407,85,2023-07-06,Em Estoque,315,0.0046,124916.44,248953.76,1.99,False,False
SKU-01523,Óleo Corporal Artesanal Prata,Beleza,Óleo Corporal,FORN-083,8,66.53,194.98,403,34,369,79,2023-03-19,Em Estoque,521,0.3759,24549.57,71947.62,2.93,False,False
SKU-01524,Kit Skincare Artesanal Nude,Beleza,Kit Skincare,FORN-018,46,64.8,128.85,254,51,203,60,2023-08-15,Em Estoque,343,0.0337,13154.4,26156.55,1.99,False,False
SKU-01525,Vestido Artesanal Rosa,Moda,Vestido,FORN-083,6,235.22,715.7,350,101,249,35,2025-03-06,Em Estoque,448,0.0389,58569.78,178209.3,3.04,False,False
SKU-01526,Saia Oversize Azul,Moda,Saia,FORN-093,11,68.68,156.43,280,19,261,140,2025-07-09,Em Estoque,448,0.4488,17925.48,40828.23,2.28,False,False
SKU-01527,Camiseta Artesanal Vermelho,Moda,Camiseta,FORN-016,59,327.29,643.36,4,0,4,146,2024-06-28,Estoque Crítico,448,0.0696,1309.16,2573.44,1.97,True,False
SKU-01528,Vestido Sport Branco,Moda,Vestido,FORN-009,10,282.61,841.07,496,69,427,63,2025-03-04,Em Estoque,448,0.0534,120674.47,359136.89,2.98,False,False
SKU-01529,Camiseta Exclusivo Dourado,Moda,Camiseta,FORN-063,14,195.18,355.9,477,32,445,105,2025-12-09,Em Estoque,448,0.0775,86855.1,158375.5,1.82,False,False
SKU-01530,Regata Moderno Rosa,Moda,Regata,FORN-081,55,286.16,704.96,112,0,112,87,2025-08-16,Descontinuado,448,0.2469,32049.92,78955.52,2.46,False,True
SKU-01531,Kit Skincare Moderno Azul,Beleza,Kit Skincare,FORN-031,7,243.79,774.74,220,45,175,34,2024-10-02,Em Estoque,658,0.3585,42663.25,135579.5,3.18,False,False
SKU-01532,Luminária Slim Preto,Lifestyle,Luminária,FORN-067,55,261.89,748.21,183,47,136,144,2025-04-27,Estoque Crítico,448,0.3697,35617.04,101756.56,2.86,True,False
SKU-01533,Blusa de Tricô Sport Vermelho,Moda,Blusa de Tricô,FORN-091,60,71.29,204.01,18,2,16,111,2024-03-22,Estoque Crítico,448,0.2927,1140.64,3264.16,2.86,True,False
SKU-01534,Shorts Moderno Verde,Moda,Shorts,FORN-095,10,50.46,128.02,172,11,161,56,2024-01-25,Em Estoque,448,0.0925,8124.06,20611.22,2.54,False,False
SKU-01535,Relógio de Parede Urban Vermelho,Lifestyle,Relógio de Parede,FORN-022,54,189.94,471.8,96,18,78,74,2023-11-01,Em Estoque,448,0.4729,14815.32,36800.4,2.48,False,False
SKU-01536,Garrafa Térmica Slim Branco,Lifestyle,Garrafa Térmica,FORN-037,14,237.89,606.72,403,1,402,116,2024-03-27,Em Estoque,448,0.0208,95631.78,243901.44,2.55,False,False
SKU-01537,Sérum Facial Slim Verde,Beleza,Sérum Facial,FORN-007,14,157.3,300.56,34,7,27,82,2025-01-01,Estoque Crítico,417,0.3076,4247.1,8115.12,1.91,True,False
SKU-01538,Calça Jeans Artesanal Azul,Moda,Calça Jeans,FORN-032,10,309.95,763.09,705,118,587,33,2023-10-08,Em Estoque,448,0.0039,181940.65,447933.83,2.46,False,False
SKU-01539,Camiseta Exclusivo Bege,Moda,Camiseta,FORN-060,12,270.45,571.35,287,53,234,24,2024-07-28,Em Estoque,448,0.1414,63285.3,133695.9,2.11,False,False
SKU-01540,Caderno Premium Preto,Lifestyle,Caderno,FORN-074,55,106.74,200.41,138,27,111,33,2024-07-22,Em Estoque,448,0.1122,11848.14,22245.51,1.88,False,False
SKU-01541,Jaqueta Delicado Vermelho,Moda,Jaqueta,FORN-015,45,264.31,758.07,265,11,254,121,2024-03-07,Em Estoque,448,0.1952,67134.74,192549.78,2.87,False,False
SKU-01542,Shorts Básico Azul,Moda,Shorts,FORN-059,7,196.29,520.87,397,61,336,117,2023-07-28,Em Estoque,448,0.3952,65953.44,175012.32,2.65,False,False
SKU-01543,Máscara de Cílios Artesanal Preto,Beleza,Máscara de Cílios,FORN-036,11,327.36,771.72,439,87,352,35,2025-09-15,Descontinuado,268,0.4181,115230.72,271645.44,2.36,False,True
SKU-01544,Kit Skincare Artesanal Azul,Beleza,Kit Skincare,FORN-023,9,284.99,474.76,86,9,77,66,2024-05-09,Em Estoque,259,0.3845,21944.23,36556.52,1.67,False,False
SKU-01545,Shorts Oversize Vermelho,Moda,Shorts,FORN-100,55,322.53,774.58,398,57,341,12,2023-06-28,Em Estoque,448,0.2685,109982.73,264131.78,2.4,False,False
SKU-01546,Luminária Luxo Bege,Lifestyle,Luminária,FORN-054,46,126.73,297.58,101,16,85,121,2025-12-09,Estoque Crítico,448,0.0325,10772.05,25294.3,2.35,True,False
SKU-01547,Camiseta Artesanal Verde,Moda,Camiseta,FORN-030,13,352.27,916.36,320,34,286,54,2023-07-24,Em Estoque,448,0.1613,100749.22,262078.96,2.6,False,False
SKU-01548,Sérum Facial Luxo Preto,Beleza,Sérum Facial,FORN-075,52,201.24,346.99,344,54,290,22,2024-08-28,Em Estoque,276,0.1475,58359.6,100627.1,1.72,False,False
SKU-01549,Perfume Slim Rosa,Beleza,Perfume,FORN-028,12,39.47,109.11,42,8,34,125,2025-06-14,Estoque Crítico,442,0.4482,1341.98,3709.74,2.76,True,False
SKU-01550,Porta-Retrato Urban Vermelho,Lifestyle,Porta-Retrato,FORN-097,8,173.57,534.49,461,17,444,104,2025-05-23,Em Estoque,448,0.187,77065.08,237313.56,3.08,False,False
SKU-01551,Kit Skincare Artesanal Preto,Beleza,Kit Skincare,FORN-008,49,192.07,591.42,85,18,67,38,2023-09-10,Em Estoque,574,0.0112,12868.69,39625.14,3.08,False,False
SKU-01552,Brinco Edição Limitada Vermelho,Acessórios,Brinco,FORN-005,55,361.78,710.76,126,28,98,78,2024-10-17,Em Estoque,448,0.0145,35454.44,69654.48,1.96,False,False
SKU-01553,Blush Urban Azul,Beleza,Blush,FORN-003,11,198.98,570.34,463,30,433,150,2023-03-24,Em Estoque,600,0.444,86158.34,246957.22,2.87,False,False
SKU-01554,Kit Skincare Urban Rosa,Beleza,Kit Skincare,FORN-100,47,253.44,718.19,231,65,166,139,2024-06-07,Em Estoque,227,0.1942,42071.04,119219.54,2.83,False,False
SKU-01555,Espelho de Mesa Edição Limitada Azul,Lifestyle,Espelho de Mesa,FORN-039,15,329.02,893.03,355,79,276,138,2024-07-01,Em Estoque,448,0.1581,90809.52,246476.28,2.71,False,False
SKU-01556,Brinco Luxo Preto,Acessórios,Brinco,FORN-086,15,135.02,245.86,424,30,394,126,2023-05-21,Em Estoque,448,0.2119,53197.88,96868.84,1.82,False,False
SKU-01557,Difusor Exclusivo Vermelho,Lifestyle,Difusor,FORN-088,12,31.3,69.65,95,26,69,25,2023-07-25,Em Estoque,448,0.4655,2159.7,4805.85,2.23,False,False
SKU-01558,Vela Aromática Sustentável Azul,Lifestyle,Vela Aromática,FORN-075,50,311.36,751.73,315,10,305,147,2023-08-04,Em Estoque,448,0.2099,94964.8,229277.65,2.41,False,False
SKU-01559,Jaqueta Delicado Azul,Moda,Jaqueta,FORN-060,6,193.87,593.84,6,1,5,77,2023-07-19,Estoque Crítico,448,0.1467,969.35,2969.2,3.06,True,False
SKU-01560,Legging Sport Nude,Moda,Legging,FORN-069,15,382.4,755.27,89,7,82,93,2024-11-21,Estoque Crítico,448,0.3012,31356.8,61932.14,1.98,True,False
SKU-01561,Shorts Oversize Nude,Moda,Shorts,FORN-079,11,190.86,608.88,1031,174,857,147,2024-04-01,Em Estoque,448,0.4981,163567.02,521810.16,3.19,False,False
SKU-01562,Creme Hidratante Moderno Prata,Beleza,Creme Hidratante,FORN-066,9,270.3,538.59,27,2,25,29,2024-12-18,Estoque Crítico,294,0.2077,6757.5,13464.75,1.99,True,False
SKU-01563,Sérum Facial Edição Limitada Vermelho,Beleza,Sérum Facial,FORN-083,9,272.06,730.34,175,41,134,145,2025-01-04,Estoque Crítico,568,0.3256,36456.04,97865.56,2.68,True,False
SKU-01564,Camisa Social Sport Bege,Moda,Camisa Social,FORN-084,13,55.4,88.77,459,29,430,131,2023-10-05,Em Estoque,448,0.1499,23822.0,38171.1,1.6,False,False
SKU-01565,Sérum Facial Moderno Preto,Beleza,Sérum Facial,FORN-066,15,224.98,546.28,459,16,443,126,2023-07-05,Em Estoque,604,0.2756,99666.14,242002.04,2.43,False,False
SKU-01566,Almofada Luxo Rosa,Lifestyle,Almofada,FORN-068,10,305.86,504.15,435,4,431,127,2023-09-17,Em Estoque,448,0.483,131825.66,217288.65,1.65,False,False
SKU-01567,Óculos de Sol Urban Dourado,Acessórios,Óculos de Sol,FORN-081,53,53.75,122.03,1,1,0,38,2025-10-13,Ruptura,448,0.4294,0.0,0.0,2.27,True,False
SKU-01568,Saia Edição Limitada Vermelho,Moda,Saia,FORN-017,45,231.84,567.69,522,116,406,24,2025-03-14,Em Estoque,448,0.4508,94127.04,230482.14,2.45,False,False
SKU-01569,Shorts Moderno Verde,Moda,Shorts,FORN-077,57,259.48,491.51,259,66,193,134,2023-02-06,Descontinuado,448,0.3734,50079.64,94861.43,1.89,False,True
SKU-01570,Relógio de Parede Clássico Rosa,Lifestyle,Relógio de Parede,FORN-021,56,101.68,259.76,299,11,288,49,2023-08-12,Em Estoque,448,0.0921,29283.84,74810.88,2.55,False,False
SKU-01571,Chapéu Sustentável Vermelho,Acessórios,Chapéu,FORN-091,46,114.97,253.25,389,57,332,10,2023-05-08,Em Estoque,448,0.0673,38170.04,84079.0,2.2,False,False
SKU-01572,Almofada Premium Verde,Lifestyle,Almofada,FORN-046,52,285.39,650.65,256,10,246,146,2024-06-25,Em Estoque,448,0.3402,70205.94,160059.9,2.28,False,False
SKU-01573,Mochila Luxo Rosa,Acessórios,Mochila,FORN-066,13,75.81,164.03,367,72,295,125,2024-04-17,Em Estoque,448,0.4696,22363.95,48388.85,2.16,False,False
SKU-01574,Máscara de Cílios Moderno Bege,Beleza,Máscara de Cílios,FORN-030,11,34.61,77.71,237,67,170,114,2024-10-03,Em Estoque,497,0.2839,5883.7,13210.7,2.25,False,False
SKU-01575,Esfoliante Clássico Bege,Beleza,Esfoliante,FORN-096,5,381.5,723.93,268,49,219,57,2023-07-19,Em Estoque,191,0.1925,83548.5,158540.67,1.9,False,False
SKU-01576,Blush Artesanal Nude,Beleza,Blush,FORN-053,7,91.87,197.67,312,75,237,49,2025-12-20,Em Estoque,433,0.1085,21773.19,46847.79,2.15,False,False
SKU-01577,Kit Chá Luxo Vermelho,Lifestyle,Kit Chá,FORN-072,13,196.32,469.73,312,23,289,105,2024-01-10,Em Estoque,448,0.1281,56736.48,135751.97,2.39,False,False
SKU-01578,Regata Luxo Rosa,Moda,Regata,FORN-078,8,56.35,108.2,540,153,387,31,2023-03-13,Descontinuado,448,0.0032,21807.45,41873.4,1.92,False,True
SKU-01579,Shorts Premium Dourado,Moda,Shorts,FORN-052,49,339.23,935.94,68,9,59,68,2023-05-24,Estoque Crítico,448,0.468,20014.57,55220.46,2.76,True,False
SKU-01580,Shorts Básico Preto,Moda,Shorts,FORN-027,13,328.38,785.86,155,34,121,130,2023-01-19,Estoque Crítico,448,0.3068,39733.98,95089.06,2.39,True,False
SKU-01581,Óleo Corporal Luxo Vermelho,Beleza,Óleo Corporal,FORN-039,7,302.07,805.74,357,17,340,85,2023-06-20,Em Estoque,334,0.0287,102703.8,273951.6,2.67,False,False
SKU-01582,Blusa de Tricô Luxo Azul,Moda,Blusa de Tricô,FORN-004,60,397.46,908.18,104,16,88,112,2023-10-27,Estoque Crítico,448,0.3886,34976.48,79919.84,2.28,True,False
SKU-01583,Bolsa de Couro Urban Verde,Acessórios,Bolsa de Couro,FORN-052,49,354.15,614.9,337,46,291,72,2025-01-15,Em Estoque,448,0.2051,103057.65,178935.9,1.74,False,False
SKU-01584,Mochila Artesanal Verde,Acessórios,Mochila,FORN-062,7,307.92,813.72,375,82,293,84,2023-05-08,Em Estoque,448,0.1544,90220.56,238419.96,2.64,False,False
SKU-01585,Legging Clássico Verde,Moda,Legging,FORN-029,47,269.53,639.18,633,103,530,34,2023-01-16,Em Estoque,448,0.099,142850.9,338765.4,2.37,False,False
SKU-01586,Saia Oversize Preto,Moda,Saia,FORN-029,58,52.74,132.96,446,37,409,95,2025-12-27,Em Estoque,448,0.3614,21570.66,54380.64,2.52,False,False
SKU-01587,Perfume Sustentável Azul,Beleza,Perfume,FORN-027,12,35.32,73.37,94,25,69,85,2024-05-28,Estoque Crítico,639,0.144,2437.08,5062.53,2.08,True,False
SKU-01588,Condicionador Slim Dourado,Beleza,Condicionador,FORN-056,5,188.69,591.36,212,16,196,67,2024-02-01,Em Estoque,661,0.2074,36983.24,115906.56,3.13,False,False
SKU-01589,Camisa Social Básico Dourado,Moda,Camisa Social,FORN-081,46,391.43,1057.21,799,22,777,133,2025-04-22,Em Estoque,448,0.2696,304141.11,821452.17,2.7,False,False
SKU-01590,Shorts Oversize Vermelho,Moda,Shorts,FORN-025,9,34.07,98.88,571,130,441,10,2024-06-18,Em Estoque,448,0.3647,15024.87,43606.08,2.9,False,False
SKU-01591,Caderno Luxo Dourado,Lifestyle,Caderno,FORN-034,53,292.96,758.96,342,46,296,73,2025-11-04,Em Estoque,448,0.0244,86716.16,224652.16,2.59,False,False
SKU-01592,Blush Premium Preto,Beleza,Blush,FORN-037,5,243.38,736.86,410,1,409,89,2024-05-04,Em Estoque,198,0.4972,99542.42,301375.74,3.03,False,False
SKU-01593,Legging Exclusivo Bege,Moda,Legging,FORN-023,6,325.62,533.57,214,50,164,51,2025-12-02,Em Estoque,448,0.1865,53401.68,87505.48,1.64,False,False
SKU-01594,Planta Artificial Edição Limitada Rosa,Lifestyle,Planta Artificial,FORN-081,45,270.83,664.8,6,0,6,110,2024-03-20,Estoque Crítico,448,0.3492,1624.98,3988.8,2.45,True,False
SKU-01595,Moletom Slim Vermelho,Moda,Moletom,FORN-091,51,349.44,962.99,350,16,334,61,2023-04-20,Em Estoque,448,0.1507,116712.96,321638.66,2.76,False,False
SKU-01596,Lenço Exclusivo Preto,Acessórios,Lenço,FORN-098,58,205.21,494.34,494,142,352,133,2023-10-06,Descontinuado,448,0.3401,72233.92,174007.68,2.41,False,True
SKU-01597,Legging Artesanal Branco,Moda,Legging,FORN-070,54,348.95,602.35,204,58,146,47,2024-07-04,Em Estoque,448,0.269,50946.7,87943.1,1.73,False,False
SKU-01598,Perfume Premium Verde,Beleza,Perfume,FORN-021,57,111.57,296.0,57,12,45,18,2024-08-26,Em Estoque,330,0.01,5020.65,13320.0,2.65,False,False
SKU-01599,Saia Urban Preto,Moda,Saia,FORN-061,60,381.75,832.74,285,7,278,146,2025-11-25,Em Estoque,448,0.3206,106126.5,231501.72,2.18,False,False
SKU-01600,Saia Delicado Branco,Moda,Saia,FORN-038,11,303.44,885.01,586,62,524,79,2024-08-26,Em Estoque,448,0.2047,159002.56,463745.24,2.92,False,False
SKU-01601,Óculos de Sol Moderno Verde,Acessórios,Óculos de Sol,FORN-090,14,162.85,261.28,118,0,118,45,2025-07-03,Em Estoque,448,0.1513,19216.3,30831.04,1.6,False,False
SKU-01602,Saia Luxo Prata,Moda,Saia,FORN-058,45,102.11,226.81,453,100,353,70,2023-07-13,Em Estoque,448,0.4148,36044.83,80063.93,2.22,False,False
SKU-01603,Máscara de Cílios Sport Prata,Beleza,Máscara de Cílios,FORN-083,6,265.85,607.81,428,2,426,149,2025-02-01,Em Estoque,224,0.2966,113252.1,258927.06,2.29,False,False
SKU-01604,Bolsa de Couro Delicado Azul,Acessórios,Bolsa de Couro,FORN-082,45,74.4,135.14,311,33,278,96,2023-12-07,Em Estoque,448,0.2306,20683.2,37568.92,1.82,False,False
SKU-01605,Blush Sport Nude,Beleza,Blush,FORN-047,8,345.84,871.23,422,23,399,110,2023-01-20,Em Estoque,620,0.0225,137990.16,347620.77,2.52,False,False
SKU-01606,Pochete Oversize Dourado,Acessórios,Pochete,FORN-038,15,142.24,412.23,322,75,247,45,2023-06-10,Em Estoque,448,0.4814,35133.28,101820.81,2.9,False,False
SKU-01607,Shorts Oversize Azul,Moda,Shorts,FORN-066,6,67.26,109.37,961,199,762,99,2025-06-17,Em Estoque,448,0.4433,51252.12,83339.94,1.63,False,False
SKU-01608,Caderno Edição Limitada Vermelho,Lifestyle,Caderno,FORN-021,50,246.9,665.97,76,3,73,136,2025-08-02,Estoque Crítico,448,0.1581,18023.7,48615.81,2.7,True,False
SKU-01609,Sérum Facial Moderno Vermelho,Beleza,Sérum Facial,FORN-014,11,339.34,711.04,216,3,213,124,2023-05-15,Em Estoque,337,0.3791,72279.42,151451.52,2.1,False,False
SKU-01610,Mochila Premium Bege,Acessórios,Mochila,FORN-026,56,323.92,550.87,258,46,212,16,2023-06-07,Em Estoque,448,0.0349,68671.04,116784.44,1.7,False,False
SKU-01611,Legging Urban Branco,Moda,Legging,FORN-055,60,327.41,689.41,55,14,41,25,2024-03-06,Em Estoque,448,0.0385,13423.81,28265.81,2.11,False,False
SKU-01612,Blusa de Tricô Slim Dourado,Moda,Blusa de Tricô,FORN-073,53,41.51,91.35,270,46,224,64,2023-11-26,Em Estoque,448,0.4695,9298.24,20462.4,2.2,False,False
SKU-01613,Chapéu Premium Verde,Acessórios,Chapéu,FORN-093,12,66.78,206.6,40,12,28,144,2025-10-18,Estoque Crítico,448,0.1995,1869.84,5784.8,3.09,True,False
SKU-01614,Colar Luxo Vermelho,Acessórios,Colar,FORN-075,51,183.28,407.13,63,17,46,70,2023-06-23,Estoque Crítico,448,0.304,8430.88,18727.98,2.22,True,False
SKU-01615,Top Exclusivo Dourado,Moda,Top,FORN-051,13,382.84,841.79,590,62,528,132,2024-12-03,Em Estoque,448,0.1229,202139.52,444465.12,2.2,False,False
SKU-01616,Top Básico Nude,Moda,Top,FORN-024,50,29.7,64.62,594,36,558,132,2023-11-05,Em Estoque,448,0.4991,16572.6,36057.96,2.18,False,False
SKU-01617,Creme Hidratante Premium Bege,Beleza,Creme Hidratante,FORN-072,7,142.42,401.76,417,50,367,127,2024-10-28,Em Estoque,371,0.1299,52268.14,147445.92,2.82,False,False
SKU-01618,Protetor Solar Artesanal Bege,Beleza,Protetor Solar,FORN-029,55,267.65,448.25,122,11,111,15,2025-02-09,Descontinuado,613,0.3088,29709.15,49755.75,1.67,False,True
SKU-01619,Vestido Exclusivo Rosa,Moda,Vestido,FORN-038,7,100.72,209.0,1005,268,737,48,2025-01-26,Em Estoque,448,0.1664,74230.64,154033.0,2.08,False,False
SKU-01620,Calça Jeans Oversize Rosa,Moda,Calça Jeans,FORN-089,10,68.2,151.57,453,17,436,61,2025-04-04,Descontinuado,448,0.3586,29735.2,66084.52,2.22,False,True
SKU-01621,Creme Hidratante Moderno Azul,Beleza,Creme Hidratante,FORN-087,7,90.04,253.32,320,92,228,48,2023-08-15,Em Estoque,403,0.1027,20529.12,57756.96,2.81,False,False
SKU-01622,Legging Exclusivo Preto,Moda,Legging,FORN-051,11,372.86,1032.14,28,7,21,10,2023-09-12,Em Estoque,448,0.1898,7830.06,21674.94,2.77,False,False
SKU-01623,Camisa Social Oversize Bege,Moda,Camisa Social,FORN-080,13,322.54,585.87,438,121,317,86,2025-01-05,Em Estoque,448,0.1359,102245.18,185720.79,1.82,False,False
SKU-01624,Luminária Sustentável Verde,Lifestyle,Luminária,FORN-065,7,182.65,415.05,190,36,154,10,2024-03-01,Em Estoque,448,0.1233,28128.1,63917.7,2.27,False,False
SKU-01625,Condicionador Exclusivo Verde,Beleza,Condicionador,FORN-082,57,355.55,1021.4,484,105,379,28,2024-10-15,Em Estoque,393,0.0531,134753.45,387110.6,2.87,False,False
SKU-01626,Chapéu Sport Nude,Acessórios,Chapéu,FORN-087,12,304.45,895.64,362,35,327,29,2024-10-23,Em Estoque,448,0.0182,99555.15,292874.28,2.94,False,False
SKU-01627,Caderno Luxo Verde,Lifestyle,Caderno,FORN-002,9,246.94,711.36,106,9,97,116,2024-05-07,Estoque Crítico,448,0.0647,23953.18,69001.92,2.88,True,False
SKU-01628,Espelho de Mesa Slim Vermelho,Lifestyle,Espelho de Mesa,FORN-013,7,58.32,160.37,299,68,231,29,2025-02-11,Em Estoque,448,0.2816,13471.92,37045.47,2.75,False,False
SKU-01629,Shorts Premium Preto,Moda,Shorts,FORN-090,6,89.33,207.31,759,224,535,51,2023-04-27,Em Estoque,448,0.266,47791.55,110910.85,2.32,False,False
SKU-01630,Pochete Slim Bege,Acessórios,Pochete,FORN-082,50,149.58,410.48,382,64,318,135,2023-09-25,Em Estoque,448,0.0715,47566.44,130532.64,2.74,False,False
SKU-01631,Pulseira Sustentável Prata,Acessórios,Pulseira,FORN-083,13,266.59,451.2,336,69,267,84,2023-07-17,Descontinuado,448,0.3491,71179.53,120470.4,1.69,False,True
SKU-01632,Pulseira Sport Rosa,Acessórios,Pulseira,FORN-074,56,172.31,404.59,294,76,218,147,2024-07-01,Em Estoque,448,0.163,37563.58,88200.62,2.35,False,False
SKU-01633,Blush Artesanal Rosa,Beleza,Blush,FORN-073,57,93.26,250.42,123,0,123,123,2023-04-13,Estoque Crítico,231,0.4199,11470.98,30801.66,2.69,False,False
SKU-01634,Vestido Edição Limitada Branco,Moda,Vestido,FORN-050,57,70.32,123.65,330,40,290,125,2025-09-14,Em Estoque,448,0.1659,20392.8,35858.5,1.76,False,False
SKU-01635,Planta Artificial Edição Limitada Verde,Lifestyle,Planta Artificial,FORN-042,56,357.62,773.64,494,44,450,75,2024-07-09,Descontinuado,448,0.0271,160929.0,348138.0,2.16,False,True
SKU-01636,Óleo Corporal Exclusivo Vermelho,Beleza,Óleo Corporal,FORN-068,7,130.64,221.04,36,6,30,107,2024-05-11,Estoque Crítico,289,0.0778,3919.2,6631.2,1.69,True,False
SKU-01637,Colar Slim Branco,Acessórios,Colar,FORN-099,13,243.72,574.13,151,0,151,46,2023-04-17,Em Estoque,448,0.2677,36801.72,86693.63,2.36,False,False
SKU-01638,Perfume Delicado Azul,Beleza,Perfume,FORN-041,12,349.56,967.69,231,2,229,72,2024-04-02,Em Estoque,485,0.4051,80049.24,221601.01,2.77,False,False
SKU-01639,Jaqueta Exclusivo Vermelho,Moda,Jaqueta,FORN-008,50,37.18,100.75,1026,273,753,67,2023-10-25,Em Estoque,448,0.3736,27996.54,75864.75,2.71,False,False
SKU-01640,Top Artesanal Preto,Moda,Top,FORN-075,58,262.43,765.74,487,124,363,44,2024-06-05,Em Estoque,448,0.0556,95262.09,277963.62,2.92,False,False
SKU-01641,Kit Skincare Slim Prata,Beleza,Kit Skincare,FORN-002,9,140.75,234.71,104,22,82,106,2025-08-10,Estoque Crítico,701,0.4869,11541.5,19246.22,1.67,True,False
SKU-01642,Blusa de Tricô Sustentável Azul,Moda,Blusa de Tricô,FORN-074,53,277.2,837.49,598,140,458,21,2023-11-14,Descontinuado,448,0.3589,126957.6,383570.42,3.02,False,True
SKU-01643,Vestido Urban Preto,Moda,Vestido,FORN-030,6,154.43,378.15,933,143,790,14,2024-04-28,Em Estoque,448,0.0214,121999.7,298738.5,2.45,False,False
SKU-01644,Legging Sustentável Dourado,Moda,Legging,FORN-061,54,222.38,519.58,624,29,595,89,2023-09-14,Em Estoque,448,0.4967,132316.1,309150.1,2.34,False,False
SKU-01645,Porta-Retrato Moderno Preto,Lifestyle,Porta-Retrato,FORN-065,13,306.75,554.18,310,40,270,143,2024-12-17,Em Estoque,448,0.139,82822.5,149628.6,1.81,False,False
SKU-01646,Máscara de Cílios Moderno Azul,Beleza,Máscara de Cílios,FORN-022,58,31.83,83.67,369,70,299,106,2025-10-25,Em Estoque,672,0.147,9517.17,25017.33,2.63,False,False
SKU-01647,Base Líquida Luxo Dourado,Beleza,Base Líquida,FORN-025,5,165.9,313.7,302,27,275,32,2024-02-26,Em Estoque,272,0.2349,45622.5,86267.5,1.89,False,False
SKU-01648,Creme Hidratante Delicado Bege,Beleza,Creme Hidratante,FORN-049,10,332.25,830.96,212,2,210,117,2023-04-05,Em Estoque,327,0.1108,69772.5,174501.6,2.5,False,False
SKU-01649,Blush Artesanal Prata,Beleza,Blush,FORN-075,45,392.66,1183.57,116,30,86,24,2023-12-27,Em Estoque,503,0.4121,33768.76,101787.02,3.01,False,False
SKU-01650,Meias Exclusivo Dourado,Acessórios,Meias,FORN-008,53,327.77,1040.7,297,41,256,76,2023-11-26,Em Estoque,448,0.2487,83909.12,266419.2,3.18,False,False
SKU-01651,Camisa Social Exclusivo Branco,Moda,Camisa Social,FORN-070,46,340.34,952.38,473,90,383,26,2024-08-20,Em Estoque,448,0.2909,130350.22,364761.54,2.8,False,False
SKU-01652,Kit Skincare Delicado Vermelho,Beleza,Kit Skincare,FORN-022,57,334.17,647.01,134,35,99,141,2024-07-07,Estoque Crítico,339,0.4798,33082.83,64053.99,1.94,True,False
SKU-01653,Luminária Básico Bege,Lifestyle,Luminária,FORN-031,14,171.68,304.57,58,0,58,95,2025-02-18,Estoque Crítico,448,0.4394,9957.44,17665.06,1.77,True,False
SKU-01654,Máscara de Cílios Artesanal Prata,Beleza,Máscara de Cílios,FORN-067,57,341.99,976.25,50,4,46,16,2025-08-01,Em Estoque,217,0.4367,15731.54,44907.5,2.85,False,False
SKU-01655,Camisa Social Clássico Azul,Moda,Camisa Social,FORN-062,7,244.0,446.61,566,59,507,67,2024-12-17,Em Estoque,448,0.4249,123708.0,226431.27,1.83,False,False
SKU-01656,Espelho de Mesa Sustentável Preto,Lifestyle,Espelho de Mesa,FORN-032,10,36.81,87.8,235,65,170,115,2025-12-28,Em Estoque,448,0.4872,6257.7,14926.0,2.39,False,False
SKU-01657,Legging Sustentável Preto,Moda,Legging,FORN-063,12,109.73,193.4,174,42,132,65,2023-06-11,Em Estoque,448,0.0223,14484.36,25528.8,1.76,False,False
SKU-01658,Caderno Sustentável Preto,Lifestyle,Caderno,FORN-046,49,264.61,645.56,316,77,239,66,2025-05-23,Em Estoque,448,0.1324,63241.79,154288.84,2.44,False,False
SKU-01659,Regata Exclusivo Azul,Moda,Regata,FORN-014,6,138.32,289.6,494,26,468,49,2023-11-26,Em Estoque,448,0.0256,64733.76,135532.8,2.09,False,False
SKU-01660,Blush Básico Verde,Beleza,Blush,FORN-081,57,331.27,941.57,308,9,299,19,2025-11-15,Em Estoque,637,0.2693,99049.73,281529.43,2.84,False,False
SKU-01661,Óculos de Sol Moderno Rosa,Acessórios,Óculos de Sol,FORN-100,53,155.72,376.81,134,26,108,131,2025-05-01,Estoque Crítico,448,0.4576,16817.76,40695.48,2.42,True,False
SKU-01662,Mochila Sport Vermelho,Acessórios,Mochila,FORN-039,5,45.23,88.14,68,19,49,91,2024-04-25,Estoque Crítico,448,0.2498,2216.27,4318.86,1.95,True,False
SKU-01663,Difusor Oversize Nude,Lifestyle,Difusor,FORN-064,10,192.14,589.33,307,90,217,47,2025-08-08,Em Estoque,448,0.1974,41694.38,127884.61,3.07,False,False
SKU-01664,Sombra Moderno Preto,Beleza,Sombra,FORN-018,47,145.94,319.5,361,84,277,87,2025-03-27,Em Estoque,272,0.1886,40425.38,88501.5,2.19,False,False
SKU-01665,Brinco Básico Prata,Acessórios,Brinco,FORN-045,15,300.77,739.92,298,55,243,109,2023-08-07,Em Estoque,448,0.3976,73087.11,179800.56,2.46,False,False
SKU-01666,Almofada Edição Limitada Bege,Lifestyle,Almofada,FORN-094,48,151.24,394.96,182,34,148,82,2025-02-21,Em Estoque,448,0.3706,22383.52,58454.08,2.61,False,False
SKU-01667,Chapéu Básico Vermelho,Acessórios,Chapéu,FORN-009,12,21.12,34.24,82,5,77,29,2025-11-04,Em Estoque,448,0.2764,1626.24,2636.48,1.62,False,False
SKU-01668,Creme Hidratante Básico Azul,Beleza,Creme Hidratante,FORN-098,54,338.36,902.82,197,44,153,24,2025-10-09,Em Estoque,678,0.4056,51769.08,138131.46,2.67,False,False
SKU-01669,Legging Clássico Nude,Moda,Legging,FORN-093,7,223.69,461.2,652,51,601,17,2023-07-28,Em Estoque,448,0.4847,134437.69,277181.2,2.06,False,False
SKU-01670,Espelho de Mesa Sport Nude,Lifestyle,Espelho de Mesa,FORN-050,50,64.3,194.51,212,48,164,125,2024-02-20,Em Estoque,448,0.495,10545.2,31899.64,3.03,False,False
SKU-01671,Base Líquida Premium Bege,Beleza,Base Líquida,FORN-041,11,367.8,752.01,415,121,294,18,2023-03-05,Em Estoque,405,0.1351,108133.2,221090.94,2.04,False,False
SKU-01672,Sérum Facial Básico Azul,Beleza,Sérum Facial,FORN-093,12,389.34,967.88,456,107,349,134,2024-10-24,Descontinuado,665,0.4323,135879.66,337790.12,2.49,False,True
SKU-01673,Óleo Corporal Clássico Rosa,Beleza,Óleo Corporal,FORN-036,11,65.71,136.02,315,21,294,64,2023-06-03,Em Estoque,584,0.4541,19318.74,39989.88,2.07,False,False
SKU-01674,Creme Hidratante Clássico Vermelho,Beleza,Creme Hidratante,FORN-007,6,228.84,456.34,384,16,368,107,2023-02-19,Em Estoque,545,0.3678,84213.12,167933.12,1.99,False,False
SKU-01675,Kit Skincare Urban Verde,Beleza,Kit Skincare,FORN-046,50,262.96,625.2,0,0,0,77,2023-05-20,Ruptura,401,0.4637,0.0,0.0,2.38,True,False
SKU-01676,Lenço Oversize Preto,Acessórios,Lenço,FORN-023,10,150.44,416.08,106,17,89,83,2025-05-18,Em Estoque,448,0.0712,13389.16,37031.12,2.77,False,False
SKU-01677,Perfume Moderno Nude,Beleza,Perfume,FORN-001,9,198.15,393.51,119,4,115,74,2024-05-13,Em Estoque,265,0.1875,22787.25,45253.65,1.99,False,False
SKU-01678,Kit Skincare Luxo Azul,Beleza,Kit Skincare,FORN-020,56,55.26,111.47,400,75,325,127,2025-09-15,Em Estoque,245,0.0679,17959.5,36227.75,2.02,False,False
SKU-01679,Almofada Premium Nude,Lifestyle,Almofada,FORN-042,54,112.67,269.61,222,54,168,34,2025-04-02,Em Estoque,448,0.4024,18928.56,45294.48,2.39,False,False
SKU-01680,Sérum Facial Básico Prata,Beleza,Sérum Facial,FORN-062,8,52.59,101.49,43,5,38,33,2023-05-08,Em Estoque,727,0.2069,1998.42,3856.62,1.93,False,False
SKU-01681,Condicionador Premium Dourado,Beleza,Condicionador,FORN-071,6,228.54,401.25,314,85,229,113,2025-09-11,Em Estoque,311,0.166,52335.66,91886.25,1.76,False,False
SKU-01682,Sérum Facial Edição Limitada Prata,Beleza,Sérum Facial,FORN-084,5,74.26,169.65,296,84,212,60,2023-12-03,Em Estoque,449,0.0904,15743.12,35965.8,2.28,False,False
SKU-01683,Vela Aromática Edição Limitada Preto,Lifestyle,Vela Aromática,FORN-007,7,94.19,178.59,257,55,202,95,2025-12-11,Em Estoque,448,0.0104,19026.38,36075.18,1.9,False,False
SKU-01684,Vestido Clássico Rosa,Moda,Vestido,FORN-095,6,56.42,161.43,27,7,20,19,2023-06-03,Em Estoque,448,0.3695,1128.4,3228.6,2.86,False,False
SKU-01685,Sérum Facial Básico Vermelho,Beleza,Sérum Facial,FORN-055,52,98.21,273.45,0,0,0,44,2023-05-02,Ruptura,507,0.1168,0.0,0.0,2.78,True,False
SKU-01686,Óculos de Sol Clássico Bege,Acessórios,Óculos de Sol,FORN-007,10,163.56,433.11,48,10,38,21,2023-02-25,Em Estoque,448,0.2676,6215.28,16458.18,2.65,False,False
SKU-01687,Camisa Social Básico Azul,Moda,Camisa Social,FORN-030,15,86.24,163.03,387,14,373,64,2023-04-24,Em Estoque,448,0.1684,32167.52,60810.19,1.89,False,False
SKU-01688,Cinto Slim Verde,Acessórios,Cinto,FORN-017,51,135.63,325.64,152,19,133,123,2024-01-06,Em Estoque,448,0.2565,18038.79,43310.12,2.4,False,False
SKU-01689,Creme Hidratante Clássico Preto,Beleza,Creme Hidratante,FORN-094,56,114.06,319.43,325,85,240,131,2025-04-09,Em Estoque,549,0.0895,27374.4,76663.2,2.8,False,False
SKU-01690,Protetor Solar Oversize Vermelho,Beleza,Protetor Solar,FORN-100,47,147.15,277.25,0,0,0,104,2024-10-28,Ruptura,679,0.3823,0.0,0.0,1.88,True,False
SKU-01691,Máscara de Cílios Oversize Azul,Beleza,Máscara de Cílios,FORN-082,46,255.44,578.95,153,6,147,78,2024-06-08,Em Estoque,559,0.0805,37549.68,85105.65,2.27,False,False
SKU-01692,Colar Delicado Vermelho,Acessórios,Colar,FORN-056,10,273.43,585.39,287,74,213,114,2023-11-25,Em Estoque,448,0.4442,58240.59,124688.07,2.14,False,False
SKU-01693,Porta-Retrato Slim Azul,Lifestyle,Porta-Retrato,FORN-091,57,207.66,529.08,152,6,146,96,2024-02-06,Em Estoque,448,0.4318,30318.36,77245.68,2.55,False,False
SKU-01694,Luminária Moderno Prata,Lifestyle,Luminária,FORN-029,55,123.15,382.29,146,26,120,150,2024-09-24,Estoque Crítico,448,0.2152,14778.0,45874.8,3.1,True,False
SKU-01695,Vela Aromática Edição Limitada Branco,Lifestyle,Vela Aromática,FORN-051,13,75.9,190.12,302,81,221,70,2025-10-25,Em Estoque,448,0.2736,16773.9,42016.52,2.5,False,False
SKU-01696,Luminária Básico Verde,Lifestyle,Luminária,FORN-029,47,58.57,177.77,263,25,238,128,2023-01-08,Descontinuado,448,0.4034,13939.66,42309.26,3.04,False,True
SKU-01697,Batom Premium Dourado,Beleza,Batom,FORN-089,7,314.51,892.34,482,24,458,80,2025-10-14,Em Estoque,199,0.2784,144045.58,408691.72,2.84,False,False
SKU-01698,Legging Slim Nude,Moda,Legging,FORN-027,6,70.09,125.88,292,25,267,86,2024-07-06,Em Estoque,448,0.1397,18714.03,33609.96,1.8,False,False
SKU-01699,Camisa Social Luxo Bege,Moda,Camisa Social,FORN-050,54,150.9,339.33,195,29,166,45,2025-10-28,Em Estoque,448,0.3157,25049.4,56328.78,2.25,False,False
SKU-01700,Jaqueta Edição Limitada Nude,Moda,Jaqueta,FORN-034,47,397.52,705.89,657,98,559,84,2025-08-03,Em Estoque,448,0.2263,222213.68,394592.51,1.78,False,False
SKU-01701,Luminária Urban Prata,Lifestyle,Luminária,FORN-029,51,144.88,370.91,16,0,16,109,2023-03-12,Estoque Crítico,448,0.3928,2318.08,5934.56,2.56,True,False
SKU-01702,Base Líquida Edição Limitada Azul,Beleza,Base Líquida,FORN-073,53,297.93,492.84,386,10,376,59,2023-04-09,Em Estoque,609,0.4168,112021.68,185307.84,1.65,False,False
SKU-01703,Garrafa Térmica Urban Rosa,Lifestyle,Garrafa Térmica,FORN-069,6,126.95,370.8,279,33,246,32,2025-01-03,Em Estoque,448,0.2473,31229.7,91216.8,2.92,False,False
SKU-01704,Calça Jeans Slim Prata,Moda,Calça Jeans,FORN-012,6,172.17,544.15,592,151,441,31,2023-01-28,Em Estoque,448,0.4496,75926.97,239970.15,3.16,False,False
SKU-01705,Camiseta Clássico Prata,Moda,Camiseta,FORN-072,11,344.22,1060.65,413,4,409,28,2025-10-02,Em Estoque,448,0.073,140785.98,433805.85,3.08,False,False
SKU-01706,Pulseira Slim Prata,Acessórios,Pulseira,FORN-096,10,134.9,272.2,79,1,78,63,2024-04-03,Em Estoque,448,0.348,10522.2,21231.6,2.02,False,False
SKU-01707,Esfoliante Básico Dourado,Beleza,Esfoliante,FORN-076,48,98.06,242.18,30,1,29,92,2024-02-28,Estoque Crítico,268,0.3956,2843.74,7023.22,2.47,True,False
SKU-01708,Vestido Delicado Branco,Moda,Vestido,FORN-075,54,371.96,1081.31,138,29,109,11,2023-09-18,Em Estoque,448,0.045,40543.64,117862.79,2.91,False,False
SKU-01709,Vestido Luxo Prata,Moda,Vestido,FORN-059,15,133.65,243.08,496,19,477,64,2024-08-28,Em Estoque,448,0.2459,63751.05,115949.16,1.82,False,False
SKU-01710,Moletom Moderno Nude,Moda,Moletom,FORN-010,52,230.56,724.51,38,7,31,87,2025-02-22,Estoque Crítico,448,0.493,7147.36,22459.81,3.14,True,False
SKU-01711,Camisa Social Slim Bege,Moda,Camisa Social,FORN-032,15,77.67,167.56,643,21,622,95,2023-06-02,Em Estoque,448,0.3321,48310.74,104222.32,2.16,False,False
SKU-01712,Óculos de Sol Edição Limitada Branco,Acessórios,Óculos de Sol,FORN-053,13,116.24,250.04,85,10,75,54,2025-08-24,Em Estoque,448,0.0385,8718.0,18753.0,2.15,False,False
SKU-01713,Blusa de Tricô Slim Dourado,Moda,Blusa de Tricô,FORN-093,6,375.01,879.95,555,157,398,80,2025-09-12,Em Estoque,448,0.3027,149253.98,350220.1,2.35,False,False
SKU-01714,Kit Skincare Moderno Preto,Beleza,Kit Skincare,FORN-004,56,60.27,191.94,358,93,265,97,2024-08-12,Em Estoque,393,0.1834,15971.55,50864.1,3.18,False,False
SKU-01715,Almofada Clássico Bege,Lifestyle,Almofada,FORN-058,47,193.16,429.5,68,20,48,102,2024-06-01,Estoque Crítico,448,0.1302,9271.68,20616.0,2.22,True,False
SKU-01716,Pochete Premium Preto,Acessórios,Pochete,FORN-011,9,346.43,916.74,140,7,133,66,2023-07-17,Em Estoque,448,0.4805,46075.19,121926.42,2.65,False,False
SKU-01717,Colar Premium Prata,Acessórios,Colar,FORN-057,6,353.24,567.12,326,52,274,114,2025-10-02,Em Estoque,448,0.4941,96787.76,155390.88,1.61,False,False
SKU-01718,Difusor Sustentável Bege,Lifestyle,Difusor,FORN-069,7,22.93,51.64,98,16,82,38,2023-06-28,Em Estoque,448,0.0815,1880.26,4234.48,2.25,False,False
SKU-01719,Regata Clássico Bege,Moda,Regata,FORN-023,13,78.91,127.92,284,19,265,144,2023-06-20,Em Estoque,448,0.1493,20911.15,33898.8,1.62,False,False
SKU-01720,Calça Jeans Premium Prata,Moda,Calça Jeans,FORN-035,12,250.03,446.38,381,13,368,39,2023-06-22,Descontinuado,448,0.4266,92011.04,164267.84,1.79,False,True
SKU-01721,Garrafa Térmica Oversize Dourado,Lifestyle,Garrafa Térmica,FORN-019,7,311.13,761.95,67,0,67,121,2024-02-21,Estoque Crítico,448,0.3504,20845.71,51050.65,2.45,True,False
SKU-01722,Kit Chá Exclusivo Preto,Lifestyle,Kit Chá,FORN-077,59,219.19,360.95,474,138,336,14,2023-01-10,Em Estoque,448,0.1446,73647.84,121279.2,1.65,False,False
SKU-01723,Brinco Moderno Rosa,Acessórios,Brinco,FORN-010,55,351.2,632.86,390,65,325,34,2025-05-10,Em Estoque,448,0.2056,114140.0,205679.5,1.8,False,False
SKU-01724,Sombra Urban Bege,Beleza,Sombra,FORN-071,5,86.61,227.48,345,71,274,67,2023-07-08,Em Estoque,689,0.4907,23731.14,62329.52,2.63,False,False
SKU-01725,Sombra Premium Azul,Beleza,Sombra,FORN-060,13,242.37,432.55,74,3,71,66,2025-10-24,Em Estoque,635,0.126,17208.27,30711.05,1.78,False,False
SKU-01726,Pulseira Luxo Vermelho,Acessórios,Pulseira,FORN-077,45,141.2,300.91,165,22,143,136,2024-10-19,Em Estoque,448,0.3843,20191.6,43030.13,2.13,False,False
SKU-01727,Creme Hidratante Clássico Nude,Beleza,Creme Hidratante,FORN-095,5,336.96,864.1,220,6,214,86,2024-03-17,Em Estoque,619,0.0084,72109.44,184917.4,2.56,False,False
SKU-01728,Camiseta Edição Limitada Verde,Moda,Camiseta,FORN-054,59,111.43,258.94,279,5,274,31,2024-06-05,Em Estoque,448,0.0475,30531.82,70949.56,2.32,False,False
SKU-01729,Top Exclusivo Branco,Moda,Top,FORN-039,14,361.59,612.44,420,65,355,81,2023-08-24,Em Estoque,448,0.3073,128364.45,217416.2,1.69,False,False
SKU-01730,Batom Slim Rosa,Beleza,Batom,FORN-039,12,314.07,753.21,465,46,419,92,2023-09-10,Em Estoque,426,0.3722,131595.33,315594.99,2.4,False,False
SKU-01731,Óculos de Sol Moderno Rosa,Acessórios,Óculos de Sol,FORN-066,5,311.38,634.67,232,16,216,88,2023-12-11,Em Estoque,448,0.4712,67258.08,137088.72,2.04,False,False
SKU-01732,Base Líquida Oversize Prata,Beleza,Base Líquida,FORN-044,10,194.24,573.66,299,3,296,108,2023-08-19,Em Estoque,195,0.0819,57495.04,169803.36,2.95,False,False
SKU-01733,Saia Premium Azul,Moda,Saia,FORN-098,51,104.22,190.83,346,37,309,101,2023-04-28,Em Estoque,448,0.3204,32203.98,58966.47,1.83,False,False
SKU-01734,Óculos de Sol Exclusivo Vermelho,Acessórios,Óculos de Sol,FORN-029,46,126.22,386.06,71,19,52,121,2024-03-23,Estoque Crítico,448,0.309,6563.44,20075.12,3.06,True,False
SKU-01735,Vestido Básico Dourado,Moda,Vestido,FORN-038,7,248.09,726.1,27,6,21,128,2025-03-04,Estoque Crítico,448,0.1802,5209.89,15248.1,2.93,True,False
SKU-01736,Vestido Edição Limitada Vermelho,Moda,Vestido,FORN-078,8,200.44,638.37,5,0,5,100,2023-04-04,Estoque Crítico,448,0.4197,1002.2,3191.85,3.18,True,False
SKU-01737,Perfume Premium Rosa,Beleza,Perfume,FORN-069,10,22.88,42.14,214,12,202,22,2023-10-08,Em Estoque,396,0.1875,4621.76,8512.28,1.84,False,False
SKU-01738,Camisa Social Sustentável Branco,Moda,Camisa Social,FORN-078,5,20.78,54.73,188,41,147,97,2024-02-13,Em Estoque,448,0.421,3054.66,8045.31,2.63,False,False
SKU-01739,Sombra Urban Rosa,Beleza,Sombra,FORN-090,12,44.32,123.38,181,38,143,89,2023-12-15,Em Estoque,326,0.1142,6337.76,17643.34,2.78,False,False
SKU-01740,Blusa de Tricô Sport Azul,Moda,Blusa de Tricô,FORN-018,52,51.48,114.09,642,136,506,29,2024-06-13,Em Estoque,448,0.3672,26048.88,57729.54,2.22,False,False
SKU-01741,Kit Chá Premium Branco,Lifestyle,Kit Chá,FORN-079,9,379.09,820.5,346,78,268,36,2023-11-15,Em Estoque,448,0.2145,101596.12,219894.0,2.16,False,False
SKU-01742,Batom Oversize Preto,Beleza,Batom,FORN-045,7,270.36,712.93,388,53,335,27,2023-01-26,Em Estoque,268,0.4109,90570.6,238831.55,2.64,False,False
SKU-01743,Blush Exclusivo Preto,Beleza,Blush,FORN-053,15,48.19,132.72,30,2,28,43,2023-02-22,Estoque Crítico,296,0.196,1349.32,3716.16,2.75,True,False
SKU-01744,Esfoliante Sustentável Preto,Beleza,Esfoliante,FORN-050,60,260.39,501.82,0,0,0,48,2023-11-16,Ruptura,544,0.2933,0.0,0.0,1.93,True,False
SKU-01745,Vestido Edição Limitada Prata,Moda,Vestido,FORN-093,9,265.91,581.87,225,10,215,31,2024-03-20,Em Estoque,448,0.0118,57170.65,125102.05,2.19,False,False
SKU-01746,Legging Moderno Dourado,Moda,Legging,FORN-044,8,236.52,581.98,649,179,470,28,2023-03-09,Em Estoque,448,0.3001,111164.4,273530.6,2.46,False,False
SKU-01747,Batom Edição Limitada Nude,Beleza,Batom,FORN-027,7,388.94,1092.12,274,33,241,36,2024-11-18,Em Estoque,688,0.207,93734.54,263200.92,2.81,False,False
SKU-01748,Óleo Corporal Moderno Prata,Beleza,Óleo Corporal,FORN-018,46,55.81,158.85,341,3,338,109,2024-03-23,Em Estoque,621,0.2231,18863.78,53691.3,2.85,False,False
SKU-01749,Garrafa Térmica Luxo Verde,Lifestyle,Garrafa Térmica,FORN-009,7,205.38,655.05,161,22,139,66,2023-08-27,Em Estoque,448,0.1967,28547.82,91051.95,3.19,False,False
SKU-01750,Mochila Artesanal Dourado,Acessórios,Mochila,FORN-053,9,221.0,534.4,301,54,247,50,2023-05-27,Em Estoque,448,0.1447,54587.0,131996.8,2.42,False,False
SKU-01751,Base Líquida Premium Rosa,Beleza,Base Líquida,FORN-053,15,72.47,116.63,211,16,195,117,2024-07-18,Em Estoque,292,0.0724,14131.65,22742.85,1.61,False,False
SKU-01752,Luminária Delicado Bege,Lifestyle,Luminária,FORN-097,12,352.81,965.83,91,19,72,69,2025-06-23,Descontinuado,448,0.221,25402.32,69539.76,2.74,False,True
SKU-01753,Almofada Urban Rosa,Lifestyle,Almofada,FORN-018,47,69.78,123.96,223,47,176,11,2023-03-26,Em Estoque,448,0.4466,12281.28,21816.96,1.78,False,False
SKU-01754,Sombra Luxo Preto,Beleza,Sombra,FORN-037,10,389.54,1073.91,237,17,220,105,2023-09-10,Em Estoque,233,0.23,85698.8,236260.2,2.76,False,False
SKU-01755,Top Artesanal Prata,Moda,Top,FORN-018,47,131.19,326.51,147,12,135,123,2025-12-05,Em Estoque,448,0.4633,17710.65,44078.85,2.49,False,False
SKU-01756,Almofada Oversize Branco,Lifestyle,Almofada,FORN-092,57,205.53,580.72,227,1,226,111,2023-07-21,Em Estoque,448,0.0712,46449.78,131242.72,2.83,False,False
SKU-01757,Lenço Edição Limitada Azul,Acessórios,Lenço,FORN-001,6,45.6,83.05,406,105,301,48,2023-01-24,Em Estoque,448,0.1468,13725.6,24998.05,1.82,False,False
SKU-01758,Óculos de Sol Edição Limitada Rosa,Acessórios,Óculos de Sol,FORN-099,13,97.35,310.41,108,27,81,125,2025-10-13,Estoque Crítico,448,0.0124,7885.35,25143.21,3.19,True,False
SKU-01759,Porta-Retrato Sport Prata,Lifestyle,Porta-Retrato,FORN-078,11,209.53,583.35,43,11,32,62,2024-01-28,Estoque Crítico,448,0.1684,6704.96,18667.2,2.78,True,False
SKU-01760,Espelho de Mesa Slim Vermelho,Lifestyle,Espelho de Mesa,FORN-077,49,29.13,92.53,469,107,362,81,2025-12-27,Em Estoque,448,0.4337,10545.06,33495.86,3.18,False,False
SKU-01761,Camisa Social Oversize Branco,Moda,Camisa Social,FORN-073,51,162.2,473.59,739,74,665,110,2023-08-12,Em Estoque,448,0.2658,107863.0,314937.35,2.92,False,False
SKU-01762,Relógio de Parede Premium Prata,Lifestyle,Relógio de Parede,FORN-007,8,381.63,1058.64,295,81,214,19,2024-05-21,Em Estoque,448,0.1416,81668.82,226548.96,2.77,False,False
SKU-01763,Calça Jeans Oversize Vermelho,Moda,Calça Jeans,FORN-050,55,48.82,94.79,1049,52,997,80,2025-11-07,Em Estoque,448,0.2296,48673.54,94505.63,1.94,False,False
SKU-01764,Sérum Facial Moderno Preto,Beleza,Sérum Facial,FORN-080,15,24.57,75.56,264,40,224,107,2024-08-04,Em Estoque,641,0.2749,5503.68,16925.44,3.08,False,False
SKU-01765,Camisa Social Premium Bege,Moda,Camisa Social,FORN-060,15,59.03,179.21,539,52,487,133,2025-02-14,Em Estoque,448,0.1835,28747.61,87275.27,3.04,False,False
SKU-01766,Mochila Delicado Prata,Acessórios,Mochila,FORN-055,48,52.37,131.66,423,106,317,108,2024-06-19,Em Estoque,448,0.2611,16601.29,41736.22,2.51,False,False
SKU-01767,Porta-Retrato Edição Limitada Branco,Lifestyle,Porta-Retrato,FORN-061,46,293.38,875.37,170,34,136,63,2024-04-09,Em Estoque,448,0.27,39899.68,119050.32,2.98,False,False
SKU-01768,Batom Oversize Dourado,Beleza,Batom,FORN-091,49,227.26,453.4,487,61,426,73,2025-11-19,Em Estoque,469,0.0805,96812.76,193148.4,2.0,False,False
SKU-01769,Máscara de Cílios Básico Dourado,Beleza,Máscara de Cílios,FORN-100,60,147.36,245.99,348,42,306,148,2024-07-14,Em Estoque,393,0.0031,45092.16,75272.94,1.67,False,False
SKU-01770,Pulseira Premium Bege,Acessórios,Pulseira,FORN-066,10,97.71,297.19,236,22,214,132,2024-07-19,Em Estoque,448,0.324,20909.94,63598.66,3.04,False,False
SKU-01771,Calça Jeans Urban Verde,Moda,Calça Jeans,FORN-095,5,82.55,148.69,530,76,454,119,2023-04-01,Em Estoque,448,0.2341,37477.7,67505.26,1.8,False,False
SKU-01772,Camiseta Exclusivo Nude,Moda,Camiseta,FORN-061,49,356.68,1051.42,654,57,597,52,2024-08-16,Em Estoque,448,0.3737,212937.96,627697.74,2.95,False,False
SKU-01773,Difusor Delicado Prata,Lifestyle,Difusor,FORN-038,7,141.23,382.63,246,64,182,109,2023-01-25,Em Estoque,448,0.0053,25703.86,69638.66,2.71,False,False
SKU-01774,Óculos de Sol Básico Preto,Acessórios,Óculos de Sol,FORN-019,9,73.51,152.34,148,31,117,65,2025-01-12,Em Estoque,448,0.2422,8600.67,17823.78,2.07,False,False
SKU-01775,Relógio de Parede Sustentável Dourado,Lifestyle,Relógio de Parede,FORN-013,14,337.0,961.77,462,109,353,40,2025-10-19,Em Estoque,448,0.0551,118961.0,339504.81,2.85,False,False
SKU-01776,Kit Skincare Edição Limitada Verde,Beleza,Kit Skincare,FORN-099,11,173.0,402.82,151,2,149,106,2025-04-07,Em Estoque,452,0.009,25777.0,60020.18,2.33,False,False
SKU-01777,Óleo Corporal Clássico Bege,Beleza,Óleo Corporal,FORN-037,7,394.84,871.72,364,46,318,60,2024-10-07,Em Estoque,366,0.0645,125559.12,277206.96,2.21,False,False
SKU-01778,Calça Jeans Delicado Rosa,Moda,Calça Jeans,FORN-032,14,287.3,670.51,370,61,309,72,2024-01-25,Em Estoque,448,0.2469,88775.7,207187.59,2.33,False,False
SKU-01779,Base Líquida Básico Verde,Beleza,Base Líquida,FORN-005,48,36.67,81.96,0,0,0,117,2023-01-17,Ruptura,590,0.175,0.0,0.0,2.24,True,False
SKU-01780,Protetor Solar Urban Rosa,Beleza,Protetor Solar,FORN-060,10,247.19,737.03,470,52,418,66,2024-05-17,Em Estoque,391,0.1797,103325.42,308078.54,2.98,False,False
SKU-01781,Chapéu Clássico Branco,Acessórios,Chapéu,FORN-037,14,173.11,434.89,418,32,386,108,2023-12-17,Em Estoque,448,0.4925,66820.46,167867.54,2.51,False,False
SKU-01782,Creme Hidratante Urban Azul,Beleza,Creme Hidratante,FORN-020,45,353.11,616.74,486,126,360,45,2025-07-14,Em Estoque,325,0.1559,127119.6,222026.4,1.75,False,False
SKU-01783,Creme Hidratante Luxo Nude,Beleza,Creme Hidratante,FORN-022,60,274.53,566.67,20,6,14,18,2025-12-22,Estoque Crítico,201,0.2735,3843.42,7933.38,2.06,True,False
SKU-01784,Difusor Slim Vermelho,Lifestyle,Difusor,FORN-003,10,52.69,86.33,392,43,349,81,2023-03-16,Em Estoque,448,0.2009,18388.81,30129.17,1.64,False,False
SKU-01785,Vela Aromática Urban Azul,Lifestyle,Vela Aromática,FORN-031,10,361.47,1067.07,465,55,410,107,2025-12-25,Em Estoque,448,0.1012,148202.7,437498.7,2.95,False,False
SKU-01786,Camiseta Premium Preto,Moda,Camiseta,FORN-076,46,220.0,561.51,854,58,796,10,2024-09-02,Em Estoque,448,0.3222,175120.0,446961.96,2.55,False,False
SKU-01787,Brinco Sport Rosa,Acessórios,Brinco,FORN-009,10,226.63,704.67,387,23,364,22,2025-12-08,Descontinuado,448,0.132,82493.32,256499.88,3.11,False,True
SKU-01788,Saia Edição Limitada Vermelho,Moda,Saia,FORN-012,8,312.72,697.44,546,6,540,141,2023-03-05,Em Estoque,448,0.2151,168868.8,376617.6,2.23,False,False
SKU-01789,Camisa Social Slim Dourado,Moda,Camisa Social,FORN-090,9,312.26,922.69,355,28,327,28,2023-01-12,Em Estoque,448,0.4735,102109.02,301719.63,2.95,False,False
SKU-01790,Garrafa Térmica Premium Nude,Lifestyle,Garrafa Térmica,FORN-056,12,373.35,958.56,316,64,252,84,2023-02-18,Em Estoque,448,0.0633,94084.2,241557.12,2.57,False,False
SKU-01791,Top Edição Limitada Nude,Moda,Top,FORN-030,12,399.51,1108.05,364,96,268,36,2024-08-14,Em Estoque,448,0.4335,107068.68,296957.4,2.77,False,False
SKU-01792,Blush Edição Limitada Bege,Beleza,Blush,FORN-085,51,175.48,347.08,278,67,211,101,2023-02-24,Em Estoque,345,0.2305,37026.28,73233.88,1.98,False,False
SKU-01793,Kit Skincare Clássico Bege,Beleza,Kit Skincare,FORN-055,58,185.29,449.06,353,65,288,12,2025-12-23,Em Estoque,267,0.4749,53363.52,129329.28,2.42,False,False
SKU-01794,Brinco Clássico Bege,Acessórios,Brinco,FORN-071,15,248.85,753.32,275,77,198,10,2024-05-19,Em Estoque,448,0.4044,49272.3,149157.36,3.03,False,False
SKU-01795,Base Líquida Clássico Verde,Beleza,Base Líquida,FORN-044,14,201.12,471.38,222,41,181,136,2024-05-01,Em Estoque,372,0.4562,36402.72,85319.78,2.34,False,False
SKU-01796,Sombra Exclusivo Preto,Beleza,Sombra,FORN-041,5,371.23,1139.5,481,74,407,41,2024-02-25,Em Estoque,674,0.2762,151090.61,463776.5,3.07,False,False
SKU-01797,Calça Jeans Luxo Bege,Moda,Calça Jeans,FORN-076,56,349.61,755.67,95,14,81,30,2025-02-27,Em Estoque,448,0.2633,28318.41,61209.27,2.16,False,False
SKU-01798,Top Oversize Preto,Moda,Top,FORN-001,14,89.78,182.4,720,133,587,124,2025-08-12,Em Estoque,448,0.4962,52700.86,107068.8,2.03,False,False
SKU-01799,Esfoliante Premium Bege,Beleza,Esfoliante,FORN-076,51,26.85,47.33,449,38,411,97,2025-01-03,Em Estoque,216,0.2472,11035.35,19452.63,1.76,False,False
SKU-01800,Camiseta Edição Limitada Nude,Moda,Camiseta,FORN-045,7,398.28,740.51,193,13,180,40,2025-09-01,Em Estoque,448,0.4433,71690.4,133291.8,1.86,False,False
SKU-01801,Saia Urban Azul,Moda,Saia,FORN-003,7,328.71,939.06,394,54,340,45,2024-12-26,Em Estoque,448,0.1824,111761.4,319280.4,2.86,False,False
SKU-01802,Condicionador Sport Rosa,Beleza,Condicionador,FORN-004,55,208.03,593.1,47,12,35,80,2024-07-22,Estoque Crítico,556,0.4507,7281.05,20758.5,2.85,True,False
SKU-01803,Kit Chá Slim Preto,Lifestyle,Kit Chá,FORN-093,11,226.25,540.45,106,23,83,87,2024-06-08,Estoque Crítico,448,0.1279,18778.75,44857.35,2.39,True,False
SKU-01804,Almofada Edição Limitada Vermelho,Lifestyle,Almofada,FORN-071,13,271.81,617.04,474,131,343,60,2025-12-28,Em Estoque,448,0.1,93230.83,211644.72,2.27,False,False
SKU-01805,Legging Luxo Azul,Moda,Legging,FORN-085,56,268.87,836.59,826,213,613,136,2023-07-13,Em Estoque,448,0.2593,164817.31,512829.67,3.11,False,False
SKU-01806,Camiseta Luxo Dourado,Moda,Camiseta,FORN-061,56,219.32,352.52,520,74,446,72,2023-11-14,Em Estoque,448,0.3054,97816.72,157223.92,1.61,False,False
SKU-01807,Top Slim Rosa,Moda,Top,FORN-032,11,398.79,1078.65,424,78,346,91,2023-06-24,Descontinuado,448,0.0883,137981.34,373212.9,2.7,False,True
SKU-01808,Saia Clássico Preto,Moda,Saia,FORN-007,12,94.89,177.97,776,50,726,21,2025-08-15,Em Estoque,448,0.3694,68890.14,129206.22,1.88,False,False
SKU-01809,Chapéu Oversize Rosa,Acessórios,Chapéu,FORN-082,56,273.44,861.66,2,0,2,17,2023-07-05,Estoque Crítico,448,0.1682,546.88,1723.32,3.15,True,False
SKU-01810,Carteira Oversize Preto,Acessórios,Carteira,FORN-087,7,281.87,737.83,153,21,132,15,2025-03-18,Em Estoque,448,0.1056,37206.84,97393.56,2.62,False,False
SKU-01811,Calça Jeans Clássico Dourado,Moda,Calça Jeans,FORN-077,53,313.28,845.44,629,125,504,94,2023-02-26,Em Estoque,448,0.4529,157893.12,426101.76,2.7,False,False
SKU-01812,Jaqueta Urban Verde,Moda,Jaqueta,FORN-074,45,124.41,372.02,410,113,297,127,2024-03-18,Em Estoque,448,0.3381,36949.77,110489.94,2.99,False,False
SKU-01813,Cinto Oversize Branco,Acessórios,Cinto,FORN-089,5,218.96,524.07,270,24,246,99,2024-05-11,Em Estoque,448,0.1305,53864.16,128921.22,2.39,False,False
SKU-01814,Vela Aromática Delicado Nude,Lifestyle,Vela Aromática,FORN-081,47,242.15,513.04,40,7,33,87,2024-06-11,Estoque Crítico,448,0.3781,7990.95,16930.32,2.12,True,False
SKU-01815,Saia Sport Preto,Moda,Saia,FORN-098,58,71.57,135.87,110,12,98,73,2024-05-13,Em Estoque,448,0.4219,7013.86,13315.26,1.9,False,False
SKU-01816,Relógio de Parede Oversize Dourado,Lifestyle,Relógio de Parede,FORN-048,11,293.27,827.02,382,21,361,118,2024-02-06,Em Estoque,448,0.0153,105870.47,298554.22,2.82,False,False
SKU-01817,Calça Jeans Exclusivo Dourado,Moda,Calça Jeans,FORN-051,7,25.36,65.79,60,7,53,31,2025-07-08,Descontinuado,448,0.4222,1344.08,3486.87,2.59,False,True
SKU-01818,Chapéu Oversize Branco,Acessórios,Chapéu,FORN-056,12,377.59,791.89,16,2,14,148,2023-03-22,Estoque Crítico,448,0.3522,5286.26,11086.46,2.1,True,False
SKU-01819,Protetor Solar Urban Branco,Beleza,Protetor Solar,FORN-023,8,126.55,248.88,397,67,330,145,2023-05-17,Em Estoque,272,0.3291,41761.5,82130.4,1.97,False,False
SKU-01820,Vela Aromática Clássico Verde,Lifestyle,Vela Aromática,FORN-078,8,172.28,376.61,439,37,402,54,2025-04-04,Em Estoque,448,0.0671,69256.56,151397.22,2.19,False,False
SKU-01821,Óleo Corporal Sustentável Vermelho,Beleza,Óleo Corporal,FORN-060,7,250.42,426.28,367,42,325,84,2025-01-24,Em Estoque,444,0.0978,81386.5,138541.0,1.7,False,False
SKU-01822,Legging Moderno Rosa,Moda,Legging,FORN-032,11,355.51,780.71,86,21,65,50,2025-10-16,Em Estoque,448,0.3394,23108.15,50746.15,2.2,False,False
SKU-01823,Camiseta Edição Limitada Bege,Moda,Camiseta,FORN-088,14,63.58,170.21,478,99,379,96,2023-08-07,Em Estoque,448,0.2551,24096.82,64509.59,2.68,False,False
SKU-01824,Porta-Retrato Urban Nude,Lifestyle,Porta-Retrato,FORN-011,5,297.84,709.66,419,79,340,49,2023-02-19,Em Estoque,448,0.1991,101265.6,241284.4,2.38,False,False
SKU-01825,Brinco Sustentável Azul,Acessórios,Brinco,FORN-087,12,185.36,440.13,395,3,392,101,2023-10-17,Em Estoque,448,0.2442,72661.12,172530.96,2.37,False,False
SKU-01826,Creme Hidratante Oversize Nude,Beleza,Creme Hidratante,FORN-095,14,339.39,587.0,442,50,392,24,2024-05-11,Em Estoque,361,0.0039,133040.88,230104.0,1.73,False,False
SKU-01827,Luminária Sport Prata,Lifestyle,Luminária,FORN-032,13,207.86,536.42,454,54,400,89,2025-06-02,Em Estoque,448,0.1588,83144.0,214568.0,2.58,False,False
SKU-01828,Condicionador Edição Limitada Preto,Beleza,Condicionador,FORN-031,15,316.06,643.35,309,92,217,62,2024-07-22,Em Estoque,536,0.1495,68585.02,139606.95,2.04,False,False
SKU-01829,Legging Sport Bege,Moda,Legging,FORN-031,11,225.85,396.14,77,17,60,43,2024-03-03,Descontinuado,448,0.3754,13551.0,23768.4,1.75,False,True
SKU-01830,Jaqueta Slim Vermelho,Moda,Jaqueta,FORN-008,48,227.29,421.73,948,280,668,53,2024-04-06,Descontinuado,448,0.2755,151829.72,281715.64,1.86,False,True
SKU-01831,Legging Básico Vermelho,Moda,Legging,FORN-067,48,294.99,772.72,227,1,226,70,2025-10-22,Em Estoque,448,0.0439,66667.74,174634.72,2.62,False,False
SKU-01832,Pochete Moderno Vermelho,Acessórios,Pochete,FORN-077,45,197.03,476.11,361,39,322,134,2024-08-06,Descontinuado,448,0.0125,63443.66,153307.42,2.42,False,True
SKU-01833,Shorts Sport Branco,Moda,Shorts,FORN-100,46,387.28,1185.59,647,68,579,103,2023-11-22,Em Estoque,448,0.3037,224235.12,686456.61,3.06,False,False
SKU-01834,Jaqueta Sustentável Preto,Moda,Jaqueta,FORN-068,10,50.75,90.14,799,20,779,77,2025-05-12,Em Estoque,448,0.1823,39534.25,70219.06,1.78,False,False
SKU-01835,Máscara de Cílios Artesanal Vermelho,Beleza,Máscara de Cílios,FORN-045,10,168.0,299.68,95,14,81,119,2024-02-08,Estoque Crítico,629,0.2236,13608.0,24274.08,1.78,True,False
SKU-01836,Difusor Sport Prata,Lifestyle,Difusor,FORN-065,11,305.03,901.16,123,22,101,112,2023-03-24,Estoque Crítico,448,0.2015,30808.03,91017.16,2.95,True,False
SKU-01837,Kit Chá Exclusivo Azul,Lifestyle,Kit Chá,FORN-004,56,158.11,305.46,50,6,44,149,2025-08-24,Estoque Crítico,448,0.144,6956.84,13440.24,1.93,True,False
SKU-01838,Óculos de Sol Sport Bege,Acessórios,Óculos de Sol,FORN-028,15,269.01,739.19,489,73,416,107,2023-05-10,Em Estoque,448,0.443,111908.16,307503.04,2.75,False,False
SKU-01839,Moletom Moderno Azul,Moda,Moletom,FORN-001,9,381.54,677.89,468,24,444,86,2023-11-22,Em Estoque,448,0.0936,169403.76,300983.16,1.78,False,False
SKU-01840,Base Líquida Artesanal Vermelho,Beleza,Base Líquida,FORN-069,11,98.74,303.82,134,30,104,16,2024-07-11,Em Estoque,576,0.297,10268.96,31597.28,3.08,False,False
SKU-01841,Bolsa de Couro Moderno Vermelho,Acessórios,Bolsa de Couro,FORN-071,13,316.18,622.91,14,2,12,148,2023-08-22,Estoque Crítico,448,0.3021,3794.16,7474.92,1.97,True,False
SKU-01842,Batom Sport Azul,Beleza,Batom,FORN-089,6,310.89,784.27,92,23,69,47,2025-10-04,Em Estoque,351,0.2418,21451.41,54114.63,2.52,False,False
SKU-01843,Blusa de Tricô Artesanal Azul,Moda,Blusa de Tricô,FORN-036,6,36.6,74.03,386,87,299,47,2025-02-03,Em Estoque,448,0.086,10943.4,22134.97,2.02,False,False
SKU-01844,Creme Hidratante Sustentável Branco,Beleza,Creme Hidratante,FORN-067,51,27.76,68.24,228,51,177,23,2024-06-22,Em Estoque,713,0.3284,4913.52,12078.48,2.46,False,False
SKU-01845,Kit Chá Slim Nude,Lifestyle,Kit Chá,FORN-079,12,257.23,434.98,82,4,78,37,2024-02-04,Em Estoque,448,0.427,20063.94,33928.44,1.69,False,False
SKU-01846,Luminária Oversize Prata,Lifestyle,Luminária,FORN-095,6,230.1,564.96,52,0,52,120,2023-08-07,Estoque Crítico,448,0.3163,11965.2,29377.92,2.46,True,False
SKU-01847,Caderno Edição Limitada Azul,Lifestyle,Caderno,FORN-013,11,96.04,168.13,305,59,246,103,2024-08-27,Em Estoque,448,0.4335,23625.84,41359.98,1.75,False,False
SKU-01848,Batom Artesanal Rosa,Beleza,Batom,FORN-078,11,102.81,314.82,259,9,250,32,2025-04-17,Em Estoque,234,0.1966,25702.5,78705.0,3.06,False,False
SKU-01849,Óculos de Sol Sport Preto,Acessórios,Óculos de Sol,FORN-015,51,264.34,428.43,39,6,33,136,2024-04-26,Estoque Crítico,448,0.342,8723.22,14138.19,1.62,True,False
SKU-01850,Moletom Moderno Azul,Moda,Moletom,FORN-054,48,324.89,645.66,481,134,347,94,2024-10-02,Em Estoque,448,0.0237,112736.83,224044.02,1.99,False,False
SKU-01851,Vela Aromática Moderno Dourado,Lifestyle,Vela Aromática,FORN-087,7,248.52,695.75,190,33,157,95,2025-04-11,Em Estoque,448,0.452,39017.64,109232.75,2.8,False,False
SKU-01852,Garrafa Térmica Urban Nude,Lifestyle,Garrafa Térmica,FORN-076,48,78.2,231.55,375,27,348,49,2023-06-25,Em Estoque,448,0.1717,27213.6,80579.4,2.96,False,False
SKU-01853,Creme Hidratante Básico Nude,Beleza,Creme Hidratante,FORN-090,7,142.62,429.13,34,10,24,75,2024-07-06,Estoque Crítico,288,0.4096,3422.88,10299.12,3.01,True,False
SKU-01854,Meias Moderno Vermelho,Acessórios,Meias,FORN-005,48,284.56,635.21,292,76,216,76,2024-05-04,Em Estoque,448,0.3619,61464.96,137205.36,2.23,False,False
SKU-01855,Óleo Corporal Moderno Branco,Beleza,Óleo Corporal,FORN-041,11,102.7,172.98,124,0,124,130,2025-07-17,Estoque Crítico,525,0.3878,12734.8,21449.52,1.68,True,False
SKU-01856,Esfoliante Artesanal Vermelho,Beleza,Esfoliante,FORN-090,15,136.22,410.17,296,68,228,128,2023-11-09,Em Estoque,212,0.2816,31058.16,93518.76,3.01,False,False
SKU-01857,Espelho de Mesa Luxo Bege,Lifestyle,Espelho de Mesa,FORN-090,6,195.14,510.81,456,48,408,94,2025-02-14,Em Estoque,448,0.0331,79617.12,208410.48,2.62,False,False
SKU-01858,Pulseira Artesanal Dourado,Acessórios,Pulseira,FORN-025,11,192.07,454.27,69,3,66,132,2025-04-23,Estoque Crítico,448,0.1476,12676.62,29981.82,2.37,True,False
SKU-01859,Vestido Slim Bege,Moda,Vestido,FORN-084,7,265.61,737.32,1031,268,763,68,2023-07-22,Em Estoque,448,0.0932,202660.43,562575.16,2.78,False,False
SKU-01860,Blusa de Tricô Slim Preto,Moda,Blusa de Tricô,FORN-013,13,57.95,166.05,297,37,260,79,2023-11-22,Descontinuado,448,0.3469,15067.0,43173.0,2.87,False,True
SKU-01861,Blusa de Tricô Premium Nude,Moda,Blusa de Tricô,FORN-040,12,176.31,480.0,1153,263,890,119,2025-02-11,Em Estoque,448,0.1377,156915.9,427200.0,2.72,False,False
SKU-01862,Kit Skincare Slim Branco,Beleza,Kit Skincare,FORN-040,12,153.59,398.35,317,90,227,26,2023-08-02,Em Estoque,317,0.1507,34864.93,90425.45,2.59,False,False
SKU-01863,Calça Jeans Urban Nude,Moda,Calça Jeans,FORN-008,50,166.51,286.69,1058,102,956,91,2024-06-20,Em Estoque,448,0.3749,159183.56,274075.64,1.72,False,False
SKU-01864,Máscara de Cílios Premium Bege,Beleza,Máscara de Cílios,FORN-031,12,165.25,365.3,298,84,214,118,2025-03-25,Em Estoque,535,0.1176,35363.5,78174.2,2.21,False,False
SKU-01865,Base Líquida Artesanal Rosa,Beleza,Base Líquida,FORN-012,6,257.54,635.31,386,24,362,14,2025-04-26,Em Estoque,309,0.1409,93229.48,229982.22,2.47,False,False
SKU-01866,Máscara de Cílios Slim Preto,Beleza,Máscara de Cílios,FORN-049,11,275.87,667.56,96,8,88,114,2023-04-26,Estoque Crítico,487,0.3376,24276.56,58745.28,2.42,True,False
SKU-01867,Protetor Solar Moderno Rosa,Beleza,Protetor Solar,FORN-027,12,160.95,499.35,377,67,310,107,2024-10-09,Em Estoque,699,0.2179,49894.5,154798.5,3.1,False,False
SKU-01868,Almofada Clássico Rosa,Lifestyle,Almofada,FORN-032,13,87.11,270.92,483,34,449,94,2024-01-15,Em Estoque,448,0.1707,39112.39,121643.08,3.11,False,False
SKU-01869,Espelho de Mesa Luxo Verde,Lifestyle,Espelho de Mesa,FORN-021,56,251.34,755.68,471,122,349,12,2023-10-14,Em Estoque,448,0.3029,87717.66,263732.32,3.01,False,False
SKU-01870,Colar Oversize Azul,Acessórios,Colar,FORN-042,48,339.01,797.53,168,2,166,76,2024-02-26,Em Estoque,448,0.1015,56275.66,132389.98,2.35,False,False
SKU-01871,Camisa Social Delicado Nude,Moda,Camisa Social,FORN-044,9,71.82,173.36,681,72,609,112,2025-07-17,Em Estoque,448,0.2154,43738.38,105576.24,2.41,False,False
SKU-01872,Kit Skincare Artesanal Rosa,Beleza,Kit Skincare,FORN-059,5,175.26,310.28,358,82,276,15,2024-10-02,Em Estoque,447,0.311,48371.76,85637.28,1.77,False,False
SKU-01873,Carteira Premium Azul,Acessórios,Carteira,FORN-068,9,322.52,1006.83,477,114,363,36,2024-07-16,Em Estoque,448,0.21,117074.76,365479.29,3.12,False,False
SKU-01874,Vela Aromática Urban Verde,Lifestyle,Vela Aromática,FORN-010,58,378.6,1021.45,196,31,165,84,2024-10-24,Em Estoque,448,0.103,62469.0,168539.25,2.7,False,False
SKU-01875,Caderno Artesanal Vermelho,Lifestyle,Caderno,FORN-074,55,27.09,85.67,474,71,403,92,2023-11-11,Em Estoque,448,0.2049,10917.27,34525.01,3.16,False,False
SKU-01876,Garrafa Térmica Sustentável Verde,Lifestyle,Garrafa Térmica,FORN-040,5,71.57,196.04,461,67,394,55,2025-07-03,Em Estoque,448,0.3518,28198.58,77239.76,2.74,False,False
SKU-01877,Óleo Corporal Delicado Dourado,Beleza,Óleo Corporal,FORN-016,54,384.41,1134.46,169,3,166,71,2025-06-28,Em Estoque,356,0.378,63812.06,188320.36,2.95,False,False
SKU-01878,Colar Exclusivo Branco,Acessórios,Colar,FORN-081,58,309.02,617.73,331,36,295,72,2025-07-28,Em Estoque,448,0.0268,91160.9,182230.35,2.0,False,False
SKU-01879,Óleo Corporal Exclusivo Verde,Beleza,Óleo Corporal,FORN-029,45,293.63,509.54,394,10,384,46,2024-09-19,Em Estoque,393,0.0018,112753.92,195663.36,1.74,False,False
SKU-01880,Regata Luxo Verde,Moda,Regata,FORN-019,12,194.67,474.74,777,228,549,65,2024-06-14,Em Estoque,448,0.4727,106873.83,260632.26,2.44,False,False
SKU-01881,Garrafa Térmica Slim Rosa,Lifestyle,Garrafa Térmica,FORN-088,9,100.29,255.96,206,32,174,106,2025-12-23,Em Estoque,448,0.0534,17450.46,44537.04,2.55,False,False
SKU-01882,Vestido Moderno Azul,Moda,Vestido,FORN-048,12,278.26,484.74,731,12,719,124,2023-02-15,Em Estoque,448,0.4333,200068.94,348528.06,1.74,False,False
SKU-01883,Batom Clássico Vermelho,Beleza,Batom,FORN-018,57,113.1,251.97,275,40,235,20,2025-10-18,Em Estoque,687,0.1332,26578.5,59212.95,2.23,False,False
SKU-01884,Condicionador Luxo Verde,Beleza,Condicionador,FORN-079,9,279.97,739.15,481,73,408,138,2025-06-05,Em Estoque,374,0.2236,114227.76,301573.2,2.64,False,False
SKU-01885,Creme Hidratante Luxo Preto,Beleza,Creme Hidratante,FORN-097,8,200.96,471.29,285,60,225,82,2023-05-28,Em Estoque,671,0.2112,45216.0,106040.25,2.35,False,False
SKU-01886,Creme Hidratante Artesanal Dourado,Beleza,Creme Hidratante,FORN-045,8,133.26,229.43,386,60,326,63,2025-04-02,Em Estoque,239,0.3946,43442.76,74794.18,1.72,False,False
SKU-01887,Sérum Facial Artesanal Rosa,Beleza,Sérum Facial,FORN-095,5,322.6,708.48,182,46,136,139,2023-04-24,Estoque Crítico,477,0.3615,43873.6,96353.28,2.2,True,False
SKU-01888,Regata Delicado Verde,Moda,Regata,FORN-084,15,180.61,360.06,184,55,129,43,2024-07-02,Em Estoque,448,0.4578,23298.69,46447.74,1.99,False,False
SKU-01889,Vela Aromática Luxo Preto,Lifestyle,Vela Aromática,FORN-034,59,30.98,99.11,377,10,367,27,2023-12-08,Em Estoque,448,0.2929,11369.66,36373.37,3.2,False,False
SKU-01890,Caderno Luxo Vermelho,Lifestyle,Caderno,FORN-010,47,248.0,700.5,256,72,184,112,2024-02-03,Em Estoque,448,0.3417,45632.0,128892.0,2.82,False,False
SKU-01891,Jaqueta Sport Dourado,Moda,Jaqueta,FORN-036,11,182.03,382.11,313,54,259,33,2025-11-25,Em Estoque,448,0.256,47145.77,98966.49,2.1,False,False
SKU-01892,Almofada Sport Dourado,Lifestyle,Almofada,FORN-094,58,171.96,454.22,400,106,294,108,2025-03-23,Em Estoque,448,0.3704,50556.24,133540.68,2.64,False,False
SKU-01893,Caderno Edição Limitada Verde,Lifestyle,Caderno,FORN-077,56,26.37,69.28,34,4,30,52,2025-04-23,Estoque Crítico,448,0.1165,791.1,2078.4,2.63,True,False
SKU-01894,Espelho de Mesa Sport Bege,Lifestyle,Espelho de Mesa,FORN-064,11,365.14,1083.95,161,17,144,133,2025-04-20,Em Estoque,448,0.0882,52580.16,156088.8,2.97,False,False
SKU-01895,Shorts Premium Verde,Moda,Shorts,FORN-009,8,352.75,864.62,896,157,739,125,2023-04-18,Em Estoque,448,0.0461,260682.25,638954.18,2.45,False,False
SKU-01896,Sombra Exclusivo Verde,Beleza,Sombra,FORN-022,53,192.98,575.77,423,16,407,10,2023-06-20,Em Estoque,350,0.4582,78542.86,234338.39,2.98,False,False
SKU-01897,Regata Sustentável Azul,Moda,Regata,FORN-046,47,224.16,626.83,716,104,612,115,2024-08-16,Em Estoque,448,0.1027,137185.92,383619.96,2.8,False,False
SKU-01898,Brinco Básico Prata,Acessórios,Brinco,FORN-087,8,23.29,50.51,191,12,179,78,2024-06-18,Em Estoque,448,0.1753,4168.91,9041.29,2.17,False,False
SKU-01899,Lenço Delicado Prata,Acessórios,Lenço,FORN-047,15,83.76,149.95,281,77,204,93,2024-10-26,Em Estoque,448,0.4046,17087.04,30589.8,1.79,False,False
SKU-01900,Sombra Urban Branco,Beleza,Sombra,FORN-022,57,145.51,420.85,429,28,401,106,2024-06-25,Em Estoque,390,0.4713,58349.51,168760.85,2.89,False,False
SKU-01901,Jaqueta Slim Prata,Moda,Jaqueta,FORN-098,47,228.14,626.56,42,3,39,146,2023-05-28,Estoque Crítico,448,0.1932,8897.46,24435.84,2.75,True,False
SKU-01902,Legging Artesanal Bege,Moda,Legging,FORN-040,7,59.06,151.97,378,95,283,71,2023-10-24,Em Estoque,448,0.0875,16713.98,43007.51,2.57,False,False
SKU-01903,Máscara de Cílios Sustentável Azul,Beleza,Máscara de Cílios,FORN-038,6,396.26,821.51,205,5,200,60,2023-02-11,Em Estoque,544,0.1819,79252.0,164302.0,2.07,False,False
SKU-01904,Difusor Oversize Azul,Lifestyle,Difusor,FORN-005,51,42.38,88.65,5,1,4,122,2025-02-22,Estoque Crítico,448,0.3564,169.52,354.6,2.09,True,False
SKU-01905,Chapéu Sport Vermelho,Acessórios,Chapéu,FORN-047,14,228.63,608.57,160,20,140,126,2024-12-27,Em Estoque,448,0.1195,32008.2,85199.8,2.66,False,False
SKU-01906,Caderno Slim Branco,Lifestyle,Caderno,FORN-072,7,247.1,434.22,208,60,148,78,2024-03-02,Em Estoque,448,0.3425,36570.8,64264.56,1.76,False,False
SKU-01907,Meias Delicado Branco,Acessórios,Meias,FORN-003,11,389.25,1194.35,383,48,335,107,2025-10-03,Descontinuado,448,0.4477,130398.75,400107.25,3.07,False,True
SKU-01908,Meias Sport Prata,Acessórios,Meias,FORN-082,49,80.81,161.63,409,94,315,41,2024-09-05,Em Estoque,448,0.2522,25455.15,50913.45,2.0,False,False
SKU-01909,Top Básico Dourado,Moda,Top,FORN-046,57,84.79,241.78,633,97,536,47,2023-09-07,Em Estoque,448,0.2488,45447.44,129594.08,2.85,False,False
SKU-01910,Difusor Sport Preto,Lifestyle,Difusor,FORN-002,10,236.11,430.34,409,81,328,100,2024-03-25,Em Estoque,448,0.314,77444.08,141151.52,1.82,False,False
SKU-01911,Jaqueta Clássico Bege,Moda,Jaqueta,FORN-004,46,384.86,1022.81,273,78,195,136,2025-03-09,Em Estoque,448,0.2787,75047.7,199447.95,2.66,False,False
SKU-01912,Óculos de Sol Artesanal Verde,Acessórios,Óculos de Sol,FORN-012,9,147.18,447.66,415,5,410,94,2025-09-26,Em Estoque,448,0.3535,60343.8,183540.6,3.04,False,False
SKU-01913,Top Exclusivo Vermelho,Moda,Top,FORN-003,11,36.69,91.13,177,53,124,56,2024-01-14,Em Estoque,448,0.4238,4549.56,11300.12,2.48,False,False
SKU-01914,Colar Sustentável Vermelho,Acessórios,Colar,FORN-089,14,387.09,645.14,296,2,294,75,2023-11-17,Em Estoque,448,0.2926,113804.46,189671.16,1.67,False,False
SKU-01915,Moletom Sport Rosa,Moda,Moletom,FORN-027,5,55.63,123.63,642,110,532,44,2023-09-18,Em Estoque,448,0.2548,29595.16,65771.16,2.22,False,False
SKU-01916,Sombra Edição Limitada Verde,Beleza,Sombra,FORN-055,52,48.15,107.04,490,13,477,116,2025-03-05,Descontinuado,270,0.4962,22967.55,51058.08,2.22,False,True
SKU-01917,Garrafa Térmica Exclusivo Vermelho,Lifestyle,Garrafa Térmica,FORN-002,9,203.16,516.55,340,96,244,124,2023-10-20,Descontinuado,448,0.255,49571.04,126038.2,2.54,False,True
SKU-01918,Calça Jeans Delicado Rosa,Moda,Calça Jeans,FORN-067,55,297.34,742.22,735,78,657,28,2025-12-25,Em Estoque,448,0.2303,195352.38,487638.54,2.5,False,False
SKU-01919,Sérum Facial Oversize Azul,Beleza,Sérum Facial,FORN-040,12,68.7,136.23,183,5,178,114,2024-04-21,Em Estoque,519,0.3646,12228.6,24248.94,1.98,False,False
SKU-01920,Legging Edição Limitada Dourado,Moda,Legging,FORN-002,13,117.22,283.3,529,135,394,115,2024-07-23,Em Estoque,448,0.2969,46184.68,111620.2,2.42,False,False
SKU-01921,Top Urban Prata,Moda,Top,FORN-085,50,351.6,651.92,168,0,168,38,2025-04-05,Em Estoque,448,0.1056,59068.8,109522.56,1.85,False,False
SKU-01922,Perfume Exclusivo Verde,Beleza,Perfume,FORN-055,54,278.97,817.63,248,52,196,136,2025-01-20,Em Estoque,404,0.2403,54678.12,160255.48,2.93,False,False
SKU-01923,Shorts Artesanal Verde,Moda,Shorts,FORN-074,60,147.19,254.19,365,10,355,132,2024-06-22,Em Estoque,448,0.1655,52252.45,90237.45,1.73,False,False
SKU-01924,Perfume Sport Nude,Beleza,Perfume,FORN-063,9,224.23,522.85,141,5,136,26,2025-11-10,Em Estoque,575,0.3423,30495.28,71107.6,2.33,False,False
SKU-01925,Óculos de Sol Edição Limitada Dourado,Acessórios,Óculos de Sol,FORN-042,48,338.83,895.55,404,78,326,136,2024-05-11,Em Estoque,448,0.307,110458.58,291949.3,2.64,False,False
SKU-01926,Óleo Corporal Básico Verde,Beleza,Óleo Corporal,FORN-100,58,138.06,245.55,206,28,178,145,2025-07-08,Descontinuado,231,0.2833,24574.68,43707.9,1.78,False,True
SKU-01927,Legging Exclusivo Bege,Moda,Legging,FORN-008,48,170.48,325.05,1154,167,987,131,2025-11-05,Em Estoque,448,0.1411,168263.76,320824.35,1.91,False,False
SKU-01928,Shorts Delicado Prata,Moda,Shorts,FORN-096,8,136.02,361.88,171,26,145,22,2025-11-17,Em Estoque,448,0.2185,19722.9,52472.6,2.66,False,False
SKU-01929,Difusor Delicado Prata,Lifestyle,Difusor,FORN-005,53,23.08,44.46,465,76,389,11,2023-06-28,Em Estoque,448,0.3741,8978.12,17294.94,1.93,False,False
SKU-01930,Perfume Edição Limitada Vermelho,Beleza,Perfume,FORN-096,12,59.64,128.43,133,17,116,116,2023-06-08,Estoque Crítico,337,0.4464,6918.24,14897.88,2.15,False,False
SKU-01931,Moletom Sustentável Rosa,Moda,Moletom,FORN-096,11,260.54,474.3,740,191,549,62,2024-12-28,Em Estoque,448,0.3124,143036.46,260390.7,1.82,False,False
SKU-01932,Camisa Social Sport Bege,Moda,Camisa Social,FORN-091,56,175.33,487.81,913,186,727,20,2023-02-12,Em Estoque,448,0.3616,127464.91,354637.87,2.78,False,False
SKU-01933,Relógio de Parede Luxo Azul,Lifestyle,Relógio de Parede,FORN-072,8,347.14,929.55,232,43,189,91,2025-03-03,Em Estoque,448,0.1938,65609.46,175684.95,2.68,False,False
SKU-01934,Protetor Solar Artesanal Verde,Beleza,Protetor Solar,FORN-051,12,263.71,534.59,383,50,333,10,2024-09-20,Em Estoque,202,0.4158,87815.43,178018.47,2.03,False,False
SKU-01935,Difusor Urban Nude,Lifestyle,Difusor,FORN-090,14,376.5,968.15,33,7,26,133,2024-06-03,Estoque Crítico,448,0.0774,9789.0,25171.9,2.57,True,False
SKU-01936,Almofada Slim Branco,Lifestyle,Almofada,FORN-040,14,316.69,678.5,344,12,332,119,2024-10-18,Em Estoque,448,0.3799,105141.08,225262.0,2.14,False,False
SKU-01937,Planta Artificial Delicado Verde,Lifestyle,Planta Artificial,FORN-085,60,123.4,285.29,179,24,155,91,2025-01-16,Descontinuado,448,0.1637,19127.0,44219.95,2.31,False,True
SKU-01938,Almofada Urban Azul,Lifestyle,Almofada,FORN-082,54,104.61,295.56,274,60,214,136,2023-06-28,Em Estoque,448,0.2823,22386.54,63249.84,2.83,False,False
SKU-01939,Meias Premium Nude,Acessórios,Meias,FORN-035,14,346.27,583.82,207,60,147,71,2024-02-12,Em Estoque,448,0.2973,50901.69,85821.54,1.69,False,False
SKU-01940,Sérum Facial Urban Preto,Beleza,Sérum Facial,FORN-015,48,380.9,1001.58,236,58,178,68,2024-10-09,Em Estoque,448,0.3474,67800.2,178281.24,2.63,False,False
SKU-01941,Máscara de Cílios Oversize Verde,Beleza,Máscara de Cílios,FORN-060,13,147.97,297.02,114,21,93,79,2025-12-21,Em Estoque,277,0.1974,13761.21,27622.86,2.01,False,False
SKU-01942,Top Oversize Dourado,Moda,Top,FORN-028,14,272.77,502.62,148,23,125,99,2025-01-27,Em Estoque,448,0.3752,34096.25,62827.5,1.84,False,False
SKU-01943,Caderno Sustentável Nude,Lifestyle,Caderno,FORN-039,12,157.61,378.66,334,52,282,113,2023-03-26,Em Estoque,448,0.2659,44446.02,106782.12,2.4,False,False
SKU-01944,Cinto Urban Branco,Acessórios,Cinto,FORN-100,51,176.01,348.74,379,94,285,87,2024-01-10,Descontinuado,448,0.0518,50162.85,99390.9,1.98,False,True
SKU-01945,Kit Skincare Sustentável Branco,Beleza,Kit Skincare,FORN-033,60,274.39,653.77,414,103,311,72,2024-02-18,Em Estoque,528,0.4974,85335.29,203322.47,2.38,False,False
SKU-01946,Protetor Solar Sustentável Rosa,Beleza,Protetor Solar,FORN-048,11,34.09,79.71,97,19,78,109,2023-01-03,Estoque Crítico,651,0.1746,2659.02,6217.38,2.34,True,False
SKU-01947,Relógio de Parede Luxo Preto,Lifestyle,Relógio de Parede,FORN-098,48,186.57,309.04,196,29,167,79,2025-01-16,Em Estoque,448,0.3507,31157.19,51609.68,1.66,False,False
SKU-01948,Regata Oversize Verde,Moda,Regata,FORN-088,6,171.19,466.63,112,23,89,70,2025-09-25,Em Estoque,448,0.2931,15235.91,41530.07,2.73,False,False
SKU-01949,Esfoliante Moderno Verde,Beleza,Esfoliante,FORN-026,58,204.99,406.75,450,91,359,144,2025-07-02,Em Estoque,316,0.2675,73591.41,146023.25,1.98,False,False
SKU-01950,Calça Jeans Moderno Azul,Moda,Calça Jeans,FORN-045,6,306.25,789.92,76,1,75,129,2024-03-16,Estoque Crítico,448,0.318,22968.75,59244.0,2.58,True,False
SKU-01951,Pulseira Edição Limitada Vermelho,Acessórios,Pulseira,FORN-087,8,139.19,381.33,372,72,300,115,2024-02-23,Em Estoque,448,0.4817,41757.0,114399.0,2.74,False,False
SKU-01952,Top Premium Preto,Moda,Top,FORN-059,15,293.95,848.74,792,215,577,103,2025-03-13,Em Estoque,448,0.2573,169609.15,489722.98,2.89,False,False
SKU-01953,Brinco Clássico Vermelho,Acessórios,Brinco,FORN-031,12,327.72,1020.38,362,99,263,27,2023-09-28,Em Estoque,448,0.1958,86190.36,268359.94,3.11,False,False
SKU-01954,Carteira Básico Bege,Acessórios,Carteira,FORN-087,7,383.63,1102.87,85,2,83,77,2025-11-06,Em Estoque,448,0.0804,31841.29,91538.21,2.87,False,False
SKU-01955,Base Líquida Artesanal Dourado,Beleza,Base Líquida,FORN-083,13,235.69,746.08,431,85,346,88,2024-06-15,Em Estoque,459,0.1894,81548.74,258143.68,3.17,False,False
SKU-01956,Protetor Solar Clássico Verde,Beleza,Protetor Solar,FORN-088,10,126.46,389.4,56,16,40,34,2025-09-22,Em Estoque,530,0.0436,5058.4,15576.0,3.08,False,False
SKU-01957,Blush Moderno Prata,Beleza,Blush,FORN-003,15,148.49,251.35,282,82,200,148,2023-12-19,Em Estoque,619,0.257,29698.0,50270.0,1.69,False,False
SKU-01958,Planta Artificial Delicado Rosa,Lifestyle,Planta Artificial,FORN-064,6,118.86,317.74,84,0,84,29,2024-11-17,Em Estoque,448,0.1222,9984.24,26690.16,2.67,False,False
SKU-01959,Camiseta Básico Branco,Moda,Camiseta,FORN-024,59,84.21,162.63,401,65,336,133,2024-05-15,Em Estoque,448,0.0241,28294.56,54643.68,1.93,False,False
SKU-01960,Batom Urban Dourado,Beleza,Batom,FORN-056,6,389.1,770.26,238,48,190,46,2025-10-12,Descontinuado,611,0.3274,73929.0,146349.4,1.98,False,True
SKU-01961,Difusor Urban Vermelho,Lifestyle,Difusor,FORN-024,48,209.62,349.41,279,67,212,142,2024-09-02,Em Estoque,448,0.0524,44439.44,74074.92,1.67,False,False
SKU-01962,Kit Skincare Moderno Preto,Beleza,Kit Skincare,FORN-029,50,167.11,346.89,168,50,118,112,2024-10-14,Em Estoque,265,0.2012,19718.98,40933.02,2.08,False,False
SKU-01963,Top Delicado Azul,Moda,Top,FORN-078,15,27.76,79.27,256,72,184,18,2025-12-23,Em Estoque,448,0.3229,5107.84,14585.68,2.86,False,False
SKU-01964,Vestido Oversize Branco,Moda,Vestido,FORN-091,59,279.42,502.23,70,11,59,35,2023-07-18,Em Estoque,448,0.1962,16485.78,29631.57,1.8,False,False
SKU-01965,Pochete Slim Bege,Acessórios,Pochete,FORN-016,55,370.46,632.44,127,25,102,45,2024-03-13,Em Estoque,448,0.0712,37786.92,64508.88,1.71,False,False
SKU-01966,Camisa Social Sport Preto,Moda,Camisa Social,FORN-071,13,193.09,553.83,1017,118,899,60,2024-09-08,Em Estoque,448,0.414,173587.91,497893.17,2.87,False,False
SKU-01967,Camisa Social Urban Branco,Moda,Camisa Social,FORN-001,11,157.59,312.49,334,61,273,89,2024-05-13,Em Estoque,448,0.386,43022.07,85309.77,1.98,False,False
SKU-01968,Difusor Premium Bege,Lifestyle,Difusor,FORN-095,6,135.62,413.88,391,11,380,48,2025-04-07,Em Estoque,448,0.1659,51535.6,157274.4,3.05,False,False
SKU-01969,Esfoliante Artesanal Dourado,Beleza,Esfoliante,FORN-073,45,374.06,801.31,0,0,0,126,2023-08-16,Ruptura,677,0.3499,0.0,0.0,2.14,True,False
SKU-01970,Blusa de Tricô Edição Limitada Prata,Moda,Blusa de Tricô,FORN-058,46,359.44,749.63,132,24,108,11,2024-02-13,Em Estoque,448,0.4048,38819.52,80960.04,2.09,False,False
SKU-01971,Relógio de Parede Exclusivo Nude,Lifestyle,Relógio de Parede,FORN-042,51,110.85,245.68,132,7,125,126,2024-08-15,Estoque Crítico,448,0.433,13856.25,30710.0,2.22,True,False
SKU-01972,Sérum Facial Premium Vermelho,Beleza,Sérum Facial,FORN-036,8,137.86,428.3,335,91,244,126,2025-11-22,Em Estoque,261,0.3199,33637.84,104505.2,3.11,False,False
SKU-01973,Protetor Solar Premium Azul,Beleza,Protetor Solar,FORN-029,50,120.39,345.04,383,106,277,125,2024-08-09,Em Estoque,180,0.1518,33348.03,95576.08,2.87,False,False
SKU-01974,Regata Luxo Preto,Moda,Regata,FORN-076,54,286.35,908.63,742,215,527,39,2025-02-12,Em Estoque,448,0.4284,150906.45,478848.01,3.17,False,False
SKU-01975,Porta-Retrato Sustentável Preto,Lifestyle,Porta-Retrato,FORN-059,14,316.19,801.19,480,92,388,86,2024-07-27,Em Estoque,448,0.0546,122681.72,310861.72,2.53,False,False
SKU-01976,Kit Skincare Sustentável Vermelho,Beleza,Kit Skincare,FORN-040,12,157.58,421.96,179,26,153,97,2024-03-17,Em Estoque,646,0.0767,24109.74,64559.88,2.68,False,False
SKU-01977,Kit Skincare Moderno Rosa,Beleza,Kit Skincare,FORN-065,10,121.98,388.19,12,1,11,12,2025-09-09,Estoque Crítico,569,0.2647,1341.78,4270.09,3.18,True,False
SKU-01978,Moletom Premium Vermelho,Moda,Moletom,FORN-049,14,296.99,561.67,665,104,561,27,2023-09-05,Em Estoque,448,0.3911,166611.39,315096.87,1.89,False,False
SKU-01979,Kit Skincare Delicado Dourado,Beleza,Kit Skincare,FORN-057,12,186.83,410.9,20,6,14,62,2025-10-27,Estoque Crítico,596,0.073,2615.62,5752.6,2.2,True,False
SKU-01980,Saia Artesanal Bege,Moda,Saia,FORN-096,12,46.51,132.86,56,7,49,101,2023-03-18,Estoque Crítico,448,0.2989,2278.99,6510.14,2.86,True,False
SKU-01981,Top Delicado Preto,Moda,Top,FORN-053,13,387.4,1024.69,171,10,161,69,2023-11-25,Em Estoque,448,0.3941,62371.4,164975.09,2.65,False,False
SKU-01982,Camisa Social Moderno Rosa,Moda,Camisa Social,FORN-036,11,28.57,64.05,725,213,512,106,2025-05-23,Em Estoque,448,0.4586,14627.84,32793.6,2.24,False,False
SKU-01983,Óleo Corporal Urban Bege,Beleza,Óleo Corporal,FORN-025,10,186.31,560.41,165,49,116,45,2025-05-03,Em Estoque,531,0.122,21611.96,65007.56,3.01,False,False
SKU-01984,Vela Aromática Premium Vermelho,Lifestyle,Vela Aromática,FORN-034,53,221.8,648.73,172,18,154,146,2024-06-08,Em Estoque,448,0.481,34157.2,99904.42,2.92,False,False
SKU-01985,Condicionador Delicado Prata,Beleza,Condicionador,FORN-002,9,83.35,180.04,159,9,150,145,2023-06-08,Em Estoque,600,0.3803,12502.5,27006.0,2.16,False,False
SKU-01986,Vestido Oversize Verde,Moda,Vestido,FORN-004,60,231.71,730.69,434,114,320,149,2024-01-22,Em Estoque,448,0.1151,74147.2,233820.8,3.15,False,False
SKU-01987,Máscara de Cílios Clássico Branco,Beleza,Máscara de Cílios,FORN-032,6,368.48,609.72,460,23,437,93,2025-07-14,Em Estoque,314,0.2704,161025.76,266447.64,1.65,False,False
SKU-01988,Perfume Delicado Dourado,Beleza,Perfume,FORN-021,60,97.13,279.36,39,4,35,50,2024-10-12,Estoque Crítico,357,0.2886,3399.55,9777.6,2.88,True,False
SKU-01989,Top Artesanal Vermelho,Moda,Top,FORN-040,9,63.64,102.67,199,34,165,139,2023-08-01,Descontinuado,448,0.0402,10500.6,16940.55,1.61,False,True
SKU-01990,Regata Sustentável Rosa,Moda,Regata,FORN-044,15,50.13,155.52,150,45,105,10,2023-12-16,Em Estoque,448,0.1839,5263.65,16329.6,3.1,False,False
SKU-01991,Moletom Slim Prata,Moda,Moletom,FORN-064,14,72.25,215.58,675,103,572,116,2023-08-11,Em Estoque,448,0.0099,41327.0,123311.76,2.98,False,False
SKU-01992,Vestido Edição Limitada Nude,Moda,Vestido,FORN-058,53,124.79,364.43,235,50,185,24,2024-09-25,Em Estoque,448,0.3677,23086.15,67419.55,2.92,False,False
SKU-01993,Pulseira Moderno Preto,Acessórios,Pulseira,FORN-074,56,212.92,508.76,461,60,401,65,2024-09-23,Em Estoque,448,0.2137,85380.92,204012.76,2.39,False,False
SKU-01994,Almofada Oversize Dourado,Lifestyle,Almofada,FORN-077,49,107.07,240.07,38,4,34,146,2024-09-23,Estoque Crítico,448,0.0508,3640.38,8162.38,2.24,True,False
SKU-01995,Sérum Facial Básico Verde,Beleza,Sérum Facial,FORN-006,48,234.89,562.36,433,123,310,43,2023-10-05,Em Estoque,227,0.0605,72815.9,174331.6,2.39,False,False
SKU-01996,Perfume Sport Verde,Beleza,Perfume,FORN-017,52,106.2,195.31,289,57,232,10,2024-10-21,Em Estoque,528,0.2533,24638.4,45311.92,1.84,False,False
SKU-01997,Base Líquida Oversize Prata,Beleza,Base Líquida,FORN-081,56,367.5,1064.61,0,0,0,64,2025-11-15,Ruptura,348,0.4868,0.0,0.0,2.9,True,False
SKU-01998,Pochete Oversize Dourado,Acessórios,Pochete,FORN-039,6,398.07,1250.37,468,46,422,86,2025-08-27,Em Estoque,448,0.2066,167985.54,527656.14,3.14,False,False
SKU-01999,Óleo Corporal Artesanal Branco,Beleza,Óleo Corporal,FORN-067,52,283.38,534.03,334,73,261,130,2025-08-08,Em Estoque,652,0.2405,73962.18,139381.83,1.88,False,False
SKU-02000,Colar Slim Azul,Acessórios,Colar,FORN-082,54,95.07,286.48,440,77,363,128,2025-08-06,Em Estoque,448,0.4336,34510.41,103992.24,3.01,False,False
SKU-02001,Base Líquida Oversize Vermelho,Beleza,Base Líquida,FORN-097,9,104.66,254.29,346,82,264,21,2023-10-19,Descontinuado,411,0.1358,27630.24,67132.56,2.43,False,True
SKU-02002,Sérum Facial Urban Rosa,Beleza,Sérum Facial,FORN-017,54,198.94,593.36,492,12,480,17,2025-01-19,Em Estoque,609,0.3498,95491.2,284812.8,2.98,False,False
SKU-02003,Blush Edição Limitada Bege,Beleza,Blush,FORN-037,7,174.1,472.03,496,35,461,42,2024-05-20,Em Estoque,213,0.1112,80260.1,217605.83,2.71,False,False
SKU-02004,Garrafa Térmica Premium Nude,Lifestyle,Garrafa Térmica,FORN-098,47,292.78,594.19,425,15,410,35,2025-06-05,Em Estoque,448,0.0553,120039.8,243617.9,2.03,False,False
SKU-02005,Kit Chá Clássico Bege,Lifestyle,Kit Chá,FORN-051,9,366.35,737.76,491,84,407,117,2025-01-01,Em Estoque,448,0.2613,149104.45,300268.32,2.01,False,False
SKU-02006,Camisa Social Delicado Azul,Moda,Camisa Social,FORN-028,10,252.11,800.72,279,39,240,51,2023-10-18,Em Estoque,448,0.4172,60506.4,192172.8,3.18,False,False
SKU-02007,Cinto Delicado Verde,Acessórios,Cinto,FORN-079,11,280.07,856.61,246,61,185,31,2024-04-28,Em Estoque,448,0.395,51812.95,158472.85,3.06,False,False
SKU-02008,Vestido Sport Rosa,Moda,Vestido,FORN-060,8,173.02,279.77,1019,288,731,14,2025-01-23,Em Estoque,448,0.0287,126477.62,204511.87,1.62,False,False
SKU-02009,Saia Edição Limitada Branco,Moda,Saia,FORN-083,9,134.42,312.2,1155,166,989,91,2024-11-02,Em Estoque,448,0.1428,132941.38,308765.8,2.32,False,False
SKU-02010,Base Líquida Edição Limitada Nude,Beleza,Base Líquida,FORN-064,14,74.57,203.47,31,6,25,123,2024-05-19,Estoque Crítico,410,0.3114,1864.25,5086.75,2.73,True,False
SKU-02011,Jaqueta Urban Nude,Moda,Jaqueta,FORN-052,45,125.33,371.71,757,151,606,56,2025-06-06,Em Estoque,448,0.2794,75949.98,225256.26,2.97,False,False
SKU-02012,Saia Moderno Azul,Moda,Saia,FORN-066,6,358.94,715.74,748,63,685,63,2023-03-08,Em Estoque,448,0.0516,245873.9,490281.9,1.99,False,False
SKU-02013,Shorts Delicado Dourado,Moda,Shorts,FORN-033,45,260.75,641.96,195,29,166,50,2023-04-08,Em Estoque,448,0.1628,43284.5,106565.36,2.46,False,False
SKU-02014,Camiseta Clássico Azul,Moda,Camiseta,FORN-017,55,56.42,92.83,765,83,682,146,2024-01-26,Em Estoque,448,0.4832,38478.44,63310.06,1.65,False,False
SKU-02015,Sombra Premium Rosa,Beleza,Sombra,FORN-020,49,360.24,1047.76,0,0,0,97,2024-05-03,Ruptura,340,0.1863,0.0,0.0,2.91,True,False
SKU-02016,Base Líquida Clássico Verde,Beleza,Base Líquida,FORN-030,13,324.3,537.35,248,66,182,29,2025-02-28,Em Estoque,533,0.4518,59022.6,97797.7,1.66,False,False
SKU-02017,Legging Moderno Rosa,Moda,Legging,FORN-079,9,374.01,1181.34,631,120,511,38,2024-12-16,Em Estoque,448,0.1577,191119.11,603664.74,3.16,False,False
SKU-02018,Base Líquida Edição Limitada Vermelho,Beleza,Base Líquida,FORN-030,7,384.34,1003.47,67,8,59,114,2023-01-27,Estoque Crítico,620,0.061,22676.06,59204.73,2.61,True,False
SKU-02019,Base Líquida Urban Prata,Beleza,Base Líquida,FORN-085,56,358.88,985.41,121,20,101,43,2023-01-15,Em Estoque,222,0.1453,36246.88,99526.41,2.75,False,False
SKU-02020,Camisa Social Exclusivo Vermelho,Moda,Camisa Social,FORN-065,10,273.7,621.86,456,19,437,88,2023-11-07,Em Estoque,448,0.2118,119606.9,271752.82,2.27,False,False
SKU-02021,Lenço Premium Nude,Acessórios,Lenço,FORN-005,48,36.77,112.75,391,96,295,116,2025-02-28,Em Estoque,448,0.1091,10847.15,33261.25,3.07,False,False
SKU-02022,Regata Exclusivo Prata,Moda,Regata,FORN-072,6,224.42,433.44,287,50,237,39,2024-04-18,Em Estoque,448,0.2044,53187.54,102725.28,1.93,False,False
SKU-02023,Sombra Exclusivo Verde,Beleza,Sombra,FORN-012,13,330.57,715.73,215,5,210,99,2025-01-22,Em Estoque,522,0.4966,69419.7,150303.3,2.17,False,False
SKU-02024,Planta Artificial Delicado Bege,Lifestyle,Planta Artificial,FORN-049,12,86.92,143.84,245,19,226,134,2023-01-24,Em Estoque,448,0.2774,19643.92,32507.84,1.65,False,False
SKU-02025,Almofada Sustentável Bege,Lifestyle,Almofada,FORN-081,51,194.08,419.74,144,1,143,129,2025-04-24,Em Estoque,448,0.3908,27753.44,60022.82,2.16,False,False
SKU-02026,Pulseira Premium Vermelho,Acessórios,Pulseira,FORN-078,12,381.87,928.97,306,74,232,105,2023-11-09,Em Estoque,448,0.1427,88593.84,215521.04,2.43,False,False
SKU-02027,Batom Sustentável Branco,Beleza,Batom,FORN-034,57,202.71,507.36,483,111,372,107,2025-09-24,Em Estoque,525,0.3817,75408.12,188737.92,2.5,False,False
SKU-02028,Carteira Edição Limitada Rosa,Acessórios,Carteira,FORN-046,58,37.26,99.49,407,46,361,112,2023-05-08,Em Estoque,448,0.0456,13450.86,35915.89,2.67,False,False
SKU-02029,Top Urban Dourado,Moda,Top,FORN-027,14,374.16,608.39,941,177,764,119,2024-04-08,Em Estoque,448,0.352,285858.24,464809.96,1.63,False,False
SKU-02030,Protetor Solar Premium Azul,Beleza,Protetor Solar,FORN-013,11,208.15,518.61,55,5,50,116,2023-06-10,Estoque Crítico,672,0.337,10407.5,25930.5,2.49,True,False
SKU-02031,Calça Jeans Clássico Rosa,Moda,Calça Jeans,FORN-086,5,72.63,159.78,297,3,294,24,2024-05-19,Em Estoque,448,0.2541,21353.22,46975.32,2.2,False,False
SKU-02032,Vela Aromática Urban Nude,Lifestyle,Vela Aromática,FORN-076,51,235.85,564.52,323,58,265,70,2025-09-16,Em Estoque,448,0.1894,62500.25,149597.8,2.39,False,False
SKU-02033,Sérum Facial Moderno Rosa,Beleza,Sérum Facial,FORN-032,13,103.51,276.79,14,0,14,30,2024-04-11,Estoque Crítico,341,0.3079,1449.14,3875.06,2.67,True,False
SKU-02034,Protetor Solar Premium Dourado,Beleza,Protetor Solar,FORN-089,9,60.42,192.53,289,82,207,115,2024-05-14,Em Estoque,336,0.2565,12506.94,39853.71,3.19,False,False
SKU-02035,Protetor Solar Oversize Branco,Beleza,Protetor Solar,FORN-067,57,79.57,170.19,0,0,0,113,2023-01-06,Ruptura,218,0.0657,0.0,0.0,2.14,True,False
SKU-02036,Colar Premium Verde,Acessórios,Colar,FORN-049,12,191.61,566.55,488,26,462,57,2024-02-22,Em Estoque,448,0.2824,88523.82,261746.1,2.96,False,False
SKU-02037,Shorts Básico Prata,Moda,Shorts,FORN-081,50,313.44,755.69,12,3,9,113,2024-01-23,Estoque Crítico,448,0.2716,2820.96,6801.21,2.41,True,False
SKU-02038,Vestido Moderno Nude,Moda,Vestido,FORN-017,60,220.34,456.16,282,78,204,18,2025-09-13,Em Estoque,448,0.2087,44949.36,93056.64,2.07,False,False
SKU-02039,Saia Edição Limitada Nude,Moda,Saia,FORN-042,54,135.04,249.62,665,177,488,48,2024-09-18,Em Estoque,448,0.0965,65899.52,121814.56,1.85,False,False
SKU-02040,Saia Moderno Dourado,Moda,Saia,FORN-010,54,159.46,312.89,75,3,72,146,2023-12-05,Estoque Crítico,448,0.1907,11481.12,22528.08,1.96,True,False
SKU-02041,Kit Skincare Delicado Branco,Beleza,Kit Skincare,FORN-034,48,249.63,498.68,293,52,241,11,2024-02-01,Em Estoque,274,0.4368,60160.83,120181.88,2.0,False,False
SKU-02042,Sombra Básico Branco,Beleza,Sombra,FORN-075,49,298.78,882.95,193,42,151,46,2024-12-16,Em Estoque,396,0.1454,45115.78,133325.45,2.96,False,False
SKU-02043,Pulseira Slim Branco,Acessórios,Pulseira,FORN-036,6,95.24,163.01,53,3,50,36,2024-01-11,Em Estoque,448,0.349,4762.0,8150.5,1.71,False,False
SKU-02044,Blusa de Tricô Urban Branco,Moda,Blusa de Tricô,FORN-057,14,274.04,574.26,769,106,663,10,2025-12-09,Em Estoque,448,0.4035,181688.52,380734.38,2.1,False,False
SKU-02045,Pochete Básico Rosa,Acessórios,Pochete,FORN-085,59,220.1,376.53,101,3,98,77,2024-07-09,Em Estoque,448,0.0634,21569.8,36899.94,1.71,False,False
SKU-02046,Kit Chá Oversize Dourado,Lifestyle,Kit Chá,FORN-077,53,320.41,745.91,137,1,136,66,2023-08-09,Em Estoque,448,0.3141,43575.76,101443.76,2.33,False,False
SKU-02047,Perfume Sustentável Preto,Beleza,Perfume,FORN-078,8,113.83,201.53,117,25,92,83,2023-03-27,Em Estoque,487,0.0363,10472.36,18540.76,1.77,False,False
SKU-02048,Vela Aromática Moderno Bege,Lifestyle,Vela Aromática,FORN-055,59,153.23,475.7,359,82,277,21,2024-08-13,Em Estoque,448,0.343,42444.71,131768.9,3.1,False,False
SKU-02049,Camiseta Exclusivo Nude,Moda,Camiseta,FORN-052,55,132.22,378.0,169,25,144,19,2024-05-01,Em Estoque,448,0.221,19039.68,54432.0,2.86,False,False
SKU-02050,Mochila Sustentável Nude,Acessórios,Mochila,FORN-039,13,163.86,428.81,298,66,232,79,2025-05-17,Em Estoque,448,0.007,38015.52,99483.92,2.62,False,False
SKU-02051,Batom Delicado Branco,Beleza,Batom,FORN-004,46,370.11,862.21,239,0,239,28,2024-08-25,Em Estoque,500,0.2875,88456.29,206068.19,2.33,False,False
SKU-02052,Jaqueta Delicado Azul,Moda,Jaqueta,FORN-005,59,220.57,391.96,75,18,57,118,2023-01-09,Estoque Crítico,448,0.3084,12572.49,22341.72,1.78,True,False
SKU-02053,Calça Jeans Slim Rosa,Moda,Calça Jeans,FORN-038,6,379.03,1097.76,342,54,288,124,2024-04-08,Em Estoque,448,0.3313,109160.64,316154.88,2.9,False,False
SKU-02054,Camisa Social Sport Vermelho,Moda,Camisa Social,FORN-090,10,162.13,301.37,581,122,459,16,2023-12-08,Em Estoque,448,0.4535,74417.67,138328.83,1.86,False,False
SKU-02055,Bolsa de Couro Slim Nude,Acessórios,Bolsa de Couro,FORN-089,14,241.77,535.66,206,22,184,64,2025-07-23,Em Estoque,448,0.3701,44485.68,98561.44,2.22,False,False
SKU-02056,Blush Moderno Branco,Beleza,Blush,FORN-059,8,385.38,1152.47,390,54,336,49,2024-09-16,Em Estoque,335,0.4646,129487.68,387229.92,2.99,False,False
SKU-02057,Legging Delicado Prata,Moda,Legging,FORN-045,13,162.92,346.58,1036,78,958,132,2025-07-18,Em Estoque,448,0.0472,156077.36,332023.64,2.13,False,False
SKU-02058,Garrafa Térmica Slim Nude,Lifestyle,Garrafa Térmica,FORN-026,48,359.93,853.24,311,49,262,122,2023-07-01,Em Estoque,448,0.28,94301.66,223548.88,2.37,False,False
SKU-02059,Jaqueta Luxo Verde,Moda,Jaqueta,FORN-060,14,67.61,203.46,124,21,103,16,2024-12-26,Em Estoque,448,0.3066,6963.83,20956.38,3.01,False,False
SKU-02060,Brinco Delicado Rosa,Acessórios,Brinco,FORN-051,9,172.24,501.46,273,76,197,124,2023-02-10,Em Estoque,448,0.3146,33931.28,98787.62,2.91,False,False
SKU-02061,Saia Premium Azul,Moda,Saia,FORN-077,52,115.2,208.71,712,25,687,148,2024-07-24,Em Estoque,448,0.0763,79142.4,143383.77,1.81,False,False
SKU-02062,Camisa Social Luxo Preto,Moda,Camisa Social,FORN-043,5,256.03,480.78,1082,41,1041,38,2025-12-02,Em Estoque,448,0.164,266527.23,500491.98,1.88,False,False
SKU-02063,Calça Jeans Luxo Nude,Moda,Calça Jeans,FORN-059,8,233.5,667.92,789,160,629,141,2023-03-03,Em Estoque,448,0.0016,146871.5,420121.68,2.86,False,False
SKU-02064,Planta Artificial Exclusivo Bege,Lifestyle,Planta Artificial,FORN-084,8,221.73,462.25,497,96,401,23,2025-11-23,Em Estoque,448,0.4265,88913.73,185362.25,2.08,False,False
SKU-02065,Protetor Solar Urban Azul,Beleza,Protetor Solar,FORN-010,46,120.2,242.78,63,15,48,129,2025-04-21,Estoque Crítico,551,0.4847,5769.6,11653.44,2.02,True,False
SKU-02066,Difusor Artesanal Bege,Lifestyle,Difusor,FORN-017,47,313.4,767.36,69,4,65,15,2024-04-25,Em Estoque,448,0.3639,20371.0,49878.4,2.45,False,False
SKU-02067,Creme Hidratante Básico Dourado,Beleza,Creme Hidratante,FORN-050,47,262.47,683.42,367,28,339,17,2023-04-14,Em Estoque,626,0.3042,88977.33,231679.38,2.6,False,False
SKU-02068,Protetor Solar Oversize Nude,Beleza,Protetor Solar,FORN-076,47,177.25,414.75,140,0,140,72,2023-04-26,Em Estoque,413,0.3296,24815.0,58065.0,2.34,False,False
SKU-02069,Óculos de Sol Delicado Prata,Acessórios,Óculos de Sol,FORN-020,57,325.92,996.8,89,12,77,71,2024-10-09,Em Estoque,448,0.3127,25095.84,76753.6,3.06,False,False
SKU-02070,Vestido Clássico Verde,Moda,Vestido,FORN-024,58,309.41,622.85,700,194,506,73,2025-11-14,Em Estoque,448,0.3651,156561.46,315162.1,2.01,False,False
SKU-02071,Base Líquida Luxo Branco,Beleza,Base Líquida,FORN-010,54,317.6,621.26,23,3,20,75,2023-10-23,Estoque Crítico,508,0.2814,6352.0,12425.2,1.96,True,False
SKU-02072,Óleo Corporal Oversize Verde,Beleza,Óleo Corporal,FORN-077,46,312.95,956.3,0,0,0,133,2025-08-20,Ruptura,544,0.289,0.0,0.0,3.06,True,False
SKU-02073,Vela Aromática Sport Rosa,Lifestyle,Vela Aromática,FORN-050,52,197.83,353.32,91,23,68,111,2024-12-01,Estoque Crítico,448,0.109,13452.44,24025.76,1.79,True,False
SKU-02074,Regata Slim Branco,Moda,Regata,FORN-069,5,86.58,182.78,673,145,528,135,2024-04-24,Em Estoque,448,0.4586,45714.24,96507.84,2.11,False,False
SKU-02075,Kit Skincare Luxo Verde,Beleza,Kit Skincare,FORN-063,14,140.02,301.6,288,82,206,47,2024-12-15,Em Estoque,267,0.0377,28844.12,62129.6,2.15,False,False
SKU-02076,Protetor Solar Edição Limitada Dourado,Beleza,Protetor Solar,FORN-002,8,289.98,661.48,492,90,402,110,2025-08-28,Em Estoque,285,0.081,116571.96,265914.96,2.28,False,False
SKU-02077,Colar Sport Bege,Acessórios,Colar,FORN-027,8,31.64,51.35,21,2,19,111,2023-01-24,Estoque Crítico,448,0.4739,601.16,975.65,1.62,True,False
SKU-02078,Espelho de Mesa Clássico Rosa,Lifestyle,Espelho de Mesa,FORN-082,49,214.29,419.38,465,43,422,38,2023-08-22,Em Estoque,448,0.2629,90430.38,176978.36,1.96,False,False
SKU-02079,Top Sustentável Azul,Moda,Top,FORN-092,58,393.0,1108.26,297,19,278,57,2023-08-05,Descontinuado,448,0.309,109254.0,308096.28,2.82,False,True
SKU-02080,Planta Artificial Slim Bege,Lifestyle,Planta Artificial,FORN-070,60,116.29,311.36,223,20,203,135,2025-12-14,Em Estoque,448,0.1055,23606.87,63206.08,2.68,False,False
SKU-02081,Base Líquida Clássico Nude,Beleza,Base Líquida,FORN-094,55,154.32,269.47,363,2,361,14,2024-02-02,Em Estoque,730,0.3845,55709.52,97278.67,1.75,False,False
SKU-02082,Porta-Retrato Edição Limitada Bege,Lifestyle,Porta-Retrato,FORN-027,5,24.89,56.48,231,17,214,43,2023-06-02,Em Estoque,448,0.3274,5326.46,12086.72,2.27,False,False
SKU-02083,Legging Moderno Rosa,Moda,Legging,FORN-088,7,353.32,926.97,202,21,181,62,2025-02-14,Em Estoque,448,0.0716,63950.92,167781.57,2.62,False,False
SKU-02084,Bolsa de Couro Luxo Nude,Acessórios,Bolsa de Couro,FORN-015,58,289.6,565.82,216,54,162,108,2025-08-24,Em Estoque,448,0.0056,46915.2,91662.84,1.95,False,False
SKU-02085,Camiseta Slim Verde,Moda,Camiseta,FORN-036,9,44.43,72.43,101,8,93,128,2023-01-22,Estoque Crítico,448,0.2738,4131.99,6735.99,1.63,True,False
SKU-02086,Legging Oversize Prata,Moda,Legging,FORN-004,48,145.1,384.43,501,36,465,115,2025-03-17,Descontinuado,448,0.0657,67471.5,178759.95,2.65,False,True
SKU-02087,Blusa de Tricô Premium Verde,Moda,Blusa de Tricô,FORN-003,15,251.74,727.45,630,180,450,116,2023-12-24,Em Estoque,448,0.062,113283.0,327352.5,2.89,False,False
SKU-02088,Caderno Oversize Bege,Lifestyle,Caderno,FORN-090,8,284.6,516.0,406,70,336,22,2024-09-27,Em Estoque,448,0.4921,95625.6,173376.0,1.81,False,False
SKU-02089,Esfoliante Slim Azul,Beleza,Esfoliante,FORN-045,9,301.26,942.17,435,78,357,137,2024-03-11,Em Estoque,383,0.2983,107549.82,336354.69,3.13,False,False
SKU-02090,Calça Jeans Básico Branco,Moda,Calça Jeans,FORN-043,7,330.49,697.65,702,46,656,128,2024-12-18,Em Estoque,448,0.0894,216801.44,457658.4,2.11,False,False
SKU-02091,Calça Jeans Sustentável Rosa,Moda,Calça Jeans,FORN-069,14,27.1,53.68,260,45,215,146,2025-01-23,Em Estoque,448,0.236,5826.5,11541.2,1.98,False,False
SKU-02092,Luminária Básico Rosa,Lifestyle,Luminária,FORN-017,50,251.48,761.63,188,44,144,94,2025-05-22,Em Estoque,448,0.2985,36213.12,109674.72,3.03,False,False
SKU-02093,Blusa de Tricô Sport Verde,Moda,Blusa de Tricô,FORN-073,58,188.32,435.37,613,22,591,37,2025-04-26,Em Estoque,448,0.2966,111297.12,257303.67,2.31,False,False
SKU-02094,Sérum Facial Sport Rosa,Beleza,Sérum Facial,FORN-098,55,197.74,623.77,226,32,194,93,2025-02-03,Descontinuado,545,0.484,38361.56,121011.38,3.15,False,True
SKU-02095,Sérum Facial Delicado Branco,Beleza,Sérum Facial,FORN-045,15,372.78,696.58,59,6,53,61,2024-12-17,Estoque Crítico,564,0.0313,19757.34,36918.74,1.87,True,False
SKU-02096,Pulseira Slim Dourado,Acessórios,Pulseira,FORN-056,15,304.37,550.25,259,73,186,142,2025-10-24,Em Estoque,448,0.3437,56612.82,102346.5,1.81,False,False
SKU-02097,Colar Edição Limitada Branco,Acessórios,Colar,FORN-095,6,304.13,842.09,292,77,215,132,2025-10-05,Em Estoque,448,0.3171,65387.95,181049.35,2.77,False,False
SKU-02098,Meias Edição Limitada Preto,Acessórios,Meias,FORN-029,51,217.93,518.06,276,66,210,100,2023-09-12,Em Estoque,448,0.4817,45765.3,108792.6,2.38,False,False
SKU-02099,Kit Skincare Exclusivo Vermelho,Beleza,Kit Skincare,FORN-066,15,59.87,169.84,132,15,117,129,2024-12-08,Estoque Crítico,232,0.3562,7004.79,19871.28,2.84,True,False
SKU-02100,Bolsa de Couro Urban Preto,Acessórios,Bolsa de Couro,FORN-061,52,208.65,428.84,298,78,220,86,2024-06-15,Em Estoque,448,0.3216,45903.0,94344.8,2.06,False,False
SKU-02101,Shorts Slim Branco,Moda,Shorts,FORN-006,59,173.14,527.9,174,8,166,108,2025-06-10,Em Estoque,448,0.1496,28741.24,87631.4,3.05,False,False
SKU-02102,Óleo Corporal Artesanal Branco,Beleza,Óleo Corporal,FORN-089,11,31.78,91.54,132,15,117,97,2025-11-17,Em Estoque,708,0.1654,3718.26,10710.18,2.88,False,False
SKU-02103,Sombra Luxo Nude,Beleza,Sombra,FORN-095,5,195.58,502.55,400,73,327,119,2024-09-28,Em Estoque,699,0.3784,63954.66,164333.85,2.57,False,False
SKU-02104,Pochete Oversize Vermelho,Acessórios,Pochete,FORN-086,13,47.38,111.96,158,13,145,88,2025-01-16,Em Estoque,448,0.347,6870.1,16234.2,2.36,False,False
SKU-02105,Saia Urban Branco,Moda,Saia,FORN-088,12,196.96,437.39,702,49,653,90,2025-01-21,Em Estoque,448,0.2465,128614.88,285615.67,2.22,False,False
SKU-02106,Batom Artesanal Bege,Beleza,Batom,FORN-020,51,95.0,260.16,164,18,146,13,2023-04-14,Em Estoque,313,0.477,13870.0,37983.36,2.74,False,False
SKU-02107,Camiseta Sport Bege,Moda,Camiseta,FORN-029,47,310.69,975.32,699,80,619,60,2023-08-08,Em Estoque,448,0.3358,192317.11,603723.08,3.14,False,False
SKU-02108,Calça Jeans Slim Nude,Moda,Calça Jeans,FORN-058,49,119.74,323.77,531,62,469,78,2024-08-03,Em Estoque,448,0.3963,56158.06,151848.13,2.7,False,False
SKU-02109,Camiseta Artesanal Azul,Moda,Camiseta,FORN-091,56,139.31,299.72,462,10,452,48,2023-01-14,Em Estoque,448,0.1265,62968.12,135473.44,2.15,False,False
SKU-02110,Shorts Slim Verde,Moda,Shorts,FORN-073,53,323.74,931.95,113,6,107,73,2025-10-03,Em Estoque,448,0.0746,34640.18,99718.65,2.88,False,False
SKU-02111,Vela Aromática Luxo Vermelho,Lifestyle,Vela Aromática,FORN-042,45,186.29,418.85,463,39,424,53,2023-09-21,Em Estoque,448,0.3553,78986.96,177592.4,2.25,False,False
SKU-02112,Moletom Slim Rosa,Moda,Moletom,FORN-054,56,114.37,183.79,262,41,221,97,2025-06-02,Em Estoque,448,0.2045,25275.77,40617.59,1.61,False,False
SKU-02113,Luminária Premium Dourado,Lifestyle,Luminária,FORN-064,12,311.9,801.32,344,39,305,65,2023-11-05,Em Estoque,448,0.4291,95129.5,244402.6,2.57,False,False
SKU-02114,Legging Artesanal Preto,Moda,Legging,FORN-034,58,33.44,81.3,710,62,648,112,2025-07-24,Em Estoque,448,0.41,21669.12,52682.4,2.43,False,False
SKU-02115,Moletom Artesanal Preto,Moda,Moletom,FORN-024,50,76.87,192.39,383,86,297,15,2024-02-15,Em Estoque,448,0.0195,22830.39,57139.83,2.5,False,False
SKU-02116,Blush Premium Branco,Beleza,Blush,FORN-044,15,60.97,101.32,106,13,93,74,2024-10-02,Em Estoque,667,0.4471,5670.21,9422.76,1.66,False,False
SKU-02117,Mochila Clássico Branco,Acessórios,Mochila,FORN-071,15,93.58,185.31,351,104,247,69,2025-12-21,Em Estoque,448,0.0372,23114.26,45771.57,1.98,False,False
SKU-02118,Kit Skincare Edição Limitada Nude,Beleza,Kit Skincare,FORN-019,6,20.93,44.78,12,3,9,31,2023-03-14,Estoque Crítico,223,0.4331,188.37,403.02,2.14,True,False
SKU-02119,Óculos de Sol Clássico Prata,Acessórios,Óculos de Sol,FORN-030,15,196.05,548.5,93,14,79,23,2024-05-20,Em Estoque,448,0.246,15487.95,43331.5,2.8,False,False
SKU-02120,Blush Delicado Bege,Beleza,Blush,FORN-071,7,43.61,83.28,81,22,59,142,2025-12-24,Estoque Crítico,206,0.48,2572.99,4913.52,1.91,True,False
SKU-02121,Óculos de Sol Edição Limitada Nude,Acessórios,Óculos de Sol,FORN-071,5,362.58,730.2,360,53,307,103,2025-10-11,Em Estoque,448,0.4406,111312.06,224171.4,2.01,False,False
SKU-02122,Sérum Facial Luxo Nude,Beleza,Sérum Facial,FORN-054,45,265.76,802.01,486,67,419,122,2023-12-21,Em Estoque,530,0.0893,111353.44,336042.19,3.02,False,False
SKU-02123,Blush Exclusivo Dourado,Beleza,Blush,FORN-089,9,198.32,491.03,274,33,241,13,2024-01-26,Em Estoque,459,0.2089,47795.12,118338.23,2.48,False,False
SKU-02124,Blush Delicado Preto,Beleza,Blush,FORN-056,6,74.07,191.38,256,58,198,49,2025-05-05,Em Estoque,242,0.398,14665.86,37893.24,2.58,False,False
SKU-02125,Vestido Edição Limitada Branco,Moda,Vestido,FORN-091,57,117.72,270.76,1,1,0,29,2025-09-14,Ruptura,448,0.0176,0.0,0.0,2.3,True,False
SKU-02126,Sombra Edição Limitada Prata,Beleza,Sombra,FORN-066,5,322.06,553.57,429,102,327,106,2024-08-28,Em Estoque,556,0.3184,105313.62,181017.39,1.72,False,False
SKU-02127,Camisa Social Exclusivo Azul,Moda,Camisa Social,FORN-016,50,309.17,987.72,136,23,113,70,2024-11-22,Em Estoque,448,0.4194,34936.21,111612.36,3.19,False,False
SKU-02128,Difusor Artesanal Nude,Lifestyle,Difusor,FORN-011,14,231.42,467.17,10,3,7,10,2025-02-16,Estoque Crítico,448,0.0016,1619.94,3270.19,2.02,True,False
SKU-02129,Sombra Urban Vermelho,Beleza,Sombra,FORN-063,6,159.47,265.21,239,13,226,24,2024-05-02,Em Estoque,410,0.2129,36040.22,59937.46,1.66,False,False
SKU-02130,Óleo Corporal Sport Dourado,Beleza,Óleo Corporal,FORN-077,57,192.14,354.05,466,75,391,115,2023-11-02,Em Estoque,215,0.4633,75126.74,138433.55,1.84,False,False
SKU-02131,Sérum Facial Premium Dourado,Beleza,Sérum Facial,FORN-007,6,208.62,579.77,14,1,13,13,2024-01-05,Estoque Crítico,536,0.3329,2712.06,7537.01,2.78,False,False
SKU-02132,Máscara de Cílios Urban Azul,Beleza,Máscara de Cílios,FORN-091,50,32.45,52.54,345,22,323,130,2024-10-26,Em Estoque,651,0.3375,10481.35,16970.42,1.62,False,False
SKU-02133,Caderno Urban Azul,Lifestyle,Caderno,FORN-077,58,142.09,424.47,231,39,192,75,2023-06-05,Em Estoque,448,0.3394,27281.28,81498.24,2.99,False,False
SKU-02134,Sombra Slim Bege,Beleza,Sombra,FORN-008,54,51.68,106.19,178,49,129,64,2024-05-02,Em Estoque,555,0.0474,6666.72,13698.51,2.05,False,False
SKU-02135,Pulseira Moderno Dourado,Acessórios,Pulseira,FORN-100,52,349.99,1002.04,407,96,311,111,2025-10-25,Em Estoque,448,0.3044,108846.89,311634.44,2.86,False,False
SKU-02136,Base Líquida Sport Vermelho,Beleza,Base Líquida,FORN-099,5,338.24,714.49,254,11,243,127,2024-10-22,Descontinuado,551,0.261,82192.32,173621.07,2.11,False,True
SKU-02137,Batom Exclusivo Prata,Beleza,Batom,FORN-011,9,123.69,319.08,263,7,256,64,2024-09-13,Em Estoque,226,0.3372,31664.64,81684.48,2.58,False,False
SKU-02138,Creme Hidratante Oversize Preto,Beleza,Creme Hidratante,FORN-073,58,99.46,200.26,391,31,360,91,2023-08-24,Em Estoque,299,0.0462,35805.6,72093.6,2.01,False,False
SKU-02139,Meias Exclusivo Verde,Acessórios,Meias,FORN-089,6,385.62,771.42,346,54,292,140,2025-09-22,Em Estoque,448,0.1614,112601.04,225254.64,2.0,False,False
SKU-02140,Vestido Básico Azul,Moda,Vestido,FORN-046,58,64.76,172.63,53,14,39,60,2025-05-23,Estoque Crítico,448,0.4686,2525.64,6732.57,2.67,True,False
SKU-02141,Condicionador Premium Bege,Beleza,Condicionador,FORN-019,15,346.2,700.54,177,39,138,136,2025-03-01,Em Estoque,519,0.149,47775.6,96674.52,2.02,False,False
SKU-02142,Espelho de Mesa Exclusivo Dourado,Lifestyle,Espelho de Mesa,FORN-071,6,292.94,534.75,32,4,28,130,2025-05-20,Estoque Crítico,448,0.3647,8202.32,14973.0,1.83,True,False
SKU-02143,Shorts Edição Limitada Preto,Moda,Shorts,FORN-038,7,241.87,749.01,106,16,90,131,2023-02-09,Estoque Crítico,448,0.2155,21768.3,67410.9,3.1,True,False
SKU-02144,Blush Oversize Prata,Beleza,Blush,FORN-007,9,150.77,275.98,426,46,380,118,2024-07-20,Em Estoque,710,0.3249,57292.6,104872.4,1.83,False,False
SKU-02145,Perfume Exclusivo Dourado,Beleza,Perfume,FORN-061,55,131.41,279.51,0,0,0,85,2023-04-09,Ruptura,319,0.3613,0.0,0.0,2.13,True,False
SKU-02146,Sombra Moderno Vermelho,Beleza,Sombra,FORN-001,10,385.77,885.71,356,58,298,95,2025-02-23,Em Estoque,437,0.1891,114959.46,263941.58,2.3,False,False
SKU-02147,Camisa Social Premium Branco,Moda,Camisa Social,FORN-020,53,339.77,830.66,301,31,270,118,2025-11-12,Em Estoque,448,0.4606,91737.9,224278.2,2.44,False,False
SKU-02148,Blusa de Tricô Edição Limitada Prata,Moda,Blusa de Tricô,FORN-052,49,288.0,783.93,245,7,238,129,2023-11-14,Em Estoque,448,0.1269,68544.0,186575.34,2.72,False,False
SKU-02149,Blusa de Tricô Moderno Branco,Moda,Blusa de Tricô,FORN-049,5,69.9,126.44,650,61,589,73,2023-04-27,Em Estoque,448,0.3379,41171.1,74473.16,1.81,False,False
SKU-02150,Relógio de Parede Sport Dourado,Lifestyle,Relógio de Parede,FORN-009,13,177.27,467.62,145,19,126,126,2024-07-07,Estoque Crítico,448,0.4309,22336.02,58920.12,2.64,False,False
SKU-02151,Difusor Clássico Branco,Lifestyle,Difusor,FORN-027,13,285.44,681.19,433,47,386,134,2025-01-13,Em Estoque,448,0.1602,110179.84,262939.34,2.39,False,False
SKU-02152,Brinco Artesanal Prata,Acessórios,Brinco,FORN-043,13,172.51,339.95,221,41,180,85,2023-09-01,Em Estoque,448,0.4274,31051.8,61191.0,1.97,False,False
SKU-02153,Porta-Retrato Oversize Bege,Lifestyle,Porta-Retrato,FORN-010,50,367.65,896.07,276,48,228,120,2025-01-11,Em Estoque,448,0.3071,83824.2,204303.96,2.44,False,False
SKU-02154,Sombra Artesanal Prata,Beleza,Sombra,FORN-098,54,86.73,208.36,80,22,58,146,2024-08-02,Estoque Crítico,225,0.122,5030.34,12084.88,2.4,True,False
SKU-02155,Relógio de Parede Clássico Nude,Lifestyle,Relógio de Parede,FORN-070,59,54.64,151.56,442,42,400,63,2025-03-01,Em Estoque,448,0.2169,21856.0,60624.0,2.77,False,False
SKU-02156,Batom Slim Bege,Beleza,Batom,FORN-057,12,227.15,412.93,483,138,345,96,2023-08-05,Em Estoque,567,0.4908,78366.75,142460.85,1.82,False,False
SKU-02157,Porta-Retrato Premium Prata,Lifestyle,Porta-Retrato,FORN-062,12,233.19,683.21,224,10,214,11,2024-03-22,Em Estoque,448,0.4121,49902.66,146206.94,2.93,False,False
SKU-02158,Top Oversize Verde,Moda,Top,FORN-062,8,150.01,342.09,197,8,189,125,2024-11-23,Em Estoque,448,0.0289,28351.89,64655.01,2.28,False,False
SKU-02159,Blusa de Tricô Exclusivo Verde,Moda,Blusa de Tricô,FORN-091,60,102.96,319.84,794,190,604,42,2023-09-12,Em Estoque,448,0.4052,62187.84,193183.36,3.11,False,False
SKU-02160,Bolsa de Couro Slim Bege,Acessórios,Bolsa de Couro,FORN-033,46,310.05,977.75,169,21,148,96,2024-07-17,Em Estoque,448,0.3951,45887.4,144707.0,3.15,False,False
SKU-02161,Espelho de Mesa Delicado Dourado,Lifestyle,Espelho de Mesa,FORN-059,15,34.7,61.31,212,61,151,147,2023-06-26,Em Estoque,448,0.3192,5239.7,9257.81,1.77,False,False
SKU-02162,Mochila Luxo Dourado,Acessórios,Mochila,FORN-030,13,168.57,481.91,447,87,360,107,2025-01-10,Em Estoque,448,0.14,60685.2,173487.6,2.86,False,False
SKU-02163,Almofada Sport Vermelho,Lifestyle,Almofada,FORN-064,8,98.75,270.44,319,9,310,51,2024-09-20,Em Estoque,448,0.2678,30612.5,83836.4,2.74,False,False
SKU-02164,Pochete Premium Preto,Acessórios,Pochete,FORN-085,58,358.64,711.06,314,33,281,90,2025-10-22,Em Estoque,448,0.4795,100777.84,199807.86,1.98,False,False
SKU-02165,Sérum Facial Sustentável Vermelho,Beleza,Sérum Facial,FORN-004,55,98.41,170.86,0,0,0,67,2023-10-17,Ruptura,300,0.1214,0.0,0.0,1.74,True,False
SKU-02166,Pochete Básico Vermelho,Acessórios,Pochete,FORN-019,13,105.06,227.91,281,79,202,23,2024-09-25,Em Estoque,448,0.0201,21222.12,46037.82,2.17,False,False
SKU-02167,Difusor Oversize Azul,Lifestyle,Difusor,FORN-027,12,126.48,365.9,166,25,141,127,2023-03-21,Em Estoque,448,0.246,17833.68,51591.9,2.89,False,False
SKU-02168,Blush Básico Verde,Beleza,Blush,FORN-049,10,251.1,666.94,188,29,159,85,2024-08-11,Em Estoque,559,0.4882,39924.9,106043.46,2.66,False,False
SKU-02169,Blusa de Tricô Oversize Azul,Moda,Blusa de Tricô,FORN-089,15,166.95,417.55,517,76,441,141,2024-05-03,Em Estoque,448,0.3125,73624.95,184139.55,2.5,False,False
SKU-02170,Meias Oversize Bege,Acessórios,Meias,FORN-095,15,360.82,660.11,477,15,462,126,2025-09-21,Em Estoque,448,0.0828,166698.84,304970.82,1.83,False,False
SKU-02171,Luminária Urban Verde,Lifestyle,Luminária,FORN-013,6,251.9,689.1,47,4,43,105,2024-05-23,Estoque Crítico,448,0.1486,10831.7,29631.3,2.74,True,False
SKU-02172,Jaqueta Premium Bege,Moda,Jaqueta,FORN-061,57,310.71,935.46,925,72,853,86,2023-04-27,Em Estoque,448,0.3419,265035.63,797947.38,3.01,False,False
SKU-02173,Legging Básico Bege,Moda,Legging,FORN-095,9,353.66,727.54,754,149,605,61,2024-04-10,Em Estoque,448,0.3974,213964.3,440161.7,2.06,False,False
SKU-02174,Shorts Básico Bege,Moda,Shorts,FORN-092,47,332.64,1011.85,370,84,286,52,2024-08-19,Em Estoque,448,0.2845,95135.04,289389.1,3.04,False,False
SKU-02175,Almofada Luxo Dourado,Lifestyle,Almofada,FORN-078,9,53.65,154.55,335,30,305,49,2024-05-14,Descontinuado,448,0.2773,16363.25,47137.75,2.88,False,True
SKU-02176,Condicionador Básico Azul,Beleza,Condicionador,FORN-039,8,119.55,287.37,187,30,157,27,2023-04-20,Em Estoque,622,0.3463,18769.35,45117.09,2.4,False,False
SKU-02177,Mochila Exclusivo Vermelho,Acessórios,Mochila,FORN-012,7,207.56,428.52,65,3,62,39,2023-01-25,Em Estoque,448,0.0441,12868.72,26568.24,2.06,False,False
SKU-02178,Garrafa Térmica Exclusivo Branco,Lifestyle,Garrafa Térmica,FORN-029,46,55.06,140.25,156,35,121,18,2023-10-17,Em Estoque,448,0.0263,6662.26,16970.25,2.55,False,False
SKU-02179,Perfume Sport Branco,Beleza,Perfume,FORN-075,57,277.42,577.93,184,10,174,58,2023-10-04,Em Estoque,216,0.2571,48271.08,100559.82,2.08,False,False
SKU-02180,Jaqueta Moderno Verde,Moda,Jaqueta,FORN-051,13,296.28,804.08,96,4,92,69,2024-11-13,Em Estoque,448,0.4959,27257.76,73975.36,2.71,False,False
SKU-02181,Meias Sport Branco,Acessórios,Meias,FORN-062,6,24.31,64.38,353,70,283,33,2025-02-17,Em Estoque,448,0.2401,6879.73,18219.54,2.65,False,False
SKU-02182,Camiseta Básico Azul,Moda,Camiseta,FORN-093,8,317.05,518.91,254,33,221,104,2024-01-16,Em Estoque,448,0.4473,70068.05,114679.11,1.64,False,False
SKU-02183,Batom Oversize Preto,Beleza,Batom,FORN-092,60,192.44,539.18,78,11,67,127,2023-04-03,Estoque Crítico,393,0.0597,12893.48,36125.06,2.8,True,False
SKU-02184,Jaqueta Urban Dourado,Moda,Jaqueta,FORN-083,13,296.67,518.73,687,196,491,24,2024-12-25,Em Estoque,448,0.4236,145664.97,254696.43,1.75,False,False
SKU-02185,Jaqueta Delicado Nude,Moda,Jaqueta,FORN-079,11,346.69,668.85,434,118,316,15,2023-06-20,Em Estoque,448,0.2019,109554.04,211356.6,1.93,False,False
SKU-02186,Batom Edição Limitada Nude,Beleza,Batom,FORN-032,7,394.99,788.6,353,59,294,25,2023-08-04,Em Estoque,505,0.2619,116127.06,231848.4,2.0,False,False
SKU-02187,Camiseta Artesanal Dourado,Moda,Camiseta,FORN-009,9,269.27,671.85,621,76,545,65,2023-07-11,Em Estoque,448,0.3894,146752.15,366158.25,2.5,False,False
SKU-02188,Legging Exclusivo Prata,Moda,Legging,FORN-071,8,256.76,678.29,249,0,249,136,2023-03-17,Em Estoque,448,0.1632,63933.24,168894.21,2.64,False,False
SKU-02189,Sombra Clássico Verde,Beleza,Sombra,FORN-071,10,302.22,655.73,445,28,417,64,2025-02-19,Em Estoque,204,0.482,126025.74,273439.41,2.17,False,False
SKU-02190,Lenço Luxo Bege,Acessórios,Lenço,FORN-100,52,182.78,451.15,465,52,413,150,2025-08-07,Em Estoque,448,0.2817,75488.14,186324.95,2.47,False,False
SKU-02191,Máscara de Cílios Moderno Prata,Beleza,Máscara de Cílios,FORN-003,5,118.08,233.4,130,28,102,103,2025-05-14,Estoque Crítico,611,0.4494,12044.16,23806.8,1.98,True,False
SKU-02192,Moletom Sport Dourado,Moda,Moletom,FORN-092,53,57.34,112.93,439,102,337,68,2023-08-11,Em Estoque,448,0.0852,19323.58,38057.41,1.97,False,False
SKU-02193,Batom Premium Branco,Beleza,Batom,FORN-034,56,215.09,345.82,52,3,49,78,2024-02-12,Estoque Crítico,295,0.3537,10539.41,16945.18,1.61,True,False
SKU-02194,Luminária Básico Branco,Lifestyle,Luminária,FORN-054,57,64.94,135.79,469,7,462,60,2024-02-03,Em Estoque,448,0.084,30002.28,62734.98,2.09,False,False
SKU-02195,Vela Aromática Delicado Verde,Lifestyle,Vela Aromática,FORN-044,10,289.53,588.15,497,89,408,76,2023-12-13,Em Estoque,448,0.1242,118128.24,239965.2,2.03,False,False
SKU-02196,Creme Hidratante Luxo Azul,Beleza,Creme Hidratante,FORN-064,12,54.01,109.48,13,1,12,84,2025-05-21,Estoque Crítico,502,0.1411,648.12,1313.76,2.03,True,False
SKU-02197,Camisa Social Oversize Vermelho,Moda,Camisa Social,FORN-055,45,23.37,74.5,823,164,659,45,2023-08-25,Em Estoque,448,0.1111,15400.83,49095.5,3.19,False,False
SKU-02198,Condicionador Artesanal Dourado,Beleza,Condicionador,FORN-035,15,67.77,119.17,438,113,325,63,2024-09-08,Em Estoque,236,0.4712,22025.25,38730.25,1.76,False,False
SKU-02199,Top Urban Dourado,Moda,Top,FORN-003,14,93.6,154.16,733,21,712,114,2025-06-02,Em Estoque,448,0.0357,66643.2,109761.92,1.65,False,False
SKU-02200,Sombra Delicado Rosa,Beleza,Sombra,FORN-097,5,111.41,323.76,321,32,289,79,2023-12-16,Em Estoque,214,0.0088,32197.49,93566.64,2.91,False,False
SKU-02201,Condicionador Sustentável Nude,Beleza,Condicionador,FORN-043,15,239.03,717.58,63,9,54,56,2025-06-09,Estoque Crítico,471,0.3069,12907.62,38749.32,3.0,True,False
SKU-02202,Kit Skincare Oversize Rosa,Beleza,Kit Skincare,FORN-018,47,392.77,1100.74,243,45,198,121,2023-08-11,Descontinuado,192,0.057,77768.46,217946.52,2.8,False,True
SKU-02203,Meias Sport Branco,Acessórios,Meias,FORN-083,12,97.78,204.33,296,84,212,82,2025-06-19,Em Estoque,448,0.1572,20729.36,43317.96,2.09,False,False
SKU-02204,Moletom Sport Azul,Moda,Moletom,FORN-071,8,332.86,757.62,749,124,625,33,2025-11-28,Descontinuado,448,0.0462,208037.5,473512.5,2.28,False,True
SKU-02205,Regata Básico Bege,Moda,Regata,FORN-088,14,127.87,338.83,459,19,440,71,2023-05-28,Em Estoque,448,0.4733,56262.8,149085.2,2.65,False,False
SKU-02206,Perfume Slim Branco,Beleza,Perfume,FORN-090,9,86.02,234.75,326,31,295,90,2025-06-25,Em Estoque,386,0.3203,25375.9,69251.25,2.73,False,False
SKU-02207,Esfoliante Exclusivo Dourado,Beleza,Esfoliante,FORN-092,56,346.59,919.68,293,71,222,41,2025-04-02,Em Estoque,513,0.1898,76942.98,204168.96,2.65,False,False
SKU-02208,Sombra Sustentável Branco,Beleza,Sombra,FORN-011,10,216.71,391.78,373,93,280,26,2025-08-02,Em Estoque,714,0.3954,60678.8,109698.4,1.81,False,False
SKU-02209,Legging Premium Dourado,Moda,Legging,FORN-094,48,64.08,145.23,77,12,65,75,2024-07-23,Estoque Crítico,448,0.3252,4165.2,9439.95,2.27,True,False
SKU-02210,Chapéu Luxo Prata,Acessórios,Chapéu,FORN-031,5,308.13,718.55,409,38,371,54,2025-05-28,Em Estoque,448,0.1072,114316.23,266582.05,2.33,False,False
SKU-02211,Relógio de Parede Exclusivo Prata,Lifestyle,Relógio de Parede,FORN-084,10,388.63,736.67,254,61,193,84,2025-11-27,Em Estoque,448,0.2483,75005.59,142177.31,1.9,False,False
SKU-02212,Saia Exclusivo Prata,Moda,Saia,FORN-016,49,149.44,280.37,1168,332,836,17,2025-03-25,Em Estoque,448,0.2421,124931.84,234389.32,1.88,False,False
SKU-02213,Bolsa de Couro Artesanal Vermelho,Acessórios,Bolsa de Couro,FORN-086,11,176.54,287.98,277,55,222,102,2025-04-18,Em Estoque,448,0.4146,39191.88,63931.56,1.63,False,False
SKU-02214,Óleo Corporal Sustentável Branco,Beleza,Óleo Corporal,FORN-053,9,172.95,505.09,271,17,254,37,2025-01-27,Descontinuado,663,0.0058,43929.3,128292.86,2.92,False,True
SKU-02215,Espelho de Mesa Luxo Preto,Lifestyle,Espelho de Mesa,FORN-058,46,328.08,780.79,397,7,390,145,2025-09-25,Em Estoque,448,0.4596,127951.2,304508.1,2.38,False,False
SKU-02216,Luminária Delicado Nude,Lifestyle,Luminária,FORN-029,50,33.9,97.66,406,96,310,18,2025-09-08,Em Estoque,448,0.1364,10509.0,30274.6,2.88,False,False
SKU-02217,Legging Sport Vermelho,Moda,Legging,FORN-063,9,225.51,673.01,819,88,731,25,2024-05-22,Em Estoque,448,0.4062,164847.81,491970.31,2.98,False,False
SKU-02218,Blush Clássico Vermelho,Beleza,Blush,FORN-061,57,156.97,320.51,395,76,319,140,2023-09-04,Em Estoque,690,0.2388,50073.43,102242.69,2.04,False,False
SKU-02219,Condicionador Premium Azul,Beleza,Condicionador,FORN-040,10,310.59,872.04,31,2,29,121,2023-07-20,Estoque Crítico,411,0.0301,9007.11,25289.16,2.81,True,False
SKU-02220,Legging Edição Limitada Rosa,Moda,Legging,FORN-045,7,382.15,838.42,410,78,332,18,2024-05-25,Em Estoque,448,0.3665,126873.8,278355.44,2.19,False,False
SKU-02221,Calça Jeans Edição Limitada Prata,Moda,Calça Jeans,FORN-044,7,265.97,541.2,409,47,362,41,2023-06-23,Em Estoque,448,0.2416,96281.14,195914.4,2.03,False,False
SKU-02222,Kit Skincare Premium Preto,Beleza,Kit Skincare,FORN-093,10,339.41,1020.8,204,46,158,114,2025-04-07,Em Estoque,624,0.116,53626.78,161286.4,3.01,False,False
SKU-02223,Óculos de Sol Clássico Prata,Acessórios,Óculos de Sol,FORN-046,57,80.55,250.86,266,29,237,129,2023-04-16,Em Estoque,448,0.0939,19090.35,59453.82,3.11,False,False
SKU-02224,Garrafa Térmica Básico Preto,Lifestyle,Garrafa Térmica,FORN-030,8,292.64,854.3,375,89,286,23,2023-09-23,Em Estoque,448,0.0721,83695.04,244329.8,2.92,False,False
SKU-02225,Camiseta Moderno Dourado,Moda,Camiseta,FORN-002,9,95.06,187.57,526,137,389,141,2023-09-09,Em Estoque,448,0.3177,36978.34,72964.73,1.97,False,False
SKU-02226,Óculos de Sol Oversize Dourado,Acessórios,Óculos de Sol,FORN-071,15,370.33,752.14,112,28,84,35,2025-09-26,Em Estoque,448,0.3135,31107.72,63179.76,2.03,False,False
SKU-02227,Relógio de Parede Urban Branco,Lifestyle,Relógio de Parede,FORN-062,11,237.12,525.7,8,2,6,108,2024-06-28,Estoque Crítico,448,0.3533,1422.72,3154.2,2.22,True,False
SKU-02228,Legging Luxo Bege,Moda,Legging,FORN-013,10,206.0,559.24,227,20,207,121,2024-01-11,Em Estoque,448,0.0736,42642.0,115762.68,2.71,False,False
SKU-02229,Garrafa Térmica Urban Nude,Lifestyle,Garrafa Térmica,FORN-055,56,254.36,514.04,492,33,459,144,2025-04-21,Em Estoque,448,0.02,116751.24,235944.36,2.02,False,False
SKU-02230,Kit Skincare Artesanal Dourado,Beleza,Kit Skincare,FORN-087,15,216.8,422.39,108,5,103,105,2023-04-06,Estoque Crítico,276,0.2973,22330.4,43506.17,1.95,True,False
SKU-02231,Kit Skincare Luxo Vermelho,Beleza,Kit Skincare,FORN-045,10,316.16,850.31,372,3,369,42,2024-01-13,Em Estoque,716,0.203,116663.04,313764.39,2.69,False,False
SKU-02232,Vela Aromática Edição Limitada Dourado,Lifestyle,Vela Aromática,FORN-029,54,207.8,489.09,445,76,369,146,2024-04-05,Em Estoque,448,0.1798,76678.2,180474.21,2.35,False,False
SKU-02233,Sombra Premium Azul,Beleza,Sombra,FORN-068,10,90.38,165.81,240,48,192,53,2023-02-11,Em Estoque,590,0.1218,17352.96,31835.52,1.83,False,False
SKU-02234,Almofada Moderno Nude,Lifestyle,Almofada,FORN-087,11,106.58,273.48,314,43,271,83,2023-04-18,Em Estoque,448,0.1609,28883.18,74113.08,2.57,False,False
SKU-02235,Luminária Oversize Vermelho,Lifestyle,Luminária,FORN-100,56,95.39,224.35,262,62,200,65,2023-01-05,Em Estoque,448,0.0464,19078.0,44870.0,2.35,False,False
SKU-02236,Kit Chá Moderno Vermelho,Lifestyle,Kit Chá,FORN-086,11,104.15,290.44,85,11,74,109,2025-08-07,Estoque Crítico,448,0.3602,7707.1,21492.56,2.79,True,False
SKU-02237,Porta-Retrato Sport Azul,Lifestyle,Porta-Retrato,FORN-037,13,191.77,479.97,306,8,298,119,2025-07-01,Em Estoque,448,0.2905,57147.46,143031.06,2.5,False,False
SKU-02238,Camiseta Slim Prata,Moda,Camiseta,FORN-067,58,170.61,537.81,23,1,22,49,2024-05-10,Estoque Crítico,448,0.4621,3753.42,11831.82,3.15,True,False
SKU-02239,Condicionador Exclusivo Nude,Beleza,Condicionador,FORN-081,51,272.5,660.15,314,46,268,81,2023-08-14,Em Estoque,203,0.3001,73030.0,176920.2,2.42,False,False
SKU-02240,Batom Slim Verde,Beleza,Batom,FORN-082,48,25.5,55.08,251,31,220,79,2024-07-19,Em Estoque,685,0.3966,5610.0,12117.6,2.16,False,False
SKU-02241,Garrafa Térmica Exclusivo Dourado,Lifestyle,Garrafa Térmica,FORN-099,13,355.23,991.35,402,114,288,93,2023-09-19,Descontinuado,448,0.1665,102306.24,285508.8,2.79,False,True
SKU-02242,Base Líquida Exclusivo Azul,Beleza,Base Líquida,FORN-057,13,323.56,674.53,230,56,174,33,2025-09-25,Em Estoque,422,0.4884,56299.44,117368.22,2.08,False,False
SKU-02243,Shorts Oversize Preto,Moda,Shorts,FORN-078,11,213.08,551.95,561,82,479,24,2023-04-02,Em Estoque,448,0.2858,102065.32,264384.05,2.59,False,False
SKU-02244,Esfoliante Edição Limitada Rosa,Beleza,Esfoliante,FORN-051,14,381.87,712.05,476,56,420,86,2023-06-09,Em Estoque,517,0.0892,160385.4,299061.0,1.86,False,False
SKU-02245,Calça Jeans Urban Verde,Moda,Calça Jeans,FORN-050,46,332.57,800.51,959,23,936,63,2024-05-14,Em Estoque,448,0.1915,311285.52,749277.36,2.41,False,False
SKU-02246,Shorts Artesanal Preto,Moda,Shorts,FORN-028,12,172.9,398.72,470,31,439,30,2024-02-06,Em Estoque,448,0.4064,75903.1,175038.08,2.31,False,False
SKU-02247,Jaqueta Sport Nude,Moda,Jaqueta,FORN-088,11,285.53,904.12,564,128,436,27,2025-10-21,Descontinuado,448,0.3941,124491.08,394196.32,3.17,False,True
SKU-02248,Blusa de Tricô Exclusivo Nude,Moda,Blusa de Tricô,FORN-029,51,102.34,185.2,556,102,454,10,2023-04-17,Em Estoque,448,0.3749,46462.36,84080.8,1.81,False,False
SKU-02249,Vela Aromática Clássico Nude,Lifestyle,Vela Aromática,FORN-044,12,93.35,226.83,54,0,54,27,2023-05-26,Em Estoque,448,0.2334,5040.9,12248.82,2.43,False,False
SKU-02250,Carteira Oversize Prata,Acessórios,Carteira,FORN-008,57,304.12,804.86,46,9,37,85,2025-10-25,Estoque Crítico,448,0.2896,11252.44,29779.82,2.65,True,False
SKU-02251,Moletom Urban Verde,Moda,Moletom,FORN-005,56,147.7,372.34,687,151,536,66,2025-07-18,Em Estoque,448,0.2513,79167.2,199574.24,2.52,False,False
SKU-02252,Kit Chá Básico Dourado,Lifestyle,Kit Chá,FORN-001,13,24.36,51.1,485,37,448,62,2025-03-25,Em Estoque,448,0.4792,10913.28,22892.8,2.1,False,False
SKU-02253,Sombra Delicado Verde,Beleza,Sombra,FORN-003,12,369.0,1004.86,307,54,253,31,2023-10-08,Em Estoque,323,0.038,93357.0,254229.58,2.72,False,False
SKU-02254,Camisa Social Oversize Bege,Moda,Camisa Social,FORN-018,46,233.76,726.34,790,10,780,23,2023-08-28,Em Estoque,448,0.4679,182332.8,566545.2,3.11,False,False
SKU-02255,Óleo Corporal Exclusivo Prata,Beleza,Óleo Corporal,FORN-045,11,78.71,182.48,276,0,276,109,2024-02-03,Em Estoque,365,0.4527,21723.96,50364.48,2.32,False,False
SKU-02256,Porta-Retrato Sport Preto,Lifestyle,Porta-Retrato,FORN-084,8,368.4,1175.74,303,47,256,28,2024-06-16,Em Estoque,448,0.0848,94310.4,300989.44,3.19,False,False
SKU-02257,Moletom Premium Branco,Moda,Moletom,FORN-070,47,361.7,964.86,134,14,120,66,2023-01-06,Em Estoque,448,0.2923,43404.0,115783.2,2.67,False,False
SKU-02258,Kit Chá Artesanal Bege,Lifestyle,Kit Chá,FORN-008,58,319.45,624.16,404,36,368,97,2025-07-18,Em Estoque,448,0.2529,117557.6,229690.88,1.95,False,False
SKU-02259,Base Líquida Luxo Preto,Beleza,Base Líquida,FORN-075,57,260.64,655.03,0,0,0,150,2023-05-12,Ruptura,347,0.0454,0.0,0.0,2.51,True,False
SKU-02260,Camiseta Luxo Azul,Moda,Camiseta,FORN-055,45,217.17,488.18,280,71,209,13,2024-05-24,Em Estoque,448,0.2041,45388.53,102029.62,2.25,False,False
SKU-02261,Regata Sport Branco,Moda,Regata,FORN-089,14,209.83,370.04,39,8,31,70,2024-07-19,Estoque Crítico,448,0.1635,6504.73,11471.24,1.76,True,False
SKU-02262,Blusa de Tricô Premium Vermelho,Moda,Blusa de Tricô,FORN-002,14,278.44,824.02,340,64,276,18,2024-03-23,Em Estoque,448,0.1319,76849.44,227429.52,2.96,False,False
SKU-02263,Kit Skincare Exclusivo Azul,Beleza,Kit Skincare,FORN-088,14,262.32,803.56,178,36,142,20,2024-05-05,Em Estoque,460,0.04,37249.44,114105.52,3.06,False,False
SKU-02264,Camisa Social Urban Preto,Moda,Camisa Social,FORN-038,14,156.45,483.1,666,110,556,55,2024-04-22,Em Estoque,448,0.2673,86986.2,268603.6,3.09,False,False
SKU-02265,Condicionador Edição Limitada Nude,Beleza,Condicionador,FORN-011,14,326.44,624.28,49,6,43,83,2024-03-17,Estoque Crítico,590,0.0626,14036.92,26844.04,1.91,True,False
SKU-02266,Cinto Sport Vermelho,Acessórios,Cinto,FORN-067,55,241.33,391.66,494,99,395,43,2025-08-13,Em Estoque,448,0.3795,95325.35,154705.7,1.62,False,False
SKU-02267,Condicionador Sport Prata,Beleza,Condicionador,FORN-052,58,22.99,43.76,305,66,239,42,2024-07-18,Em Estoque,602,0.2421,5494.61,10458.64,1.9,False,False
SKU-02268,Moletom Oversize Vermelho,Moda,Moletom,FORN-021,60,303.48,884.47,464,93,371,137,2023-04-03,Em Estoque,448,0.0746,112591.08,328138.37,2.91,False,False
SKU-02269,Vestido Moderno Verde,Moda,Vestido,FORN-020,55,334.57,744.23,728,190,538,143,2025-05-20,Em Estoque,448,0.0322,179998.66,400395.74,2.22,False,False
SKU-02270,Blusa de Tricô Luxo Preto,Moda,Blusa de Tricô,FORN-044,7,23.14,50.35,749,84,665,60,2023-04-24,Em Estoque,448,0.1368,15388.1,33482.75,2.18,False,False
SKU-02271,Bolsa de Couro Oversize Nude,Acessórios,Bolsa de Couro,FORN-080,8,129.5,238.16,76,4,72,41,2023-10-03,Em Estoque,448,0.4608,9324.0,17147.52,1.84,False,False
SKU-02272,Creme Hidratante Sport Azul,Beleza,Creme Hidratante,FORN-093,6,321.28,656.52,357,82,275,29,2024-01-26,Em Estoque,677,0.2565,88352.0,180543.0,2.04,False,False
SKU-02273,Jaqueta Urban Dourado,Moda,Jaqueta,FORN-062,14,309.58,570.19,552,24,528,39,2024-09-05,Em Estoque,448,0.1093,163458.24,301060.32,1.84,False,False
SKU-02274,Kit Skincare Luxo Prata,Beleza,Kit Skincare,FORN-011,13,61.44,99.83,21,6,15,108,2023-05-06,Estoque Crítico,598,0.1726,921.6,1497.45,1.62,True,False
SKU-02275,Condicionador Artesanal Vermelho,Beleza,Condicionador,FORN-028,15,146.35,352.16,231,36,195,98,2023-07-07,Em Estoque,487,0.2516,28538.25,68671.2,2.41,False,False
SKU-02276,Óculos de Sol Moderno Dourado,Acessórios,Óculos de Sol,FORN-081,49,139.54,289.22,95,4,91,92,2023-06-04,Estoque Crítico,448,0.0347,12698.14,26319.02,2.07,True,False
SKU-02277,Perfume Urban Prata,Beleza,Perfume,FORN-097,7,230.34,490.58,127,16,111,96,2024-04-18,Em Estoque,371,0.2559,25567.74,54454.38,2.13,False,False
SKU-02278,Sérum Facial Slim Dourado,Beleza,Sérum Facial,FORN-051,12,185.36,567.97,362,5,357,146,2023-09-18,Em Estoque,486,0.1612,66173.52,202765.29,3.06,False,False
SKU-02279,Planta Artificial Sustentável Branco,Lifestyle,Planta Artificial,FORN-093,15,69.17,179.93,160,13,147,28,2025-04-23,Em Estoque,448,0.2782,10167.99,26449.71,2.6,False,False
SKU-02280,Base Líquida Oversize Bege,Beleza,Base Líquida,FORN-051,7,56.21,148.83,246,37,209,31,2024-05-08,Descontinuado,304,0.0086,11747.89,31105.47,2.65,False,True
SKU-02281,Creme Hidratante Slim Verde,Beleza,Creme Hidratante,FORN-019,14,319.61,816.92,476,78,398,100,2025-08-10,Em Estoque,389,0.1076,127204.78,325134.16,2.56,False,False
SKU-02282,Kit Skincare Luxo Dourado,Beleza,Kit Skincare,FORN-013,6,279.74,609.8,116,15,101,80,2025-08-06,Em Estoque,658,0.0152,28253.74,61589.8,2.18,False,False
SKU-02283,Camiseta Sport Azul,Moda,Camiseta,FORN-082,54,105.99,220.72,614,182,432,148,2025-06-27,Em Estoque,448,0.2073,45787.68,95351.04,2.08,False,False
SKU-02284,Regata Exclusivo Prata,Moda,Regata,FORN-012,12,214.46,361.56,727,207,520,43,2023-06-19,Em Estoque,448,0.2501,111519.2,188011.2,1.69,False,False
SKU-02285,Saia Edição Limitada Azul,Moda,Saia,FORN-066,7,206.6,425.92,46,3,43,64,2023-03-06,Estoque Crítico,448,0.0939,8883.8,18314.56,2.06,True,False
SKU-02286,Brinco Slim Prata,Acessórios,Brinco,FORN-006,59,25.24,58.58,351,15,336,89,2025-12-17,Em Estoque,448,0.1988,8480.64,19682.88,2.32,False,False
SKU-02287,Blush Sustentável Dourado,Beleza,Blush,FORN-033,45,194.44,379.91,197,26,171,100,2024-01-01,Em Estoque,322,0.0819,33249.24,64964.61,1.95,False,False
SKU-02288,Óculos de Sol Básico Bege,Acessórios,Óculos de Sol,FORN-088,15,224.73,403.05,424,54,370,138,2024-09-06,Em Estoque,448,0.3953,83150.1,149128.5,1.79,False,False
SKU-02289,Porta-Retrato Edição Limitada Rosa,Lifestyle,Porta-Retrato,FORN-091,51,247.5,474.23,5,1,4,102,2025-10-27,Estoque Crítico,448,0.216,990.0,1896.92,1.92,True,False
SKU-02290,Camiseta Edição Limitada Vermelho,Moda,Camiseta,FORN-085,57,32.34,65.88,360,12,348,56,2023-05-21,Em Estoque,448,0.1036,11254.32,22926.24,2.04,False,False
SKU-02291,Legging Slim Nude,Moda,Legging,FORN-072,6,62.74,152.67,316,55,261,99,2023-03-09,Em Estoque,448,0.0155,16375.14,39846.87,2.43,False,False
SKU-02292,Protetor Solar Sustentável Prata,Beleza,Protetor Solar,FORN-088,6,200.06,546.57,157,35,122,67,2024-05-21,Em Estoque,277,0.0425,24407.32,66681.54,2.73,False,False
SKU-02293,Óleo Corporal Artesanal Verde,Beleza,Óleo Corporal,FORN-047,13,326.47,893.09,293,33,260,52,2023-10-08,Em Estoque,382,0.4608,84882.2,232203.4,2.74,False,False
SKU-02294,Moletom Moderno Vermelho,Moda,Moletom,FORN-044,14,208.69,497.14,472,126,346,131,2024-06-19,Em Estoque,448,0.3944,72206.74,172010.44,2.38,False,False
SKU-02295,Protetor Solar Luxo Rosa,Beleza,Protetor Solar,FORN-012,12,117.6,300.23,299,44,255,66,2025-01-18,Em Estoque,484,0.0904,29988.0,76558.65,2.55,False,False
SKU-02296,Porta-Retrato Moderno Azul,Lifestyle,Porta-Retrato,FORN-078,14,24.93,72.25,434,103,331,39,2024-01-02,Em Estoque,448,0.0419,8251.83,23914.75,2.9,False,False
SKU-02297,Óleo Corporal Slim Prata,Beleza,Óleo Corporal,FORN-001,9,127.56,357.04,211,32,179,137,2025-03-25,Em Estoque,193,0.0444,22833.24,63910.16,2.8,False,False
SKU-02298,Lenço Edição Limitada Branco,Acessórios,Lenço,FORN-050,53,333.7,909.82,9,1,8,32,2024-08-08,Estoque Crítico,448,0.2656,2669.6,7278.56,2.73,True,False
SKU-02299,Mochila Sustentável Nude,Acessórios,Mochila,FORN-074,57,195.48,385.07,231,23,208,19,2025-11-13,Em Estoque,448,0.4007,40659.84,80094.56,1.97,False,False
SKU-02300,Kit Chá Clássico Vermelho,Lifestyle,Kit Chá,FORN-040,8,276.36,467.44,260,49,211,122,2023-05-12,Em Estoque,448,0.235,58311.96,98629.84,1.69,False,False
SKU-02301,Relógio de Parede Oversize Verde,Lifestyle,Relógio de Parede,FORN-088,12,254.86,471.78,448,125,323,129,2023-02-04,Em Estoque,448,0.1548,82319.78,152384.94,1.85,False,False
SKU-02302,Blush Urban Dourado,Beleza,Blush,FORN-027,15,327.18,905.72,435,105,330,11,2025-07-17,Em Estoque,700,0.2764,107969.4,298887.6,2.77,False,False
SKU-02303,Esfoliante Urban Prata,Beleza,Esfoliante,FORN-054,47,33.27,93.49,175,43,132,131,2023-06-17,Em Estoque,480,0.4148,4391.64,12340.68,2.81,False,False
SKU-02304,Pulseira Luxo Vermelho,Acessórios,Pulseira,FORN-036,9,355.81,598.36,195,12,183,48,2024-07-27,Em Estoque,448,0.2127,65113.23,109499.88,1.68,False,False
SKU-02305,Caderno Artesanal Vermelho,Lifestyle,Caderno,FORN-034,55,216.93,574.72,198,24,174,76,2025-11-09,Em Estoque,448,0.3725,37745.82,100001.28,2.65,False,False
SKU-02306,Top Delicado Azul,Moda,Top,FORN-036,12,364.71,1087.44,1053,66,987,74,2023-06-08,Em Estoque,448,0.0857,359968.77,1073303.28,2.98,False,False
SKU-02307,Perfume Sport Rosa,Beleza,Perfume,FORN-087,13,252.23,530.62,116,16,100,95,2023-04-15,Em Estoque,537,0.1405,25223.0,53062.0,2.1,False,False
SKU-02308,Bolsa de Couro Delicado Dourado,Acessórios,Bolsa de Couro,FORN-068,5,162.35,397.98,101,23,78,146,2024-07-19,Estoque Crítico,448,0.0951,12663.3,31042.44,2.45,True,False
SKU-02309,Difusor Moderno Vermelho,Lifestyle,Difusor,FORN-077,57,135.12,376.25,21,5,16,80,2023-08-08,Estoque Crítico,448,0.2298,2161.92,6020.0,2.78,True,False
SKU-02310,Shorts Básico Verde,Moda,Shorts,FORN-001,11,103.0,298.42,723,7,716,90,2023-01-26,Em Estoque,448,0.0714,73748.0,213668.72,2.9,False,False
SKU-02311,Protetor Solar Luxo Prata,Beleza,Protetor Solar,FORN-058,58,98.27,297.3,473,101,372,129,2024-11-14,Em Estoque,583,0.432,36556.44,110595.6,3.03,False,False
SKU-02312,Garrafa Térmica Moderno Bege,Lifestyle,Garrafa Térmica,FORN-063,8,332.45,835.31,242,33,209,38,2024-10-05,Em Estoque,448,0.3546,69482.05,174579.79,2.51,False,False
SKU-02313,Almofada Luxo Branco,Lifestyle,Almofada,FORN-007,6,28.04,73.05,223,5,218,133,2025-02-22,Em Estoque,448,0.1646,6112.72,15924.9,2.61,False,False
SKU-02314,Perfume Slim Nude,Beleza,Perfume,FORN-060,12,235.0,552.47,265,25,240,70,2023-07-03,Em Estoque,400,0.4448,56400.0,132592.8,2.35,False,False
SKU-02315,Esfoliante Oversize Rosa,Beleza,Esfoliante,FORN-091,60,220.68,427.37,174,1,173,98,2025-11-22,Descontinuado,658,0.0155,38177.64,73935.01,1.94,False,True
SKU-02316,Perfume Sustentável Verde,Beleza,Perfume,FORN-056,12,42.98,74.63,433,30,403,50,2025-03-08,Em Estoque,588,0.4613,17320.94,30075.89,1.74,False,False
SKU-02317,Chapéu Básico Bege,Acessórios,Chapéu,FORN-025,12,195.45,426.52,330,75,255,143,2024-11-04,Em Estoque,448,0.483,49839.75,108762.6,2.18,False,False
SKU-02318,Pulseira Sustentável Vermelho,Acessórios,Pulseira,FORN-065,12,23.41,71.79,258,1,257,135,2025-02-25,Descontinuado,448,0.4015,6016.37,18450.03,3.07,False,True
SKU-02319,Esfoliante Oversize Branco,Beleza,Esfoliante,FORN-004,58,121.58,291.01,494,116,378,145,2023-09-22,Em Estoque,455,0.2566,45957.24,110001.78,2.39,False,False
SKU-02320,Camiseta Moderno Rosa,Moda,Camiseta,FORN-067,56,195.73,448.73,336,88,248,11,2024-05-20,Em Estoque,448,0.0932,48541.04,111285.04,2.29,False,False
SKU-02321,Camiseta Moderno Branco,Moda,Camiseta,FORN-058,52,320.91,916.97,484,109,375,136,2025-09-11,Em Estoque,448,0.2518,120341.25,343863.75,2.86,False,False
SKU-02322,Shorts Slim Preto,Moda,Shorts,FORN-071,13,270.42,822.51,760,6,754,61,2023-11-02,Em Estoque,448,0.4438,203896.68,620172.54,3.04,False,False
SKU-02323,Sombra Luxo Verde,Beleza,Sombra,FORN-020,58,255.34,727.71,63,11,52,50,2023-11-02,Em Estoque,591,0.1912,13277.68,37840.92,2.85,False,False
SKU-02324,Camisa Social Luxo Bege,Moda,Camisa Social,FORN-032,10,342.88,767.8,271,31,240,17,2024-10-21,Em Estoque,448,0.4018,82291.2,184272.0,2.24,False,False
SKU-02325,Camiseta Delicado Bege,Moda,Camiseta,FORN-088,12,99.22,184.68,1043,311,732,101,2023-02-18,Em Estoque,448,0.1639,72629.04,135185.76,1.86,False,False
SKU-02326,Vestido Moderno Branco,Moda,Vestido,FORN-086,13,73.21,121.7,709,132,577,42,2023-05-17,Em Estoque,448,0.3911,42242.17,70220.9,1.66,False,False
SKU-02327,Jaqueta Premium Verde,Moda,Jaqueta,FORN-039,13,129.4,299.85,528,124,404,124,2023-10-26,Em Estoque,448,0.3745,52277.6,121139.4,2.32,False,False
SKU-02328,Legging Oversize Verde,Moda,Legging,FORN-031,13,335.35,737.63,86,15,71,47,2025-04-25,Em Estoque,448,0.0699,23809.85,52371.73,2.2,False,False
SKU-02329,Óculos de Sol Artesanal Verde,Acessórios,Óculos de Sol,FORN-013,13,150.45,450.34,186,41,145,129,2025-07-25,Em Estoque,448,0.2634,21815.25,65299.3,2.99,False,False
SKU-02330,Caderno Oversize Nude,Lifestyle,Caderno,FORN-006,52,40.38,97.77,294,54,240,94,2024-05-24,Em Estoque,448,0.1945,9691.2,23464.8,2.42,False,False
SKU-02331,Caderno Premium Rosa,Lifestyle,Caderno,FORN-066,13,127.06,353.62,453,83,370,17,2025-10-05,Em Estoque,448,0.1448,47012.2,130839.4,2.78,False,False
SKU-02332,Vela Aromática Moderno Verde,Lifestyle,Vela Aromática,FORN-004,59,374.46,846.56,476,92,384,98,2024-10-23,Em Estoque,448,0.4671,143792.64,325079.04,2.26,False,False
SKU-02333,Óleo Corporal Exclusivo Prata,Beleza,Óleo Corporal,FORN-010,46,212.96,583.27,339,19,320,124,2024-06-10,Em Estoque,688,0.467,68147.2,186646.4,2.74,False,False
SKU-02334,Camisa Social Luxo Bege,Moda,Camisa Social,FORN-048,9,354.17,633.24,222,18,204,83,2025-10-26,Em Estoque,448,0.2418,72250.68,129180.96,1.79,False,False
SKU-02335,Sérum Facial Premium Dourado,Beleza,Sérum Facial,FORN-008,54,352.18,1066.52,307,36,271,150,2024-10-23,Em Estoque,451,0.4611,95440.78,289026.92,3.03,False,False
SKU-02336,Difusor Edição Limitada Vermelho,Lifestyle,Difusor,FORN-017,51,277.54,595.45,215,62,153,40,2023-06-12,Em Estoque,448,0.1724,42463.62,91103.85,2.15,False,False
SKU-02337,Vestido Delicado Dourado,Moda,Vestido,FORN-056,12,120.13,333.33,21,0,21,49,2023-08-05,Estoque Crítico,448,0.3401,2522.73,6999.93,2.77,True,False
SKU-02338,Protetor Solar Delicado Branco,Beleza,Protetor Solar,FORN-037,10,380.41,1030.72,103,8,95,36,2024-11-27,Descontinuado,527,0.1422,36138.95,97918.4,2.71,False,True
SKU-02339,Perfume Moderno Rosa,Beleza,Perfume,FORN-046,56,256.55,548.49,425,93,332,121,2023-02-14,Em Estoque,399,0.1026,85174.6,182098.68,2.14,False,False
SKU-02340,Relógio de Parede Sustentável Vermelho,Lifestyle,Relógio de Parede,FORN-054,46,232.99,664.42,182,48,134,11,2024-12-19,Em Estoque,448,0.2519,31220.66,89032.28,2.85,False,False
SKU-02341,Vela Aromática Slim Azul,Lifestyle,Vela Aromática,FORN-011,12,53.74,164.29,348,60,288,92,2023-02-21,Em Estoque,448,0.2289,15477.12,47315.52,3.06,False,False
SKU-02342,Moletom Exclusivo Vermelho,Moda,Moletom,FORN-006,52,350.73,936.16,989,265,724,139,2025-06-21,Em Estoque,448,0.4898,253928.52,677779.84,2.67,False,False
SKU-02343,Blusa de Tricô Delicado Prata,Moda,Blusa de Tricô,FORN-026,47,55.28,121.12,565,103,462,82,2023-01-20,Em Estoque,448,0.3433,25539.36,55957.44,2.19,False,False
SKU-02344,Garrafa Térmica Artesanal Vermelho,Lifestyle,Garrafa Térmica,FORN-032,12,243.23,461.14,1,0,1,149,2025-11-15,Estoque Crítico,448,0.2599,243.23,461.14,1.9,True,False
SKU-02345,Carteira Exclusivo Prata,Acessórios,Carteira,FORN-079,8,220.72,453.21,480,115,365,143,2023-07-25,Em Estoque,448,0.2027,80562.8,165421.65,2.05,False,False
SKU-02346,Almofada Luxo Bege,Lifestyle,Almofada,FORN-095,5,226.6,470.96,358,11,347,57,2024-03-24,Em Estoque,448,0.218,78630.2,163423.12,2.08,False,False
SKU-02347,Máscara de Cílios Sport Vermelho,Beleza,Máscara de Cílios,FORN-040,9,342.33,688.85,331,71,260,59,2025-03-25,Em Estoque,624,0.2038,89005.8,179101.0,2.01,False,False
SKU-02348,Condicionador Urban Verde,Beleza,Condicionador,FORN-067,47,279.58,693.21,227,38,189,79,2025-10-06,Em Estoque,270,0.1537,52840.62,131016.69,2.48,False,False
SKU-02349,Mochila Luxo Nude,Acessórios,Mochila,FORN-028,14,254.31,543.19,47,12,35,93,2024-07-13,Estoque Crítico,448,0.1562,8900.85,19011.65,2.14,True,False
SKU-02350,Camisa Social Slim Preto,Moda,Camisa Social,FORN-020,57,321.05,813.33,11,3,8,78,2025-07-13,Estoque Crítico,448,0.2097,2568.4,6506.64,2.53,True,False
SKU-02351,Lenço Básico Branco,Acessórios,Lenço,FORN-085,50,339.12,855.42,404,18,386,72,2025-11-21,Em Estoque,448,0.3232,130900.32,330192.12,2.52,False,False
SKU-02352,Regata Sustentável Bege,Moda,Regata,FORN-024,46,106.09,205.01,497,69,428,23,2024-11-23,Em Estoque,448,0.2578,45406.52,87744.28,1.93,False,False
SKU-02353,Creme Hidratante Sport Prata,Beleza,Creme Hidratante,FORN-042,60,210.55,354.22,135,21,114,93,2025-07-22,Em Estoque,640,0.3316,24002.7,40381.08,1.68,False,False
SKU-02354,Relógio de Parede Delicado Verde,Lifestyle,Relógio de Parede,FORN-059,13,166.44,446.59,27,5,22,96,2023-12-05,Estoque Crítico,448,0.4584,3661.68,9824.98,2.68,True,False
SKU-02355,Blush Urban Vermelho,Beleza,Blush,FORN-034,53,377.44,763.32,495,106,389,67,2023-08-02,Em Estoque,624,0.1782,146824.16,296931.48,2.02,False,False
SKU-02356,Colar Clássico Preto,Acessórios,Colar,FORN-008,54,77.35,245.13,261,55,206,123,2024-08-23,Em Estoque,448,0.185,15934.1,50496.78,3.17,False,False
SKU-02357,Blusa de Tricô Básico Nude,Moda,Blusa de Tricô,FORN-012,14,388.98,838.7,748,104,644,105,2025-02-08,Em Estoque,448,0.4397,250503.12,540122.8,2.16,False,False
SKU-02358,Sérum Facial Exclusivo Branco,Beleza,Sérum Facial,FORN-081,53,395.78,1211.05,426,47,379,138,2024-07-14,Em Estoque,681,0.3361,150000.62,458987.95,3.06,False,False
SKU-02359,Vela Aromática Delicado Rosa,Lifestyle,Vela Aromática,FORN-017,51,97.69,171.28,205,2,203,139,2025-02-24,Em Estoque,448,0.0226,19831.07,34769.84,1.75,False,False
SKU-02360,Máscara de Cílios Artesanal Branco,Beleza,Máscara de Cílios,FORN-068,9,152.84,464.68,335,99,236,85,2025-07-12,Em Estoque,201,0.1675,36070.24,109664.48,3.04,False,False
SKU-02361,Camiseta Sport Bege,Moda,Camiseta,FORN-045,14,255.77,448.39,115,13,102,91,2025-04-02,Em Estoque,448,0.4338,26088.54,45735.78,1.75,False,False
SKU-02362,Blush Sport Verde,Beleza,Blush,FORN-016,52,35.26,60.75,304,19,285,45,2023-07-18,Em Estoque,385,0.4117,10049.1,17313.75,1.72,False,False
SKU-02363,Saia Moderno Bege,Moda,Saia,FORN-006,54,113.42,292.1,454,22,432,55,2024-07-14,Em Estoque,448,0.4281,48997.44,126187.2,2.58,False,False
SKU-02364,Jaqueta Edição Limitada Branco,Moda,Jaqueta,FORN-053,10,149.11,243.87,864,166,698,94,2024-03-14,Em Estoque,448,0.0703,104078.78,170221.26,1.64,False,False
SKU-02365,Jaqueta Edição Limitada Dourado,Moda,Jaqueta,FORN-096,5,74.71,206.08,764,191,573,121,2025-08-02,Em Estoque,448,0.0024,42808.83,118083.84,2.76,False,False
SKU-02366,Base Líquida Delicado Branco,Beleza,Base Líquida,FORN-023,6,285.17,497.93,196,29,167,61,2023-04-12,Em Estoque,372,0.2876,47623.39,83154.31,1.75,False,False
SKU-02367,Legging Moderno Preto,Moda,Legging,FORN-081,56,123.6,253.5,596,20,576,117,2024-08-27,Em Estoque,448,0.2217,71193.6,146016.0,2.05,False,False
SKU-02368,Vestido Luxo Branco,Moda,Vestido,FORN-091,52,32.19,65.48,405,52,353,145,2024-11-22,Em Estoque,448,0.0561,11363.07,23114.44,2.03,False,False
SKU-02369,Legging Premium Rosa,Moda,Legging,FORN-009,15,364.25,771.04,312,4,308,90,2023-01-20,Em Estoque,448,0.1429,112189.0,237480.32,2.12,False,False
SKU-02370,Garrafa Térmica Moderno Vermelho,Lifestyle,Garrafa Térmica,FORN-026,52,22.48,53.3,395,47,348,87,2023-08-23,Em Estoque,448,0.0024,7823.04,18548.4,2.37,False,False
SKU-02371,Almofada Básico Vermelho,Lifestyle,Almofada,FORN-099,9,108.65,335.35,16,1,15,34,2024-01-27,Estoque Crítico,448,0.4834,1629.75,5030.25,3.09,True,False
SKU-02372,Camiseta Básico Bege,Moda,Camiseta,FORN-044,14,84.45,256.53,229,60,169,33,2024-11-27,Em Estoque,448,0.1877,14272.05,43353.57,3.04,False,False
SKU-02373,Blush Edição Limitada Nude,Beleza,Blush,FORN-057,10,33.99,87.25,252,30,222,71,2023-12-03,Em Estoque,535,0.3608,7545.78,19369.5,2.57,False,False
SKU-02374,Chapéu Básico Vermelho,Acessórios,Chapéu,FORN-078,13,91.9,252.54,37,7,30,64,2024-05-21,Estoque Crítico,448,0.2503,2757.0,7576.2,2.75,True,False
SKU-02375,Sombra Luxo Rosa,Beleza,Sombra,FORN-093,9,36.4,78.65,367,102,265,85,2024-03-24,Em Estoque,387,0.4658,9646.0,20842.25,2.16,False,False
SKU-02376,Sérum Facial Urban Dourado,Beleza,Sérum Facial,FORN-049,10,22.55,45.5,92,27,65,13,2024-09-21,Em Estoque,330,0.3266,1465.75,2957.5,2.02,False,False
SKU-02377,Kit Chá Básico Nude,Lifestyle,Kit Chá,FORN-085,50,176.05,495.78,500,98,402,26,2023-09-14,Em Estoque,448,0.4327,70772.1,199303.56,2.82,False,False
SKU-02378,Vela Aromática Artesanal Azul,Lifestyle,Vela Aromática,FORN-056,5,243.3,415.75,142,36,106,10,2025-02-21,Em Estoque,448,0.0254,25789.8,44069.5,1.71,False,False
SKU-02379,Vestido Sustentável Vermelho,Moda,Vestido,FORN-086,7,220.41,474.23,684,134,550,128,2024-08-28,Em Estoque,448,0.0258,121225.5,260826.5,2.15,False,False
SKU-02380,Camisa Social Sustentável Bege,Moda,Camisa Social,FORN-090,11,212.48,639.46,743,109,634,112,2024-07-01,Em Estoque,448,0.2253,134712.32,405417.64,3.01,False,False
SKU-02381,Kit Skincare Oversize Vermelho,Beleza,Kit Skincare,FORN-090,14,280.62,893.71,418,21,397,48,2023-06-28,Em Estoque,303,0.4855,111406.14,354802.87,3.18,False,False
SKU-02382,Protetor Solar Luxo Nude,Beleza,Protetor Solar,FORN-095,15,194.63,399.32,271,78,193,54,2024-01-02,Em Estoque,288,0.2128,37563.59,77068.76,2.05,False,False
SKU-02383,Planta Artificial Edição Limitada Dourado,Lifestyle,Planta Artificial,FORN-025,10,225.71,560.12,374,14,360,135,2025-08-09,Em Estoque,448,0.472,81255.6,201643.2,2.48,False,False
SKU-02384,Saia Artesanal Azul,Moda,Saia,FORN-048,14,372.83,994.21,341,39,302,65,2025-04-12,Em Estoque,448,0.2898,112594.66,300251.42,2.67,False,False
SKU-02385,Base Líquida Clássico Verde,Beleza,Base Líquida,FORN-019,5,340.09,876.96,31,6,25,75,2024-11-19,Estoque Crítico,306,0.0752,8502.25,21924.0,2.58,True,False
SKU-02386,Difusor Artesanal Branco,Lifestyle,Difusor,FORN-073,58,385.62,971.88,107,23,84,71,2025-01-07,Em Estoque,448,0.1234,32392.08,81637.92,2.52,False,False
SKU-02387,Perfume Moderno Preto,Beleza,Perfume,FORN-042,57,221.54,537.23,377,92,285,132,2024-04-08,Em Estoque,613,0.3451,63138.9,153110.55,2.42,False,False
SKU-02388,Camisa Social Urban Rosa,Moda,Camisa Social,FORN-100,60,116.36,280.04,561,103,458,60,2024-12-12,Em Estoque,448,0.1161,53292.88,128258.32,2.41,False,False
SKU-02389,Óculos de Sol Clássico Nude,Acessórios,Óculos de Sol,FORN-029,47,187.39,437.77,220,42,178,12,2023-10-21,Em Estoque,448,0.3609,33355.42,77923.06,2.34,False,False
SKU-02390,Caderno Luxo Preto,Lifestyle,Caderno,FORN-041,10,386.87,1047.78,253,61,192,30,2024-05-07,Em Estoque,448,0.0636,74279.04,201173.76,2.71,False,False
SKU-02391,Shorts Urban Verde,Moda,Shorts,FORN-027,10,114.1,351.43,738,126,612,100,2023-10-05,Em Estoque,448,0.2303,69829.2,215075.16,3.08,False,False
SKU-02392,Shorts Exclusivo Preto,Moda,Shorts,FORN-094,51,164.6,448.19,382,45,337,116,2023-10-09,Em Estoque,448,0.2887,55470.2,151040.03,2.72,False,False
SKU-02393,Batom Luxo Dourado,Beleza,Batom,FORN-001,13,224.1,474.92,204,36,168,79,2023-10-21,Em Estoque,452,0.4011,37648.8,79786.56,2.12,False,False
SKU-02394,Legging Básico Preto,Moda,Legging,FORN-039,7,346.08,985.37,607,159,448,59,2024-05-27,Em Estoque,448,0.0583,155043.84,441445.76,2.85,False,False
SKU-02395,Carteira Luxo Prata,Acessórios,Carteira,FORN-010,58,252.29,782.33,328,14,314,64,2023-11-19,Em Estoque,448,0.2247,79219.06,245651.62,3.1,False,False
SKU-02396,Pulseira Exclusivo Rosa,Acessórios,Pulseira,FORN-065,15,49.47,86.21,366,63,303,19,2023-05-15,Em Estoque,448,0.0276,14989.41,26121.63,1.74,False,False
SKU-02397,Moletom Slim Bege,Moda,Moletom,FORN-050,50,134.72,418.34,331,20,311,10,2023-02-27,Em Estoque,448,0.3548,41897.92,130103.74,3.11,False,False
SKU-02398,Espelho de Mesa Sport Bege,Lifestyle,Espelho de Mesa,FORN-019,15,114.98,236.31,250,10,240,123,2023-11-10,Em Estoque,448,0.1931,27595.2,56714.4,2.06,False,False
SKU-02399,Chapéu Oversize Rosa,Acessórios,Chapéu,FORN-061,46,293.88,494.02,25,3,22,144,2023-01-15,Estoque Crítico,448,0.2895,6465.36,10868.44,1.68,True,False
SKU-02400,Difusor Edição Limitada Azul,Lifestyle,Difusor,FORN-044,7,48.33,126.23,377,10,367,55,2023-03-06,Em Estoque,448,0.0542,17737.11,46326.41,2.61,False,False
SKU-02401,Calça Jeans Edição Limitada Prata,Moda,Calça Jeans,FORN-006,55,185.73,494.62,87,10,77,79,2023-04-07,Estoque Crítico,448,0.3374,14301.21,38085.74,2.66,True,False
SKU-02402,Óleo Corporal Sport Preto,Beleza,Óleo Corporal,FORN-018,55,392.6,1003.35,471,17,454,94,2024-12-25,Em Estoque,629,0.3238,178240.4,455520.9,2.56,False,False
SKU-02403,Blusa de Tricô Sport Dourado,Moda,Blusa de Tricô,FORN-071,7,235.01,640.69,181,19,162,55,2023-02-27,Em Estoque,448,0.059,38071.62,103791.78,2.73,False,False
SKU-02404,Relógio de Parede Slim Bege,Lifestyle,Relógio de Parede,FORN-074,53,211.44,436.48,145,0,145,31,2023-09-12,Em Estoque,448,0.199,30658.8,63289.6,2.06,False,False
SKU-02405,Protetor Solar Artesanal Branco,Beleza,Protetor Solar,FORN-037,7,176.63,326.08,463,30,433,51,2025-01-04,Em Estoque,223,0.0769,76480.79,141192.64,1.85,False,False
SKU-02406,Perfume Urban Rosa,Beleza,Perfume,FORN-090,9,185.62,587.95,262,66,196,110,2024-06-20,Em Estoque,255,0.3458,36381.52,115238.2,3.17,False,False
SKU-02407,Vestido Delicado Nude,Moda,Vestido,FORN-016,52,271.59,633.16,684,155,529,36,2024-05-09,Em Estoque,448,0.2888,143671.11,334941.64,2.33,False,False
SKU-02408,Brinco Moderno Bege,Acessórios,Brinco,FORN-093,6,232.7,381.79,48,1,47,58,2023-09-11,Estoque Crítico,448,0.4415,10936.9,17944.13,1.64,True,False
SKU-02409,Blusa de Tricô Edição Limitada Prata,Moda,Blusa de Tricô,FORN-099,7,357.14,706.18,187,45,142,13,2025-03-05,Em Estoque,448,0.4385,50713.88,100277.56,1.98,False,False
SKU-02410,Mochila Clássico Vermelho,Acessórios,Mochila,FORN-062,6,259.3,829.38,80,0,80,45,2024-04-27,Em Estoque,448,0.4407,20744.0,66350.4,3.2,False,False
SKU-02411,Regata Edição Limitada Dourado,Moda,Regata,FORN-006,59,200.15,329.73,1149,101,1048,147,2024-11-23,Em Estoque,448,0.2139,209757.2,345557.04,1.65,False,False
SKU-02412,Blush Slim Preto,Beleza,Blush,FORN-070,60,204.98,371.95,20,3,17,96,2023-05-27,Estoque Crítico,200,0.1213,3484.66,6323.15,1.81,True,False
SKU-02413,Camiseta Delicado Verde,Moda,Camiseta,FORN-010,45,281.41,816.93,772,220,552,136,2023-05-26,Em Estoque,448,0.4873,155338.32,450945.36,2.9,False,False
SKU-02414,Vestido Edição Limitada Verde,Moda,Vestido,FORN-038,6,186.01,538.93,544,53,491,55,2024-07-25,Em Estoque,448,0.377,91330.91,264614.63,2.9,False,False
SKU-02415,Espelho de Mesa Exclusivo Verde,Lifestyle,Espelho de Mesa,FORN-090,7,103.42,274.28,412,70,342,53,2025-10-07,Em Estoque,448,0.3244,35369.64,93803.76,2.65,False,False
SKU-02416,Cinto Clássico Dourado,Acessórios,Cinto,FORN-071,15,182.06,297.51,452,10,442,80,2023-11-08,Em Estoque,448,0.4571,80470.52,131499.42,1.63,False,False
SKU-02417,Garrafa Térmica Básico Prata,Lifestyle,Garrafa Térmica,FORN-079,14,159.54,315.32,420,10,410,119,2025-10-19,Em Estoque,448,0.0414,65411.4,129281.2,1.98,False,False
SKU-02418,Jaqueta Slim Dourado,Moda,Jaqueta,FORN-093,5,151.55,440.12,890,191,699,11,2025-09-18,Em Estoque,448,0.4513,105933.45,307643.88,2.9,False,False
SKU-02419,Esfoliante Artesanal Nude,Beleza,Esfoliante,FORN-079,11,95.17,205.03,193,32,161,116,2025-07-05,Em Estoque,423,0.2739,15322.37,33009.83,2.15,False,False
SKU-02420,Blusa de Tricô Artesanal Verde,Moda,Blusa de Tricô,FORN-010,53,229.93,640.07,284,20,264,104,2025-06-11,Em Estoque,448,0.4087,60701.52,168978.48,2.78,False,False
SKU-02421,Vela Aromática Sport Verde,Lifestyle,Vela Aromática,FORN-079,6,153.39,269.05,211,26,185,100,2023-12-23,Em Estoque,448,0.0507,28377.15,49774.25,1.75,False,False
SKU-02422,Blush Slim Verde,Beleza,Blush,FORN-014,15,107.55,320.17,477,109,368,68,2024-06-24,Em Estoque,523,0.3673,39578.4,117822.56,2.98,False,False
SKU-02423,Saia Moderno Dourado,Moda,Saia,FORN-019,7,110.16,199.93,718,128,590,129,2023-12-07,Em Estoque,448,0.4132,64994.4,117958.7,1.81,False,False
SKU-02424,Top Luxo Prata,Moda,Top,FORN-015,49,216.06,498.27,538,145,393,68,2024-05-22,Em Estoque,448,0.3413,84911.58,195820.11,2.31,False,False
SKU-02425,Porta-Retrato Luxo Branco,Lifestyle,Porta-Retrato,FORN-010,50,187.67,395.51,297,54,243,72,2024-04-03,Em Estoque,448,0.3036,45603.81,96108.93,2.11,False,False
SKU-02426,Pulseira Básico Preto,Acessórios,Pulseira,FORN-069,13,173.04,546.53,27,6,21,95,2025-05-22,Estoque Crítico,448,0.4154,3633.84,11477.13,3.16,True,False
SKU-02427,Regata Básico Prata,Moda,Regata,FORN-003,8,287.89,597.82,381,86,295,19,2023-03-03,Em Estoque,448,0.153,84927.55,176356.9,2.08,False,False
SKU-02428,Vela Aromática Exclusivo Branco,Lifestyle,Vela Aromática,FORN-058,46,71.19,143.72,216,8,208,118,2025-09-16,Em Estoque,448,0.3211,14807.52,29893.76,2.02,False,False
SKU-02429,Máscara de Cílios Delicado Branco,Beleza,Máscara de Cílios,FORN-037,14,250.5,592.48,468,2,466,63,2025-03-01,Em Estoque,498,0.3325,116733.0,276095.68,2.37,False,False
SKU-02430,Legging Moderno Rosa,Moda,Legging,FORN-040,7,59.7,134.81,67,0,67,85,2024-01-03,Estoque Crítico,448,0.007,3999.9,9032.27,2.26,True,False
SKU-02431,Jaqueta Básico Azul,Moda,Jaqueta,FORN-044,10,146.9,410.19,584,12,572,130,2023-11-22,Em Estoque,448,0.1168,84026.8,234628.68,2.79,False,False
SKU-02432,Mochila Delicado Dourado,Acessórios,Mochila,FORN-017,47,205.87,591.23,39,11,28,143,2025-09-19,Estoque Crítico,448,0.2776,5764.36,16554.44,2.87,True,False
SKU-02433,Kit Chá Sustentável Vermelho,Lifestyle,Kit Chá,FORN-061,59,368.77,1100.27,111,32,79,132,2024-11-03,Estoque Crítico,448,0.0653,29132.83,86921.33,2.98,True,False
SKU-02434,Regata Básico Prata,Moda,Regata,FORN-074,52,253.6,666.75,918,243,675,67,2023-05-12,Em Estoque,448,0.1272,171180.0,450056.25,2.63,False,False
SKU-02435,Regata Edição Limitada Prata,Moda,Regata,FORN-011,15,299.89,698.74,516,137,379,17,2024-10-22,Em Estoque,448,0.1565,113658.31,264822.46,2.33,False,False
SKU-02436,Garrafa Térmica Urban Branco,Lifestyle,Garrafa Térmica,FORN-045,12,325.85,787.25,317,24,293,37,2025-11-11,Em Estoque,448,0.1963,95474.05,230664.25,2.42,False,False
SKU-02437,Blusa de Tricô Slim Rosa,Moda,Blusa de Tricô,FORN-077,51,311.54,789.33,977,161,816,74,2023-07-08,Em Estoque,448,0.4239,254216.64,644093.28,2.53,False,False
SKU-02438,Bolsa de Couro Clássico Preto,Acessórios,Bolsa de Couro,FORN-095,12,386.14,663.98,181,12,169,127,2025-11-09,Em Estoque,448,0.3437,65257.66,112212.62,1.72,False,False
SKU-02439,Top Urban Verde,Moda,Top,FORN-093,10,307.19,822.66,273,4,269,125,2025-12-19,Em Estoque,448,0.2286,82634.11,221295.54,2.68,False,False
SKU-02440,Planta Artificial Luxo Prata,Lifestyle,Planta Artificial,FORN-069,14,372.31,693.83,366,93,273,44,2023-01-24,Descontinuado,448,0.39,101640.63,189415.59,1.86,False,True
SKU-02441,Vela Aromática Slim Preto,Lifestyle,Vela Aromática,FORN-099,14,137.94,388.4,34,1,33,54,2024-07-04,Estoque Crítico,448,0.3444,4552.02,12817.2,2.82,True,False
SKU-02442,Blush Exclusivo Preto,Beleza,Blush,FORN-036,6,378.19,619.01,355,39,316,119,2024-08-03,Em Estoque,443,0.4756,119508.04,195607.16,1.64,False,False
SKU-02443,Moletom Clássico Rosa,Moda,Moletom,FORN-039,12,42.53,85.66,561,21,540,39,2023-02-17,Em Estoque,448,0.3895,22966.2,46256.4,2.01,False,False
SKU-02444,Vestido Oversize Dourado,Moda,Vestido,FORN-100,46,283.32,752.32,229,3,226,128,2023-03-10,Em Estoque,448,0.33,64030.32,170024.32,2.66,False,False
SKU-02445,Espelho de Mesa Artesanal Dourado,Lifestyle,Espelho de Mesa,FORN-085,53,248.27,719.34,30,3,27,24,2024-04-17,Em Estoque,448,0.4016,6703.29,19422.18,2.9,False,False
SKU-02446,Kit Skincare Sport Prata,Beleza,Kit Skincare,FORN-076,49,119.23,351.3,82,9,73,129,2023-05-28,Estoque Crítico,287,0.4646,8703.79,25644.9,2.95,True,False
SKU-02447,Vela Aromática Básico Prata,Lifestyle,Vela Aromática,FORN-055,54,113.12,225.78,416,33,383,101,2025-07-27,Em Estoque,448,0.2555,43324.96,86473.74,2.0,False,False
SKU-02448,Saia Oversize Nude,Moda,Saia,FORN-011,12,41.61,82.94,247,58,189,79,2023-12-27,Em Estoque,448,0.4443,7864.29,15675.66,1.99,False,False
SKU-02449,Kit Chá Slim Preto,Lifestyle,Kit Chá,FORN-089,10,99.79,181.71,46,10,36,49,2023-02-03,Estoque Crítico,448,0.411,3592.44,6541.56,1.82,True,False
SKU-02450,Top Básico Branco,Moda,Top,FORN-076,45,263.23,432.86,11,1,10,112,2025-10-07,Estoque Crítico,448,0.0273,2632.3,4328.6,1.64,True,False
SKU-02451,Vestido Clássico Branco,Moda,Vestido,FORN-087,9,120.62,317.81,434,112,322,72,2025-06-27,Em Estoque,448,0.1335,38839.64,102334.82,2.63,False,False
SKU-02452,Moletom Básico Branco,Moda,Moletom,FORN-053,6,386.06,810.83,782,183,599,89,2024-12-05,Em Estoque,448,0.3512,231249.94,485687.17,2.1,False,False
SKU-02453,Óleo Corporal Oversize Azul,Beleza,Óleo Corporal,FORN-057,10,223.42,412.6,271,16,255,104,2023-09-04,Em Estoque,498,0.4838,56972.1,105213.0,1.85,False,False
SKU-02454,Jaqueta Clássico Azul,Moda,Jaqueta,FORN-045,13,160.77,316.39,356,88,268,62,2025-12-21,Em Estoque,448,0.3228,43086.36,84792.52,1.97,False,False
SKU-02455,Sérum Facial Oversize Preto,Beleza,Sérum Facial,FORN-064,10,37.32,89.39,340,65,275,32,2025-11-21,Em Estoque,396,0.181,10263.0,24582.25,2.4,False,False
SKU-02456,Almofada Clássico Verde,Lifestyle,Almofada,FORN-024,53,287.42,677.56,250,61,189,74,2024-05-19,Em Estoque,448,0.3974,54322.38,128058.84,2.36,False,False
SKU-02457,Shorts Edição Limitada Rosa,Moda,Shorts,FORN-007,5,185.21,410.88,544,34,510,109,2024-09-14,Em Estoque,448,0.3711,94457.1,209548.8,2.22,False,False
SKU-02458,Condicionador Oversize Azul,Beleza,Condicionador,FORN-064,12,245.6,701.5,417,71,346,100,2025-05-21,Em Estoque,201,0.2918,84977.6,242719.0,2.86,False,False
SKU-02459,Camiseta Luxo Rosa,Moda,Camiseta,FORN-004,59,79.72,173.53,362,77,285,121,2023-02-25,Em Estoque,448,0.2872,22720.2,49456.05,2.18,False,False
SKU-02460,Pulseira Clássico Rosa,Acessórios,Pulseira,FORN-060,5,187.34,342.7,487,34,453,102,2025-02-23,Em Estoque,448,0.1014,84865.02,155243.1,1.83,False,False
SKU-02461,Vela Aromática Moderno Bege,Lifestyle,Vela Aromática,FORN-048,5,266.65,525.25,348,88,260,86,2023-11-21,Em Estoque,448,0.4673,69329.0,136565.0,1.97,False,False
SKU-02462,Shorts Clássico Dourado,Moda,Shorts,FORN-072,14,155.85,420.34,248,63,185,77,2025-07-24,Em Estoque,448,0.4633,28832.25,77762.9,2.7,False,False
SKU-02463,Legging Sport Verde,Moda,Legging,FORN-092,56,340.23,943.41,1142,98,1044,37,2024-12-28,Em Estoque,448,0.3642,355200.12,984920.04,2.77,False,False
SKU-02464,Porta-Retrato Sustentável Branco,Lifestyle,Porta-Retrato,FORN-068,8,70.43,129.04,349,35,314,16,2023-04-20,Em Estoque,448,0.1977,22115.02,40518.56,1.83,False,False
SKU-02465,Porta-Retrato Sustentável Vermelho,Lifestyle,Porta-Retrato,FORN-014,12,175.29,509.24,363,3,360,80,2023-05-24,Em Estoque,448,0.1688,63104.4,183326.4,2.91,False,False
SKU-02466,Base Líquida Clássico Prata,Beleza,Base Líquida,FORN-049,8,211.76,663.06,493,4,489,99,2023-03-23,Em Estoque,314,0.2664,103550.64,324236.34,3.13,False,False
SKU-02467,Sérum Facial Sustentável Rosa,Beleza,Sérum Facial,FORN-087,15,148.63,322.59,406,121,285,144,2025-03-15,Em Estoque,610,0.2457,42359.55,91938.15,2.17,False,False
SKU-02468,Porta-Retrato Moderno Nude,Lifestyle,Porta-Retrato,FORN-027,10,285.7,556.33,385,29,356,126,2023-12-26,Em Estoque,448,0.2208,101709.2,198053.48,1.95,False,False
SKU-02469,Chapéu Edição Limitada Nude,Acessórios,Chapéu,FORN-024,47,333.45,717.43,21,0,21,45,2024-01-16,Estoque Crítico,448,0.2211,7002.45,15066.03,2.15,True,False
SKU-02470,Shorts Moderno Rosa,Moda,Shorts,FORN-090,13,166.44,499.91,682,202,480,97,2023-08-03,Em Estoque,448,0.1789,79891.2,239956.8,3.0,False,False
SKU-02471,Camiseta Oversize Bege,Moda,Camiseta,FORN-001,13,235.76,450.6,569,7,562,102,2023-08-20,Em Estoque,448,0.1172,132497.12,253237.2,1.91,False,False
SKU-02472,Protetor Solar Básico Bege,Beleza,Protetor Solar,FORN-079,12,395.78,1196.26,140,5,135,89,2025-06-02,Em Estoque,343,0.3425,53430.3,161495.1,3.02,False,False
SKU-02473,Óleo Corporal Artesanal Preto,Beleza,Óleo Corporal,FORN-068,7,176.55,484.79,0,0,0,130,2023-03-01,Ruptura,669,0.0436,0.0,0.0,2.75,True,False
SKU-02474,Calça Jeans Exclusivo Nude,Moda,Calça Jeans,FORN-097,9,151.92,302.7,658,145,513,115,2023-03-08,Em Estoque,448,0.4066,77934.96,155285.1,1.99,False,False
SKU-02475,Espelho de Mesa Exclusivo Dourado,Lifestyle,Espelho de Mesa,FORN-045,6,194.89,450.74,317,3,314,60,2023-04-01,Em Estoque,448,0.2758,61195.46,141532.36,2.31,False,False
SKU-02476,Condicionador Edição Limitada Preto,Beleza,Condicionador,FORN-078,9,376.8,883.13,6,0,6,81,2023-04-01,Estoque Crítico,228,0.2224,2260.8,5298.78,2.34,True,False
SKU-02477,Batom Sustentável Verde,Beleza,Batom,FORN-067,60,143.33,385.91,173,0,173,96,2025-02-10,Em Estoque,628,0.0888,24796.09,66762.43,2.69,False,False
SKU-02478,Moletom Artesanal Rosa,Moda,Moletom,FORN-087,11,68.62,129.33,439,26,413,148,2023-05-25,Em Estoque,448,0.0206,28340.06,53413.29,1.88,False,False
SKU-02479,Garrafa Térmica Urban Prata,Lifestyle,Garrafa Térmica,FORN-035,15,143.1,239.49,488,66,422,112,2023-02-16,Em Estoque,448,0.1311,60388.2,101064.78,1.67,False,False
SKU-02480,Shorts Artesanal Azul,Moda,Shorts,FORN-074,54,60.52,172.76,732,96,636,124,2024-01-15,Em Estoque,448,0.3397,38490.72,109875.36,2.85,False,False
SKU-02481,Luminária Artesanal Prata,Lifestyle,Luminária,FORN-095,10,222.5,514.96,317,9,308,32,2023-07-21,Em Estoque,448,0.2189,68530.0,158607.68,2.31,False,False
SKU-02482,Batom Slim Branco,Beleza,Batom,FORN-065,12,257.43,680.9,230,68,162,91,2023-08-16,Em Estoque,343,0.1401,41703.66,110305.8,2.64,False,False
SKU-02483,Calça Jeans Edição Limitada Rosa,Moda,Calça Jeans,FORN-046,49,371.99,749.15,252,56,196,149,2023-05-15,Descontinuado,448,0.0206,72910.04,146833.4,2.01,False,True
SKU-02484,Protetor Solar Edição Limitada Verde,Beleza,Protetor Solar,FORN-009,13,338.44,743.63,402,74,328,55,2024-12-19,Em Estoque,231,0.417,111008.32,243910.64,2.2,False,False
SKU-02485,Garrafa Térmica Urban Bege,Lifestyle,Garrafa Térmica,FORN-061,51,386.28,1097.85,60,4,56,103,2024-08-06,Estoque Crítico,448,0.4945,21631.68,61479.6,2.84,True,False
SKU-02486,Jaqueta Premium Preto,Moda,Jaqueta,FORN-071,10,193.98,467.4,589,150,439,39,2024-04-05,Em Estoque,448,0.0916,85157.22,205188.6,2.41,False,False
SKU-02487,Luminária Premium Preto,Lifestyle,Luminária,FORN-075,45,352.68,752.56,251,68,183,64,2024-11-20,Descontinuado,448,0.4769,64540.44,137718.48,2.13,False,True
SKU-02488,Shorts Básico Azul,Moda,Shorts,FORN-082,57,148.58,282.67,602,111,491,147,2024-10-22,Em Estoque,448,0.4297,72952.78,138790.97,1.9,False,False
SKU-02489,Pochete Luxo Preto,Acessórios,Pochete,FORN-095,12,324.48,740.43,12,3,9,79,2024-02-27,Estoque Crítico,448,0.1397,2920.32,6663.87,2.28,True,False
SKU-02490,Saia Premium Preto,Moda,Saia,FORN-036,14,50.15,149.86,499,72,427,60,2024-09-15,Em Estoque,448,0.3644,21414.05,63990.22,2.99,False,False
SKU-02491,Luminária Moderno Prata,Lifestyle,Luminária,FORN-090,12,185.93,557.79,464,91,373,132,2025-08-26,Em Estoque,448,0.0041,69351.89,208055.67,3.0,False,False
SKU-02492,Blusa de Tricô Luxo Prata,Moda,Blusa de Tricô,FORN-056,11,66.34,121.99,778,127,651,88,2023-05-06,Em Estoque,448,0.1814,43187.34,79415.49,1.84,False,False
SKU-02493,Calça Jeans Slim Branco,Moda,Calça Jeans,FORN-093,14,211.18,496.74,664,175,489,54,2023-11-06,Em Estoque,448,0.3572,103267.02,242905.86,2.35,False,False
SKU-02494,Kit Skincare Luxo Prata,Beleza,Kit Skincare,FORN-021,48,139.34,398.06,7,1,6,41,2023-03-22,Estoque Crítico,476,0.3595,836.04,2388.36,2.86,True,False
SKU-02495,Colar Delicado Verde,Acessórios,Colar,FORN-054,59,370.99,880.27,186,53,133,78,2023-12-15,Em Estoque,448,0.1906,49341.67,117075.91,2.37,False,False
SKU-02496,Blusa de Tricô Edição Limitada Prata,Moda,Blusa de Tricô,FORN-076,52,239.16,723.96,411,94,317,89,2024-08-21,Em Estoque,448,0.4604,75813.72,229495.32,3.03,False,False
SKU-02497,Kit Chá Delicado Vermelho,Lifestyle,Kit Chá,FORN-048,12,293.44,650.2,440,64,376,133,2024-01-18,Em Estoque,448,0.0052,110333.44,244475.2,2.22,False,False
SKU-02498,Caderno Luxo Bege,Lifestyle,Caderno,FORN-076,58,138.12,415.57,474,47,427,28,2024-06-02,Em Estoque,448,0.312,58977.24,177448.39,3.01,False,False
SKU-02499,Perfume Clássico Nude,Beleza,Perfume,FORN-072,13,205.31,375.67,184,19,165,80,2023-03-01,Em Estoque,550,0.3465,33876.15,61985.55,1.83,False,False
SKU-02500,Kit Skincare Clássico Nude,Beleza,Kit Skincare,FORN-069,12,317.78,626.49,269,55,214,80,2023-01-13,Em Estoque,323,0.1533,68004.92,134068.86,1.97,False,False
SKU-02501,Mochila Moderno Nude,Acessórios,Mochila,FORN-005,52,81.65,243.87,131,15,116,24,2023-02-18,Em Estoque,448,0.4999,9471.4,28288.92,2.99,False,False
SKU-02502,Garrafa Térmica Moderno Preto,Lifestyle,Garrafa Térmica,FORN-011,6,370.28,1066.98,260,33,227,15,2024-06-09,Em Estoque,448,0.1624,84053.56,242204.46,2.88,False,False
SKU-02503,Óleo Corporal Oversize Bege,Beleza,Óleo Corporal,FORN-090,9,155.08,389.44,53,10,43,29,2024-04-14,Em Estoque,439,0.1739,6668.44,16745.92,2.51,False,False
SKU-02504,Planta Artificial Moderno Verde,Lifestyle,Planta Artificial,FORN-010,59,383.91,1154.61,102,20,82,138,2024-12-03,Estoque Crítico,448,0.3287,31480.62,94678.02,3.01,True,False
SKU-02505,Moletom Edição Limitada Nude,Moda,Moletom,FORN-056,8,269.68,519.22,555,147,408,100,2025-12-18,Em Estoque,448,0.1259,110029.44,211841.76,1.93,False,False
SKU-02506,Perfume Clássico Verde,Beleza,Perfume,FORN-088,11,363.5,984.36,307,78,229,38,2025-07-05,Em Estoque,614,0.4672,83241.5,225418.44,2.71,False,False
SKU-02507,Saia Edição Limitada Bege,Moda,Saia,FORN-076,51,169.47,511.21,549,110,439,144,2024-02-16,Em Estoque,448,0.2293,74397.33,224421.19,3.02,False,False
SKU-02508,Kit Skincare Sport Nude,Beleza,Kit Skincare,FORN-007,6,328.81,528.16,335,63,272,29,2025-01-22,Em Estoque,500,0.4282,89436.32,143659.52,1.61,False,False
SKU-02509,Porta-Retrato Luxo Preto,Lifestyle,Porta-Retrato,FORN-025,13,382.94,890.99,51,4,47,41,2024-11-03,Em Estoque,448,0.3173,17998.18,41876.53,2.33,False,False
SKU-02510,Meias Delicado Vermelho,Acessórios,Meias,FORN-022,54,329.89,909.51,213,23,190,48,2023-02-13,Em Estoque,448,0.2046,62679.1,172806.9,2.76,False,False
SKU-02511,Protetor Solar Artesanal Azul,Beleza,Protetor Solar,FORN-087,10,33.86,62.61,96,23,73,43,2024-03-11,Em Estoque,273,0.4773,2471.78,4570.53,1.85,False,False
SKU-02512,Camiseta Urban Dourado,Moda,Camiseta,FORN-041,10,378.87,967.06,539,16,523,80,2023-01-05,Em Estoque,448,0.2651,198149.01,505772.38,2.55,False,False
SKU-02513,Blusa de Tricô Premium Dourado,Moda,Blusa de Tricô,FORN-036,10,25.5,79.75,652,47,605,141,2023-10-21,Em Estoque,448,0.2829,15427.5,48248.75,3.13,False,False
SKU-02514,Vela Aromática Clássico Rosa,Lifestyle,Vela Aromática,FORN-035,5,134.87,385.78,44,0,44,13,2024-08-04,Em Estoque,448,0.0878,5934.28,16974.32,2.86,False,False
SKU-02515,Garrafa Térmica Clássico Dourado,Lifestyle,Garrafa Térmica,FORN-061,52,206.02,446.52,131,28,103,111,2023-08-05,Estoque Crítico,448,0.2225,21220.06,45991.56,2.17,True,False
SKU-02516,Protetor Solar Oversize Verde,Beleza,Protetor Solar,FORN-040,13,372.17,767.03,480,24,456,56,2024-07-14,Em Estoque,432,0.2905,169709.52,349765.68,2.06,False,False
SKU-02517,Espelho de Mesa Sport Bege,Lifestyle,Espelho de Mesa,FORN-078,9,88.11,240.76,426,35,391,27,2024-01-21,Em Estoque,448,0.4425,34451.01,94137.16,2.73,False,False
SKU-02518,Garrafa Térmica Urban Azul,Lifestyle,Garrafa Térmica,FORN-073,46,185.93,438.07,437,84,353,139,2023-05-26,Em Estoque,448,0.0953,65633.29,154638.71,2.36,False,False
SKU-02519,Espelho de Mesa Básico Bege,Lifestyle,Espelho de Mesa,FORN-078,14,348.53,680.91,470,28,442,38,2023-08-12,Em Estoque,448,0.2841,154050.26,300962.22,1.95,False,False
SKU-02520,Caderno Sustentável Branco,Lifestyle,Caderno,FORN-037,7,52.02,144.77,215,23,192,55,2023-12-13,Em Estoque,448,0.3611,9987.84,27795.84,2.78,False,False
SKU-02521,Calça Jeans Premium Preto,Moda,Calça Jeans,FORN-092,53,336.98,641.39,257,50,207,78,2024-05-07,Em Estoque,448,0.3746,69754.86,132767.73,1.9,False,False
SKU-02522,Condicionador Edição Limitada Nude,Beleza,Condicionador,FORN-012,9,75.99,205.48,472,1,471,24,2024-11-05,Em Estoque,632,0.1996,35791.29,96781.08,2.7,False,False
SKU-02523,Óleo Corporal Clássico Dourado,Beleza,Óleo Corporal,FORN-066,5,341.93,824.61,451,114,337,149,2024-11-16,Em Estoque,403,0.095,115230.41,277893.57,2.41,False,False
SKU-02524,Garrafa Térmica Premium Preto,Lifestyle,Garrafa Térmica,FORN-006,46,361.81,964.21,108,8,100,97,2025-12-28,Em Estoque,448,0.4787,36181.0,96421.0,2.66,False,False
SKU-02525,Brinco Slim Vermelho,Acessórios,Brinco,FORN-048,13,177.01,419.0,283,84,199,89,2024-11-01,Em Estoque,448,0.1378,35224.99,83381.0,2.37,False,False
SKU-02526,Protetor Solar Moderno Bege,Beleza,Protetor Solar,FORN-092,54,331.62,718.27,403,97,306,115,2025-05-27,Em Estoque,600,0.3677,101475.72,219790.62,2.17,False,False
SKU-02527,Saia Oversize Dourado,Moda,Saia,FORN-027,10,389.69,1095.06,527,127,400,111,2025-11-13,Em Estoque,448,0.4087,155876.0,438024.0,2.81,False,False
SKU-02528,Kit Skincare Edição Limitada Verde,Beleza,Kit Skincare,FORN-053,5,35.87,110.69,471,58,413,66,2024-12-11,Em Estoque,584,0.3686,14814.31,45714.97,3.09,False,False
SKU-02529,Esfoliante Clássico Branco,Beleza,Esfoliante,FORN-002,14,80.71,254.5,65,10,55,33,2025-05-11,Em Estoque,557,0.4198,4439.05,13997.5,3.15,False,False
SKU-02530,Top Clássico Azul,Moda,Top,FORN-063,11,177.02,360.56,839,78,761,64,2023-03-20,Em Estoque,448,0.0241,134712.22,274386.16,2.04,False,False
SKU-02531,Saia Clássico Bege,Moda,Saia,FORN-076,49,66.31,171.87,205,48,157,48,2024-11-07,Em Estoque,448,0.0839,10410.67,26983.59,2.59,False,False
SKU-02532,Sérum Facial Básico Rosa,Beleza,Sérum Facial,FORN-073,57,361.15,899.69,13,3,10,120,2025-11-22,Estoque Crítico,516,0.0999,3611.5,8996.9,2.49,True,False
SKU-02533,Regata Sustentável Prata,Moda,Regata,FORN-028,15,399.51,827.18,510,6,504,22,2024-09-05,Em Estoque,448,0.2002,201353.04,416898.72,2.07,False,False
SKU-02534,Mochila Artesanal Rosa,Acessórios,Mochila,FORN-089,13,104.35,322.11,419,0,419,89,2023-09-14,Em Estoque,448,0.4395,43722.65,134964.09,3.09,False,False
SKU-02535,Vela Aromática Exclusivo Verde,Lifestyle,Vela Aromática,FORN-043,14,88.69,253.6,218,21,197,132,2023-07-13,Em Estoque,448,0.4253,17471.93,49959.2,2.86,False,False
SKU-02536,Vestido Oversize Dourado,Moda,Vestido,FORN-095,7,205.38,536.29,311,52,259,148,2025-10-23,Em Estoque,448,0.4805,53193.42,138899.11,2.61,False,False
SKU-02537,Almofada Sustentável Bege,Lifestyle,Almofada,FORN-025,15,278.38,558.24,128,27,101,116,2024-02-02,Estoque Crítico,448,0.1774,28116.38,56382.24,2.01,True,False
SKU-02538,Colar Artesanal Vermelho,Acessórios,Colar,FORN-012,13,38.31,84.49,262,50,212,53,2025-09-13,Em Estoque,448,0.3734,8121.72,17911.88,2.21,False,False
SKU-02539,Kit Chá Artesanal Bege,Lifestyle,Kit Chá,FORN-035,9,249.55,792.56,455,4,451,72,2025-11-22,Em Estoque,448,0.1808,112547.05,357444.56,3.18,False,False
SKU-02540,Batom Artesanal Verde,Beleza,Batom,FORN-054,47,107.23,222.99,24,3,21,70,2023-09-08,Estoque Crítico,304,0.1981,2251.83,4682.79,2.08,True,False
SKU-02541,Almofada Sustentável Vermelho,Lifestyle,Almofada,FORN-075,47,325.71,857.48,404,117,287,62,2024-08-20,Em Estoque,448,0.1246,93478.77,246096.76,2.63,False,False
SKU-02542,Lenço Delicado Preto,Acessórios,Lenço,FORN-012,15,353.13,655.38,409,3,406,29,2024-04-04,Em Estoque,448,0.1842,143370.78,266084.28,1.86,False,False
SKU-02543,Top Clássico Azul,Moda,Top,FORN-075,48,158.25,307.95,804,163,641,65,2025-02-10,Em Estoque,448,0.2972,101438.25,197395.95,1.95,False,False
SKU-02544,Vestido Sustentável Preto,Moda,Vestido,FORN-024,52,66.43,169.51,436,8,428,38,2023-10-12,Em Estoque,448,0.4489,28432.04,72550.28,2.55,False,False
SKU-02545,Carteira Urban Dourado,Acessórios,Carteira,FORN-063,15,141.68,431.62,357,88,269,13,2023-12-01,Em Estoque,448,0.3284,38111.92,116105.78,3.05,False,False
SKU-02546,Condicionador Sport Branco,Beleza,Condicionador,FORN-060,11,350.15,1032.46,452,54,398,54,2024-05-17,Em Estoque,403,0.3923,139359.7,410919.08,2.95,False,False
SKU-02547,Condicionador Sustentável Branco,Beleza,Condicionador,FORN-048,6,138.79,381.68,155,27,128,39,2023-08-21,Em Estoque,643,0.0064,17765.12,48855.04,2.75,False,False
SKU-02548,Perfume Clássico Preto,Beleza,Perfume,FORN-033,46,37.7,74.64,375,92,283,143,2023-09-24,Em Estoque,296,0.0902,10669.1,21123.12,1.98,False,False
SKU-02549,Calça Jeans Edição Limitada Preto,Moda,Calça Jeans,FORN-004,56,347.23,1039.15,1114,38,1076,149,2023-03-22,Em Estoque,448,0.1758,373619.48,1118125.4,2.99,False,False
SKU-02550,Luminária Clássico Verde,Lifestyle,Luminária,FORN-019,15,350.2,1055.67,45,3,42,38,2023-07-15,Em Estoque,448,0.363,14708.4,44338.14,3.01,False,False
SKU-02551,Legging Moderno Bege,Moda,Legging,FORN-050,60,278.26,490.41,856,56,800,38,2024-08-26,Em Estoque,448,0.269,222608.0,392328.0,1.76,False,False
SKU-02552,Espelho de Mesa Premium Bege,Lifestyle,Espelho de Mesa,FORN-041,6,146.58,353.48,447,65,382,53,2024-08-08,Em Estoque,448,0.0861,55993.56,135029.36,2.41,False,False
SKU-02553,Camisa Social Slim Branco,Moda,Camisa Social,FORN-062,15,326.63,1015.33,213,2,211,82,2025-01-12,Em Estoque,448,0.0397,68918.93,214234.63,3.11,False,False
SKU-02554,Condicionador Básico Preto,Beleza,Condicionador,FORN-086,10,30.44,64.4,163,0,163,145,2024-09-11,Em Estoque,478,0.207,4961.72,10497.2,2.12,False,False
SKU-02555,Sérum Facial Moderno Dourado,Beleza,Sérum Facial,FORN-065,9,185.74,478.46,25,0,25,68,2023-11-15,Estoque Crítico,582,0.137,4643.5,11961.5,2.58,True,False
SKU-02556,Camiseta Oversize Prata,Moda,Camiseta,FORN-030,10,144.52,438.37,86,5,81,123,2023-08-21,Estoque Crítico,448,0.2979,11706.12,35507.97,3.03,True,False
SKU-02557,Sombra Clássico Prata,Beleza,Sombra,FORN-024,45,64.77,175.1,0,0,0,43,2023-06-04,Ruptura,341,0.0325,0.0,0.0,2.7,True,False
SKU-02558,Camiseta Edição Limitada Azul,Moda,Camiseta,FORN-050,45,47.74,123.59,40,2,38,87,2023-07-11,Estoque Crítico,448,0.033,1814.12,4696.42,2.59,True,False
SKU-02559,Relógio de Parede Sport Rosa,Lifestyle,Relógio de Parede,FORN-061,47,293.23,685.4,342,50,292,79,2025-06-26,Em Estoque,448,0.2838,85623.16,200136.8,2.34,False,False
SKU-02560,Lenço Edição Limitada Azul,Acessórios,Lenço,FORN-081,47,82.14,256.98,406,32,374,24,2024-12-22,Em Estoque,448,0.1546,30720.36,96110.52,3.13,False,False
SKU-02561,Top Básico Azul,Moda,Top,FORN-070,48,239.47,733.32,102,30,72,80,2024-12-14,Estoque Crítico,448,0.2504,17241.84,52799.04,3.06,True,False
SKU-02562,Kit Chá Sustentável Vermelho,Lifestyle,Kit Chá,FORN-010,55,69.11,173.0,377,3,374,34,2024-01-19,Em Estoque,448,0.0482,25847.14,64702.0,2.5,False,False
SKU-02563,Óleo Corporal Básico Dourado,Beleza,Óleo Corporal,FORN-060,5,69.0,127.24,105,0,105,74,2025-06-08,Em Estoque,696,0.4371,7245.0,13360.2,1.84,False,False
SKU-02564,Esfoliante Clássico Verde,Beleza,Esfoliante,FORN-025,7,42.54,130.51,325,75,250,56,2025-05-17,Em Estoque,665,0.3921,10635.0,32627.5,3.07,False,False
SKU-02565,Perfume Sustentável Bege,Beleza,Perfume,FORN-059,7,255.37,766.69,97,6,91,96,2025-08-22,Estoque Crítico,196,0.0825,23238.67,69768.79,3.0,True,False
SKU-02566,Bolsa de Couro Luxo Nude,Acessórios,Bolsa de Couro,FORN-032,14,211.15,562.83,100,22,78,145,2024-07-10,Estoque Crítico,448,0.2673,16469.7,43900.74,2.67,True,False
SKU-02567,Top Sustentável Azul,Moda,Top,FORN-075,52,141.26,397.52,693,181,512,71,2025-02-18,Em Estoque,448,0.2087,72325.12,203530.24,2.81,False,False
SKU-02568,Máscara de Cílios Delicado Bege,Beleza,Máscara de Cílios,FORN-061,52,146.73,464.99,115,15,100,89,2023-07-21,Em Estoque,600,0.2126,14673.0,46499.0,3.17,False,False
SKU-02569,Camiseta Básico Rosa,Moda,Camiseta,FORN-089,7,54.91,122.85,200,44,156,97,2023-07-07,Em Estoque,448,0.4001,8565.96,19164.6,2.24,False,False
SKU-02570,Batom Clássico Azul,Beleza,Batom,FORN-025,10,194.56,399.49,136,23,113,102,2025-02-24,Em Estoque,493,0.1025,21985.28,45142.37,2.05,False,False
SKU-02571,Óculos de Sol Básico Branco,Acessórios,Óculos de Sol,FORN-014,12,149.02,450.5,135,18,117,95,2024-11-10,Em Estoque,448,0.4067,17435.34,52708.5,3.02,False,False
SKU-02572,Perfume Sport Rosa,Beleza,Perfume,FORN-023,15,311.94,688.05,258,14,244,103,2023-03-20,Em Estoque,597,0.1373,76113.36,167884.2,2.21,False,False
SKU-02573,Kit Skincare Clássico Rosa,Beleza,Kit Skincare,FORN-085,57,129.54,328.85,449,128,321,123,2023-05-15,Em Estoque,720,0.4412,41582.34,105560.85,2.54,False,False
SKU-02574,Esfoliante Artesanal Branco,Beleza,Esfoliante,FORN-047,8,344.55,584.99,161,7,154,76,2024-11-03,Em Estoque,405,0.4285,53060.7,90088.46,1.7,False,False
SKU-02575,Kit Skincare Clássico Azul,Beleza,Kit Skincare,FORN-007,10,383.99,1113.74,285,21,264,76,2024-12-07,Em Estoque,206,0.3624,101373.36,294027.36,2.9,False,False
SKU-02576,Shorts Edição Limitada Rosa,Moda,Shorts,FORN-031,12,223.33,600.51,393,39,354,62,2025-01-27,Em Estoque,448,0.4605,79058.82,212580.54,2.69,False,False
SKU-02577,Sérum Facial Edição Limitada Vermelho,Beleza,Sérum Facial,FORN-095,14,167.92,463.57,193,51,142,115,2023-12-15,Em Estoque,284,0.4406,23844.64,65826.94,2.76,False,False
SKU-02578,Calça Jeans Exclusivo Dourado,Moda,Calça Jeans,FORN-077,46,166.59,268.93,79,8,71,122,2023-06-19,Estoque Crítico,448,0.0055,11827.89,19094.03,1.61,True,False
SKU-02579,Vestido Oversize Preto,Moda,Vestido,FORN-018,51,50.93,85.08,260,23,237,133,2023-09-26,Em Estoque,448,0.2084,12070.41,20163.96,1.67,False,False
SKU-02580,Lenço Moderno Bege,Acessórios,Lenço,FORN-015,50,42.83,95.33,40,4,36,150,2024-03-12,Estoque Crítico,448,0.0193,1541.88,3431.88,2.23,True,False
SKU-02581,Batom Delicado Vermelho,Beleza,Batom,FORN-080,14,329.48,923.84,231,64,167,76,2023-01-02,Em Estoque,472,0.0433,55023.16,154281.28,2.8,False,False
SKU-02582,Porta-Retrato Slim Vermelho,Lifestyle,Porta-Retrato,FORN-002,15,200.76,591.74,86,7,79,146,2024-02-23,Estoque Crítico,448,0.4899,15860.04,46747.46,2.95,True,False
SKU-02583,Máscara de Cílios Exclusivo Verde,Beleza,Máscara de Cílios,FORN-095,14,289.3,740.43,233,41,192,130,2025-07-07,Em Estoque,681,0.3515,55545.6,142162.56,2.56,False,False
SKU-02584,Máscara de Cílios Artesanal Azul,Beleza,Máscara de Cílios,FORN-004,55,139.47,329.79,0,0,0,63,2024-08-14,Ruptura,499,0.3602,0.0,0.0,2.36,True,False
SKU-02585,Blusa de Tricô Artesanal Azul,Moda,Blusa de Tricô,FORN-078,9,297.31,730.42,687,58,629,24,2023-06-26,Em Estoque,448,0.0137,187007.99,459434.18,2.46,False,False
SKU-02586,Blusa de Tricô Delicado Prata,Moda,Blusa de Tricô,FORN-081,58,255.21,801.9,435,107,328,64,2024-05-22,Em Estoque,448,0.4587,83708.88,263023.2,3.14,False,False
SKU-02587,Saia Oversize Branco,Moda,Saia,FORN-022,47,41.64,99.96,132,8,124,107,2024-11-10,Em Estoque,448,0.2637,5163.36,12395.04,2.4,False,False
SKU-02588,Óculos de Sol Luxo Rosa,Acessórios,Óculos de Sol,FORN-045,14,131.49,315.94,402,77,325,69,2024-07-12,Em Estoque,448,0.0796,42734.25,102680.5,2.4,False,False
SKU-02589,Jaqueta Sustentável Dourado,Moda,Jaqueta,FORN-098,55,34.47,79.82,427,92,335,92,2024-04-16,Em Estoque,448,0.1268,11547.45,26739.7,2.32,False,False
SKU-02590,Caderno Sport Bege,Lifestyle,Caderno,FORN-043,6,84.78,263.59,480,141,339,84,2024-08-26,Em Estoque,448,0.3205,28740.42,89357.01,3.11,False,False
SKU-02591,Saia Delicado Verde,Moda,Saia,FORN-099,7,343.8,1018.7,603,44,559,80,2025-11-25,Em Estoque,448,0.2146,192184.2,569453.3,2.96,False,False
SKU-02592,Pulseira Delicado Nude,Acessórios,Pulseira,FORN-051,12,116.82,350.17,486,144,342,23,2023-01-27,Em Estoque,448,0.259,39952.44,119758.14,3.0,False,False
SKU-02593,Saia Premium Preto,Moda,Saia,FORN-072,9,308.65,662.97,531,72,459,46,2024-10-24,Em Estoque,448,0.4446,141670.35,304303.23,2.15,False,False
SKU-02594,Legging Exclusivo Verde,Moda,Legging,FORN-009,8,276.77,712.19,493,63,430,95,2023-10-10,Em Estoque,448,0.1568,119011.1,306241.7,2.57,False,False
SKU-02595,Porta-Retrato Premium Rosa,Lifestyle,Porta-Retrato,FORN-008,56,73.48,164.35,125,13,112,77,2024-02-03,Em Estoque,448,0.2496,8229.76,18407.2,2.24,False,False
SKU-02596,Blush Clássico Prata,Beleza,Blush,FORN-023,15,165.31,356.89,308,24,284,65,2025-09-02,Em Estoque,247,0.241,46948.04,101356.76,2.16,False,False
SKU-02597,Luminária Premium Azul,Lifestyle,Luminária,FORN-026,52,43.24,125.58,149,18,131,32,2025-11-10,Em Estoque,448,0.3267,5664.44,16450.98,2.9,False,False
SKU-02598,Bolsa de Couro Urban Bege,Acessórios,Bolsa de Couro,FORN-087,5,259.58,796.61,44,3,41,130,2025-09-02,Estoque Crítico,448,0.3658,10642.78,32661.01,3.07,True,False
SKU-02599,Difusor Premium Nude,Lifestyle,Difusor,FORN-031,11,204.5,646.69,477,105,372,137,2024-08-15,Em Estoque,448,0.2086,76074.0,240568.68,3.16,False,False
SKU-02600,Kit Chá Edição Limitada Rosa,Lifestyle,Kit Chá,FORN-046,56,133.54,345.6,29,3,26,74,2025-02-20,Estoque Crítico,448,0.1661,3472.04,8985.6,2.59,True,False
SKU-02601,Colar Moderno Verde,Acessórios,Colar,FORN-099,6,60.99,102.51,195,39,156,62,2025-06-12,Em Estoque,448,0.4115,9514.44,15991.56,1.68,False,False
SKU-02602,Sombra Delicado Bege,Beleza,Sombra,FORN-025,8,91.67,285.45,42,3,39,103,2025-12-03,Estoque Crítico,498,0.4869,3575.13,11132.55,3.11,True,False
SKU-02603,Óleo Corporal Sport Preto,Beleza,Óleo Corporal,FORN-060,5,74.44,148.93,221,17,204,118,2023-07-15,Em Estoque,288,0.1606,15185.76,30381.72,2.0,False,False
SKU-02604,Meias Luxo Rosa,Acessórios,Meias,FORN-040,13,201.45,372.98,477,107,370,83,2025-04-24,Em Estoque,448,0.3308,74536.5,138002.6,1.85,False,False
SKU-02605,Kit Skincare Sustentável Azul,Beleza,Kit Skincare,FORN-007,7,241.59,407.29,290,41,249,132,2023-06-06,Em Estoque,341,0.1152,60155.91,101415.21,1.69,False,False
SKU-02606,Caderno Exclusivo Nude,Lifestyle,Caderno,FORN-027,12,195.6,347.9,191,34,157,56,2025-05-17,Em Estoque,448,0.2801,30709.2,54620.3,1.78,False,False
SKU-02607,Chapéu Urban Nude,Acessórios,Chapéu,FORN-039,14,156.13,270.43,347,92,255,95,2025-10-03,Em Estoque,448,0.3505,39813.15,68959.65,1.73,False,False
SKU-02608,Moletom Urban Rosa,Moda,Moletom,FORN-039,11,115.54,244.28,243,0,243,17,2024-02-12,Em Estoque,448,0.4366,28076.22,59360.04,2.11,False,False
SKU-02609,Meias Exclusivo Vermelho,Acessórios,Meias,FORN-064,13,158.88,319.2,455,2,453,27,2025-10-16,Em Estoque,448,0.3,71972.64,144597.6,2.01,False,False
SKU-02610,Camiseta Básico Rosa,Moda,Camiseta,FORN-049,12,376.78,1054.15,630,58,572,118,2024-03-25,Em Estoque,448,0.1725,215518.16,602973.8,2.8,False,False
SKU-02611,Vestido Exclusivo Preto,Moda,Vestido,FORN-008,54,273.09,638.56,1050,253,797,71,2024-12-28,Em Estoque,448,0.3368,217652.73,508932.32,2.34,False,False
SKU-02612,Calça Jeans Moderno Rosa,Moda,Calça Jeans,FORN-002,12,243.21,438.75,701,98,603,78,2024-08-11,Em Estoque,448,0.2444,146655.63,264566.25,1.8,False,False
SKU-02613,Vestido Sport Prata,Moda,Vestido,FORN-092,51,350.3,986.6,772,175,597,138,2024-02-12,Em Estoque,448,0.212,209129.1,589000.2,2.82,False,False
SKU-02614,Lenço Exclusivo Branco,Acessórios,Lenço,FORN-045,10,302.23,536.67,166,23,143,116,2025-07-03,Em Estoque,448,0.2079,43218.89,76743.81,1.78,False,False
SKU-02615,Colar Premium Nude,Acessórios,Colar,FORN-031,11,375.0,743.39,128,26,102,13,2024-10-12,Em Estoque,448,0.3481,38250.0,75825.78,1.98,False,False
SKU-02616,Calça Jeans Moderno Azul,Moda,Calça Jeans,FORN-076,55,177.82,337.97,134,23,111,29,2025-03-12,Em Estoque,448,0.2026,19738.02,37514.67,1.9,False,False
SKU-02617,Base Líquida Clássico Vermelho,Beleza,Base Líquida,FORN-073,59,341.35,1033.32,285,49,236,134,2025-05-17,Em Estoque,699,0.3141,80558.6,243863.52,3.03,False,False
SKU-02618,Meias Moderno Branco,Acessórios,Meias,FORN-074,58,373.29,632.18,82,15,67,23,2024-12-07,Em Estoque,448,0.4377,25010.43,42356.06,1.69,False,False
SKU-02619,Óculos de Sol Delicado Verde,Acessórios,Óculos de Sol,FORN-073,47,180.34,326.96,2,0,2,44,2024-05-13,Estoque Crítico,448,0.2936,360.68,653.92,1.81,True,False
SKU-02620,Vela Aromática Básico Dourado,Lifestyle,Vela Aromática,FORN-050,51,389.75,1093.26,46,9,37,138,2024-04-15,Estoque Crítico,448,0.4981,14420.75,40450.62,2.81,True,False
SKU-02621,Planta Artificial Oversize Verde,Lifestyle,Planta Artificial,FORN-029,57,21.68,62.03,88,6,82,13,2024-04-12,Em Estoque,448,0.1038,1777.76,5086.46,2.86,False,False
SKU-02622,Kit Chá Sustentável Verde,Lifestyle,Kit Chá,FORN-051,14,297.94,555.93,311,66,245,89,2023-01-26,Em Estoque,448,0.0052,72995.3,136202.85,1.87,False,False
SKU-02623,Bolsa de Couro Moderno Bege,Acessórios,Bolsa de Couro,FORN-061,51,27.02,75.76,157,33,124,54,2025-08-10,Em Estoque,448,0.4935,3350.48,9394.24,2.8,False,False
SKU-02624,Blusa de Tricô Clássico Azul,Moda,Blusa de Tricô,FORN-044,11,50.73,126.36,707,3,704,72,2025-01-22,Em Estoque,448,0.4286,35713.92,88957.44,2.49,False,False
SKU-02625,Espelho de Mesa Oversize Prata,Lifestyle,Espelho de Mesa,FORN-086,11,387.3,1029.48,287,42,245,61,2025-11-28,Em Estoque,448,0.0524,94888.5,252222.6,2.66,False,False
SKU-02626,Porta-Retrato Exclusivo Branco,Lifestyle,Porta-Retrato,FORN-060,12,322.16,530.93,480,53,427,110,2024-07-13,Em Estoque,448,0.3258,137562.32,226707.11,1.65,False,False
SKU-02627,Colar Sustentável Bege,Acessórios,Colar,FORN-065,6,267.02,494.89,487,83,404,141,2024-06-01,Em Estoque,448,0.4886,107876.08,199935.56,1.85,False,False
SKU-02628,Sérum Facial Sport Bege,Beleza,Sérum Facial,FORN-086,15,248.46,790.26,15,1,14,135,2024-04-12,Estoque Crítico,382,0.3335,3478.44,11063.64,3.18,True,False
SKU-02629,Jaqueta Clássico Rosa,Moda,Jaqueta,FORN-095,10,67.93,183.6,705,115,590,35,2025-11-11,Descontinuado,448,0.4033,40078.7,108324.0,2.7,False,True
SKU-02630,Garrafa Térmica Premium Verde,Lifestyle,Garrafa Térmica,FORN-052,59,231.07,538.33,34,2,32,111,2024-03-10,Estoque Crítico,448,0.4248,7394.24,17226.56,2.33,True,False
SKU-02631,Condicionador Exclusivo Nude,Beleza,Condicionador,FORN-010,56,80.79,222.75,489,129,360,70,2025-09-06,Em Estoque,255,0.1647,29084.4,80190.0,2.76,False,False
SKU-02632,Saia Sustentável Dourado,Moda,Saia,FORN-053,9,238.25,475.01,760,112,648,115,2024-03-17,Em Estoque,448,0.0841,154386.0,307806.48,1.99,False,False
SKU-02633,Moletom Básico Nude,Moda,Moletom,FORN-084,10,269.49,736.65,577,6,571,43,2025-05-18,Em Estoque,448,0.2906,153878.79,420627.15,2.73,False,False
SKU-02634,Top Luxo Rosa,Moda,Top,FORN-095,10,194.05,569.31,419,9,410,70,2025-09-28,Em Estoque,448,0.313,79560.5,233417.1,2.93,False,False
SKU-02635,Legging Premium Nude,Moda,Legging,FORN-012,10,245.85,676.68,762,48,714,46,2023-10-23,Em Estoque,448,0.3709,175536.9,483149.52,2.75,False,False
SKU-02636,Espelho de Mesa Delicado Azul,Lifestyle,Espelho de Mesa,FORN-050,45,371.0,937.4,145,5,140,49,2025-08-01,Em Estoque,448,0.0539,51940.0,131236.0,2.53,False,False
SKU-02637,Relógio de Parede Moderno Vermelho,Lifestyle,Relógio de Parede,FORN-005,60,223.27,712.77,224,17,207,10,2025-03-01,Em Estoque,448,0.4517,46216.89,147543.39,3.19,False,False
SKU-02638,Meias Moderno Prata,Acessórios,Meias,FORN-071,6,378.53,701.31,388,116,272,119,2024-08-14,Em Estoque,448,0.222,102960.16,190756.32,1.85,False,False
SKU-02639,Pulseira Urban Dourado,Acessórios,Pulseira,FORN-029,54,314.25,755.85,458,96,362,102,2024-08-01,Em Estoque,448,0.0512,113758.5,273617.7,2.41,False,False
SKU-02640,Sérum Facial Oversize Vermelho,Beleza,Sérum Facial,FORN-085,55,206.35,424.92,441,49,392,114,2024-08-02,Em Estoque,641,0.1014,80889.2,166568.64,2.06,False,False
SKU-02641,Moletom Slim Nude,Moda,Moletom,FORN-001,14,379.58,1211.36,277,70,207,146,2024-12-08,Em Estoque,448,0.026,78573.06,250751.52,3.19,False,False
SKU-02642,Perfume Edição Limitada Prata,Beleza,Perfume,FORN-016,46,342.94,730.06,48,2,46,55,2024-07-05,Estoque Crítico,687,0.3889,15775.24,33582.76,2.13,True,False
SKU-02643,Cinto Premium Nude,Acessórios,Cinto,FORN-042,46,136.22,403.08,399,37,362,108,2023-06-20,Em Estoque,448,0.3845,49311.64,145914.96,2.96,False,False
SKU-02644,Camiseta Básico Nude,Moda,Camiseta,FORN-086,5,387.15,1192.56,918,163,755,75,2024-08-25,Em Estoque,448,0.3158,292298.25,900382.8,3.08,False,False
SKU-02645,Almofada Moderno Vermelho,Lifestyle,Almofada,FORN-097,14,108.15,272.32,496,8,488,80,2023-04-04,Em Estoque,448,0.1597,52777.2,132892.16,2.52,False,False
SKU-02646,Blush Básico Prata,Beleza,Blush,FORN-029,49,61.5,192.77,179,18,161,42,2025-09-21,Em Estoque,359,0.1799,9901.5,31035.97,3.13,False,False
SKU-02647,Calça Jeans Artesanal Preto,Moda,Calça Jeans,FORN-026,56,248.44,739.29,14,1,13,82,2023-03-11,Estoque Crítico,448,0.2828,3229.72,9610.77,2.98,True,False
SKU-02648,Sombra Luxo Nude,Beleza,Sombra,FORN-005,52,308.93,563.25,285,69,216,124,2025-07-15,Em Estoque,576,0.4159,66728.88,121662.0,1.82,False,False
SKU-02649,Planta Artificial Artesanal Verde,Lifestyle,Planta Artificial,FORN-010,51,316.82,928.38,8,2,6,64,2025-10-27,Estoque Crítico,448,0.4869,1900.92,5570.28,2.93,True,False
SKU-02650,Perfume Sustentável Rosa,Beleza,Perfume,FORN-038,15,285.89,546.36,270,12,258,140,2023-07-08,Em Estoque,389,0.3172,73759.62,140960.88,1.91,False,False
SKU-02651,Pochete Sport Preto,Acessórios,Pochete,FORN-024,57,305.8,607.86,85,0,85,130,2023-06-10,Estoque Crítico,448,0.2801,25993.0,51668.1,1.99,True,False
SKU-02652,Base Líquida Moderno Azul,Beleza,Base Líquida,FORN-014,6,328.83,794.11,28,5,23,122,2024-07-27,Estoque Crítico,643,0.2472,7563.09,18264.53,2.41,True,False
SKU-02653,Sombra Delicado Prata,Beleza,Sombra,FORN-071,14,71.21,117.74,116,3,113,49,2025-08-11,Em Estoque,456,0.0177,8046.73,13304.62,1.65,False,False
SKU-02654,Condicionador Clássico Azul,Beleza,Condicionador,FORN-087,5,99.5,161.26,224,62,162,145,2024-02-20,Em Estoque,353,0.1339,16119.0,26124.12,1.62,False,False
SKU-02655,Esfoliante Clássico Vermelho,Beleza,Esfoliante,FORN-042,55,305.25,715.67,96,12,84,82,2025-07-16,Em Estoque,277,0.3475,25641.0,60116.28,2.34,False,False
SKU-02656,Jaqueta Sustentável Verde,Moda,Jaqueta,FORN-098,50,155.07,426.55,304,66,238,146,2023-06-05,Em Estoque,448,0.3277,36906.66,101518.9,2.75,False,False
SKU-02657,Chapéu Premium Branco,Acessórios,Chapéu,FORN-067,56,380.35,1072.22,52,3,49,90,2025-07-16,Estoque Crítico,448,0.4467,18637.15,52538.78,2.82,True,False
SKU-02658,Planta Artificial Luxo Verde,Lifestyle,Planta Artificial,FORN-010,55,194.78,401.04,215,63,152,19,2025-06-02,Em Estoque,448,0.3757,29606.56,60958.08,2.06,False,False
SKU-02659,Planta Artificial Premium Nude,Lifestyle,Planta Artificial,FORN-070,51,211.52,409.34,34,9,25,67,2024-07-11,Estoque Crítico,448,0.3516,5288.0,10233.5,1.94,True,False
SKU-02660,Saia Oversize Prata,Moda,Saia,FORN-055,46,114.48,297.76,764,88,676,106,2023-12-08,Em Estoque,448,0.3889,77388.48,201285.76,2.6,False,False
SKU-02661,Protetor Solar Slim Nude,Beleza,Protetor Solar,FORN-047,7,125.98,266.28,27,5,22,29,2024-06-24,Estoque Crítico,661,0.4268,2771.56,5858.16,2.11,True,False
SKU-02662,Cinto Clássico Vermelho,Acessórios,Cinto,FORN-025,13,226.69,661.53,103,25,78,52,2024-11-24,Em Estoque,448,0.0735,17681.82,51599.34,2.92,False,False
SKU-02663,Calça Jeans Urban Prata,Moda,Calça Jeans,FORN-096,15,168.08,312.15,704,161,543,106,2025-08-24,Em Estoque,448,0.2096,91267.44,169497.45,1.86,False,False
SKU-02664,Garrafa Térmica Urban Dourado,Lifestyle,Garrafa Térmica,FORN-004,51,280.12,602.61,142,30,112,123,2025-03-14,Estoque Crítico,448,0.2638,31373.44,67492.32,2.15,True,False
SKU-02665,Protetor Solar Básico Nude,Beleza,Protetor Solar,FORN-020,50,295.08,921.32,46,12,34,54,2025-04-05,Estoque Crítico,180,0.4337,10032.72,31324.88,3.12,True,False
SKU-02666,Luminária Clássico Verde,Lifestyle,Luminária,FORN-031,15,240.31,718.06,48,14,34,138,2024-05-11,Estoque Crítico,448,0.1847,8170.54,24414.04,2.99,True,False
SKU-02667,Regata Artesanal Bege,Moda,Regata,FORN-041,13,361.07,1090.61,1184,1,1183,23,2023-06-13,Em Estoque,448,0.1023,427145.81,1290191.63,3.02,False,False
SKU-02668,Lenço Clássico Vermelho,Acessórios,Lenço,FORN-061,51,144.03,300.22,313,1,312,88,2024-10-27,Em Estoque,448,0.4757,44937.36,93668.64,2.08,False,False
SKU-02669,Base Líquida Edição Limitada Prata,Beleza,Base Líquida,FORN-075,58,268.61,469.48,75,11,64,25,2025-07-06,Em Estoque,729,0.1576,17191.04,30046.72,1.75,False,False
SKU-02670,Top Moderno Rosa,Moda,Top,FORN-057,11,39.2,105.37,420,73,347,53,2024-09-15,Em Estoque,448,0.2994,13602.4,36563.39,2.69,False,False
SKU-02671,Almofada Edição Limitada Dourado,Lifestyle,Almofada,FORN-086,8,169.31,292.04,103,7,96,14,2025-05-13,Descontinuado,448,0.2351,16253.76,28035.84,1.72,False,True
SKU-02672,Porta-Retrato Exclusivo Preto,Lifestyle,Porta-Retrato,FORN-031,8,286.38,643.89,311,6,305,141,2024-11-16,Em Estoque,448,0.0413,87345.9,196386.45,2.25,False,False
SKU-02673,Jaqueta Slim Azul,Moda,Jaqueta,FORN-088,5,106.92,187.33,730,25,705,109,2024-04-25,Em Estoque,448,0.0903,75378.6,132067.65,1.75,False,False
SKU-02674,Porta-Retrato Exclusivo Rosa,Lifestyle,Porta-Retrato,FORN-047,10,136.29,281.33,1,1,0,126,2025-07-05,Ruptura,448,0.0823,0.0,0.0,2.06,True,False
SKU-02675,Base Líquida Delicado Branco,Beleza,Base Líquida,FORN-082,45,214.35,523.72,0,0,0,107,2025-07-24,Ruptura,241,0.0921,0.0,0.0,2.44,True,False
SKU-02676,Sérum Facial Slim Vermelho,Beleza,Sérum Facial,FORN-076,45,262.11,604.82,313,84,229,95,2023-09-27,Em Estoque,568,0.4457,60023.19,138503.78,2.31,False,False
SKU-02677,Shorts Slim Branco,Moda,Shorts,FORN-004,58,167.77,400.39,557,120,437,66,2023-02-14,Em Estoque,448,0.4376,73315.49,174970.43,2.39,False,False
SKU-02678,Colar Clássico Azul,Acessórios,Colar,FORN-100,51,151.69,422.92,433,3,430,127,2023-02-21,Em Estoque,448,0.3438,65226.7,181855.6,2.79,False,False
SKU-02679,Espelho de Mesa Exclusivo Verde,Lifestyle,Espelho de Mesa,FORN-004,50,112.68,299.06,177,40,137,17,2024-07-15,Em Estoque,448,0.2709,15437.16,40971.22,2.65,False,False
SKU-02680,Jaqueta Urban Azul,Moda,Jaqueta,FORN-100,48,209.85,362.82,466,81,385,101,2024-12-26,Em Estoque,448,0.2819,80792.25,139685.7,1.73,False,False
SKU-02681,Planta Artificial Sport Bege,Lifestyle,Planta Artificial,FORN-038,14,87.55,140.89,400,23,377,139,2025-09-03,Em Estoque,448,0.3271,33006.35,53115.53,1.61,False,False
SKU-02682,Camisa Social Luxo Verde,Moda,Camisa Social,FORN-018,48,341.0,1021.88,561,106,455,120,2023-06-02,Em Estoque,448,0.3799,155155.0,464955.4,3.0,False,False
SKU-02683,Protetor Solar Sport Bege,Beleza,Protetor Solar,FORN-036,14,44.08,133.11,151,15,136,23,2023-12-25,Em Estoque,226,0.3712,5994.88,18102.96,3.02,False,False
SKU-02684,Shorts Artesanal Vermelho,Moda,Shorts,FORN-020,52,233.24,561.95,288,86,202,69,2024-11-13,Em Estoque,448,0.106,47114.48,113513.9,2.41,False,False
SKU-02685,Creme Hidratante Clássico Prata,Beleza,Creme Hidratante,FORN-097,10,300.2,489.52,115,1,114,143,2024-11-09,Estoque Crítico,278,0.1445,34222.8,55805.28,1.63,True,False
SKU-02686,Protetor Solar Luxo Bege,Beleza,Protetor Solar,FORN-076,46,215.83,625.78,170,3,167,79,2025-09-28,Em Estoque,208,0.4183,36043.61,104505.26,2.9,False,False
SKU-02687,Vestido Moderno Dourado,Moda,Vestido,FORN-063,7,59.81,154.48,494,65,429,130,2025-12-08,Em Estoque,448,0.3462,25658.49,66271.92,2.58,False,False
SKU-02688,Blush Slim Preto,Beleza,Blush,FORN-004,51,289.81,629.02,270,64,206,80,2025-07-11,Em Estoque,393,0.24,59700.86,129578.12,2.17,False,False
SKU-02689,Espelho de Mesa Edição Limitada Vermelho,Lifestyle,Espelho de Mesa,FORN-049,5,188.14,366.98,193,46,147,24,2024-08-09,Em Estoque,448,0.0043,27656.58,53946.06,1.95,False,False
SKU-02690,Camiseta Moderno Vermelho,Moda,Camiseta,FORN-067,51,210.41,388.45,135,37,98,82,2023-05-07,Em Estoque,448,0.3871,20620.18,38068.1,1.85,False,False
SKU-02691,Camiseta Clássico Vermelho,Moda,Camiseta,FORN-078,10,203.6,469.47,135,27,108,117,2025-05-18,Estoque Crítico,448,0.4677,21988.8,50702.76,2.31,True,False
SKU-02692,Legging Básico Vermelho,Moda,Legging,FORN-026,57,198.55,339.76,1063,283,780,27,2023-06-08,Em Estoque,448,0.4433,154869.0,265012.8,1.71,False,False
SKU-02693,Regata Moderno Nude,Moda,Regata,FORN-029,45,99.49,258.53,775,34,741,111,2023-09-21,Em Estoque,448,0.1735,73722.09,191570.73,2.6,False,False
SKU-02694,Regata Luxo Dourado,Moda,Regata,FORN-031,9,287.83,474.43,86,25,61,135,2025-05-15,Estoque Crítico,448,0.4892,17557.63,28940.23,1.65,True,False
SKU-02695,Saia Moderno Dourado,Moda,Saia,FORN-060,5,124.67,316.85,827,117,710,146,2023-10-10,Em Estoque,448,0.3961,88515.7,224963.5,2.54,False,False
SKU-02696,Brinco Artesanal Dourado,Acessórios,Brinco,FORN-058,52,251.65,440.53,475,8,467,61,2025-05-01,Em Estoque,448,0.1036,117520.55,205727.51,1.75,False,False
SKU-02697,Lenço Luxo Nude,Acessórios,Lenço,FORN-013,5,217.18,606.65,150,7,143,137,2024-07-20,Em Estoque,448,0.4453,31056.74,86750.95,2.79,False,False
SKU-02698,Legging Clássico Branco,Moda,Legging,FORN-088,13,270.89,652.84,677,17,660,118,2025-10-04,Em Estoque,448,0.2536,178787.4,430874.4,2.41,False,False
SKU-02699,Moletom Moderno Rosa,Moda,Moletom,FORN-098,47,65.11,131.65,339,71,268,117,2024-02-05,Em Estoque,448,0.4048,17449.48,35282.2,2.02,False,False
SKU-02700,Planta Artificial Luxo Branco,Lifestyle,Planta Artificial,FORN-071,7,339.59,862.2,60,5,55,135,2025-10-21,Estoque Crítico,448,0.4241,18677.45,47421.0,2.54,True,False
SKU-02701,Esfoliante Clássico Rosa,Beleza,Esfoliante,FORN-074,47,257.32,578.18,326,67,259,84,2023-12-23,Em Estoque,522,0.438,66645.88,149748.62,2.25,False,False
SKU-02702,Legging Moderno Preto,Moda,Legging,FORN-091,53,101.51,308.46,728,94,634,113,2024-01-16,Em Estoque,448,0.2182,64357.34,195563.64,3.04,False,False
SKU-02703,Creme Hidratante Slim Prata,Beleza,Creme Hidratante,FORN-091,48,122.97,256.85,2,0,2,79,2023-08-12,Estoque Crítico,332,0.12,245.94,513.7,2.09,True,False
SKU-02704,Carteira Premium Vermelho,Acessórios,Carteira,FORN-040,5,188.92,602.08,248,20,228,115,2025-12-06,Em Estoque,448,0.2813,43073.76,137274.24,3.19,False,False
SKU-02705,Caderno Sport Rosa,Lifestyle,Caderno,FORN-020,59,371.09,1034.68,132,37,95,134,2025-12-20,Estoque Crítico,448,0.0755,35253.55,98294.6,2.79,True,False
SKU-02706,Carteira Delicado Nude,Acessórios,Carteira,FORN-062,8,328.73,740.49,421,112,309,92,2024-08-24,Em Estoque,448,0.2549,101577.57,228811.41,2.25,False,False
SKU-02707,Planta Artificial Sport Azul,Lifestyle,Planta Artificial,FORN-086,12,365.72,1117.79,429,82,347,58,2025-12-23,Em Estoque,448,0.3241,126904.84,387873.13,3.06,False,False
SKU-02708,Condicionador Edição Limitada Dourado,Beleza,Condicionador,FORN-059,6,232.13,443.85,205,0,205,37,2024-05-08,Em Estoque,443,0.0316,47586.65,90989.25,1.91,False,False
SKU-02709,Brinco Edição Limitada Preto,Acessórios,Brinco,FORN-006,54,65.95,200.53,209,43,166,111,2024-08-12,Em Estoque,448,0.3884,10947.7,33287.98,3.04,False,False
SKU-02710,Calça Jeans Clássico Dourado,Moda,Calça Jeans,FORN-074,59,58.98,134.94,759,2,757,115,2024-03-23,Em Estoque,448,0.2852,44647.86,102149.58,2.29,False,False
SKU-02711,Sérum Facial Sport Rosa,Beleza,Sérum Facial,FORN-027,13,228.15,401.8,465,104,361,128,2024-03-28,Em Estoque,628,0.0183,82362.15,145049.8,1.76,False,False
SKU-02712,Almofada Moderno Branco,Lifestyle,Almofada,FORN-051,15,393.93,776.6,34,5,29,140,2024-07-09,Estoque Crítico,448,0.443,11423.97,22521.4,1.97,True,False
SKU-02713,Moletom Premium Rosa,Moda,Moletom,FORN-050,59,395.76,957.66,609,111,498,15,2024-12-04,Em Estoque,448,0.398,197088.48,476914.68,2.42,False,False
SKU-02714,Esfoliante Luxo Bege,Beleza,Esfoliante,FORN-051,6,110.27,181.64,319,60,259,67,2023-03-05,Em Estoque,236,0.408,28559.93,47044.76,1.65,False,False
SKU-02715,Luminária Sustentável Vermelho,Lifestyle,Luminária,FORN-052,55,128.87,207.07,119,11,108,81,2023-11-21,Em Estoque,448,0.4314,13917.96,22363.56,1.61,False,False
SKU-02716,Colar Moderno Verde,Acessórios,Colar,FORN-029,50,379.12,910.24,222,9,213,129,2025-11-01,Em Estoque,448,0.4448,80752.56,193881.12,2.4,False,False
SKU-02717,Regata Premium Verde,Moda,Regata,FORN-058,52,90.98,178.11,794,219,575,108,2024-06-11,Em Estoque,448,0.0676,52313.5,102413.25,1.96,False,False
SKU-02718,Calça Jeans Premium Dourado,Moda,Calça Jeans,FORN-002,10,272.93,865.42,8,0,8,105,2023-09-13,Estoque Crítico,448,0.2663,2183.44,6923.36,3.17,True,False
SKU-02719,Colar Slim Branco,Acessórios,Colar,FORN-017,51,150.6,403.28,298,89,209,149,2025-07-21,Em Estoque,448,0.4669,31475.4,84285.52,2.68,False,False
SKU-02720,Kit Skincare Clássico Vermelho,Beleza,Kit Skincare,FORN-032,10,183.74,304.27,331,23,308,95,2025-06-03,Em Estoque,674,0.4004,56591.92,93715.16,1.66,False,False
SKU-02721,Pochete Sport Verde,Acessórios,Pochete,FORN-010,51,200.36,487.59,301,42,259,65,2023-03-15,Em Estoque,448,0.1343,51893.24,126285.81,2.43,False,False
SKU-02722,Brinco Exclusivo Preto,Acessórios,Brinco,FORN-086,6,257.28,614.39,352,20,332,38,2023-05-14,Em Estoque,448,0.199,85416.96,203977.48,2.39,False,False
SKU-02723,Difusor Oversize Bege,Lifestyle,Difusor,FORN-090,11,312.61,624.35,415,18,397,42,2025-05-25,Em Estoque,448,0.371,124106.17,247866.95,2.0,False,False
SKU-02724,Sérum Facial Básico Rosa,Beleza,Sérum Facial,FORN-068,6,83.77,230.61,37,9,28,147,2024-01-25,Estoque Crítico,437,0.1239,2345.56,6457.08,2.75,True,False
SKU-02725,Almofada Exclusivo Branco,Lifestyle,Almofada,FORN-018,57,215.82,513.66,474,63,411,12,2025-01-17,Em Estoque,448,0.1625,88702.02,211114.26,2.38,False,False
SKU-02726,Kit Skincare Artesanal Preto,Beleza,Kit Skincare,FORN-043,15,365.45,881.68,279,15,264,78,2023-04-07,Em Estoque,205,0.1706,96478.8,232763.52,2.41,False,False
SKU-02727,Legging Básico Preto,Moda,Legging,FORN-044,11,392.75,1074.69,349,66,283,120,2025-10-02,Em Estoque,448,0.4808,111148.25,304137.27,2.74,False,False
SKU-02728,Difusor Básico Vermelho,Lifestyle,Difusor,FORN-090,11,235.99,535.42,455,35,420,29,2023-05-14,Em Estoque,448,0.4149,99115.8,224876.4,2.27,False,False
SKU-02729,Porta-Retrato Exclusivo Branco,Lifestyle,Porta-Retrato,FORN-020,56,235.07,701.05,203,49,154,50,2023-08-27,Em Estoque,448,0.3113,36200.78,107961.7,2.98,False,False
SKU-02730,Almofada Artesanal Verde,Lifestyle,Almofada,FORN-077,47,341.95,759.84,441,38,403,10,2023-04-03,Em Estoque,448,0.1306,137805.85,306215.52,2.22,False,False
SKU-02731,Batom Urban Verde,Beleza,Batom,FORN-064,6,308.42,686.29,251,65,186,34,2023-01-10,Em Estoque,533,0.4248,57366.12,127649.94,2.23,False,False
SKU-02732,Regata Artesanal Vermelho,Moda,Regata,FORN-038,15,58.16,118.24,40,2,38,92,2023-03-25,Estoque Crítico,448,0.0644,2210.08,4493.12,2.03,True,False
SKU-02733,Saia Clássico Rosa,Moda,Saia,FORN-094,60,166.51,291.47,190,57,133,65,2025-10-12,Em Estoque,448,0.4663,22145.83,38765.51,1.75,False,False
SKU-02734,Creme Hidratante Oversize Prata,Beleza,Creme Hidratante,FORN-051,6,211.51,342.92,165,32,133,61,2025-04-10,Em Estoque,217,0.2595,28130.83,45608.36,1.62,False,False
SKU-02735,Esfoliante Luxo Rosa,Beleza,Esfoliante,FORN-019,15,262.85,637.13,180,36,144,149,2025-02-19,Estoque Crítico,356,0.0086,37850.4,91746.72,2.42,True,False
SKU-02736,Óleo Corporal Edição Limitada Nude,Beleza,Óleo Corporal,FORN-026,50,160.77,492.69,0,0,0,127,2024-12-06,Ruptura,604,0.2699,0.0,0.0,3.06,True,False
SKU-02737,Vestido Sustentável Verde,Moda,Vestido,FORN-030,9,66.65,128.59,757,192,565,98,2024-11-16,Em Estoque,448,0.4108,37657.25,72653.35,1.93,False,False
SKU-02738,Vela Aromática Clássico Bege,Lifestyle,Vela Aromática,FORN-066,5,53.41,124.28,41,10,31,16,2024-03-19,Em Estoque,448,0.4339,1655.71,3852.68,2.33,False,False
SKU-02739,Legging Edição Limitada Nude,Moda,Legging,FORN-037,9,192.84,548.27,497,72,425,73,2025-02-01,Em Estoque,448,0.094,81957.0,233014.75,2.84,False,False
SKU-02740,Legging Básico Prata,Moda,Legging,FORN-056,15,304.4,957.68,586,108,478,118,2025-08-24,Em Estoque,448,0.2416,145503.2,457771.04,3.15,False,False
SKU-02741,Condicionador Premium Branco,Beleza,Condicionador,FORN-011,15,351.54,728.55,282,29,253,140,2024-04-24,Em Estoque,357,0.1977,88939.62,184323.15,2.07,False,False
SKU-02742,Relógio de Parede Exclusivo Dourado,Lifestyle,Relógio de Parede,FORN-061,60,318.62,893.63,329,28,301,58,2025-05-05,Em Estoque,448,0.1067,95904.62,268982.63,2.8,False,False
SKU-02743,Camisa Social Clássico Bege,Moda,Camisa Social,FORN-034,49,156.83,442.68,488,46,442,126,2024-05-12,Em Estoque,448,0.1702,69318.86,195664.56,2.82,False,False
SKU-02744,Calça Jeans Urban Prata,Moda,Calça Jeans,FORN-068,10,90.95,160.04,288,55,233,18,2023-12-13,Em Estoque,448,0.1159,21191.35,37289.32,1.76,False,False
SKU-02745,Planta Artificial Sustentável Prata,Lifestyle,Planta Artificial,FORN-065,9,87.01,248.33,388,95,293,83,2024-06-23,Em Estoque,448,0.4423,25493.93,72760.69,2.85,False,False
SKU-02746,Garrafa Térmica Oversize Prata,Lifestyle,Garrafa Térmica,FORN-077,54,189.89,448.08,450,98,352,72,2025-10-06,Em Estoque,448,0.1214,66841.28,157724.16,2.36,False,False
SKU-02747,Sérum Facial Clássico Verde,Beleza,Sérum Facial,FORN-040,11,50.86,115.53,340,90,250,131,2025-05-14,Em Estoque,635,0.3228,12715.0,28882.5,2.27,False,False
SKU-02748,Condicionador Básico Prata,Beleza,Condicionador,FORN-098,58,101.79,230.33,470,20,450,67,2025-06-20,Em Estoque,515,0.4891,45805.5,103648.5,2.26,False,False
SKU-02749,Sombra Básico Branco,Beleza,Sombra,FORN-092,55,304.36,571.18,487,85,402,23,2023-10-09,Em Estoque,612,0.0697,122352.72,229614.36,1.88,False,False
SKU-02750,Planta Artificial Delicado Nude,Lifestyle,Planta Artificial,FORN-049,10,130.98,410.74,483,126,357,128,2025-02-23,Em Estoque,448,0.3139,46759.86,146634.18,3.14,False,False
SKU-02751,Vestido Premium Preto,Moda,Vestido,FORN-071,15,66.86,191.38,99,5,94,139,2024-11-14,Estoque Crítico,448,0.2985,6284.84,17989.72,2.86,True,False
SKU-02752,Óleo Corporal Básico Verde,Beleza,Óleo Corporal,FORN-063,10,242.75,430.22,443,10,433,111,2024-02-21,Em Estoque,194,0.3322,105110.75,186285.26,1.77,False,False
SKU-02753,Legging Slim Verde,Moda,Legging,FORN-066,12,362.08,737.43,1089,150,939,110,2024-06-23,Em Estoque,448,0.31,339993.12,692446.77,2.04,False,False
SKU-02754,Garrafa Térmica Luxo Preto,Lifestyle,Garrafa Térmica,FORN-045,6,193.52,491.18,79,23,56,94,2023-03-21,Estoque Crítico,448,0.1094,10837.12,27506.08,2.54,True,False
SKU-02755,Pulseira Delicado Azul,Acessórios,Pulseira,FORN-042,52,378.93,887.18,345,57,288,133,2024-08-07,Em Estoque,448,0.3614,109131.84,255507.84,2.34,False,False
SKU-02756,Luminária Delicado Verde,Lifestyle,Luminária,FORN-069,12,142.61,275.37,35,0,35,86,2025-11-19,Estoque Crítico,448,0.2194,4991.35,9637.95,1.93,True,False
SKU-02757,Camiseta Sustentável Dourado,Moda,Camiseta,FORN-010,50,349.63,576.1,1076,295,781,19,2024-05-13,Em Estoque,448,0.3543,273061.03,449934.1,1.65,False,False
SKU-02758,Condicionador Sustentável Rosa,Beleza,Condicionador,FORN-061,49,321.59,976.57,383,11,372,127,2023-03-10,Em Estoque,613,0.2507,119631.48,363284.04,3.04,False,False
SKU-02759,Vela Aromática Moderno Bege,Lifestyle,Vela Aromática,FORN-045,8,167.01,531.47,469,95,374,46,2024-06-18,Em Estoque,448,0.3682,62461.74,198769.78,3.18,False,False
SKU-02760,Protetor Solar Oversize Preto,Beleza,Protetor Solar,FORN-061,47,303.52,806.73,90,16,74,67,2025-10-10,Em Estoque,454,0.4737,22460.48,59698.02,2.66,False,False
SKU-02761,Esfoliante Básico Bege,Beleza,Esfoliante,FORN-088,11,53.5,137.76,327,77,250,62,2025-07-22,Em Estoque,289,0.3857,13375.0,34440.0,2.57,False,False
SKU-02762,Blush Oversize Vermelho,Beleza,Blush,FORN-090,9,117.15,296.17,390,4,386,91,2023-11-20,Em Estoque,582,0.4444,45219.9,114321.62,2.53,False,False
SKU-02763,Sérum Facial Premium Vermelho,Beleza,Sérum Facial,FORN-026,57,75.14,231.5,405,6,399,101,2025-02-13,Em Estoque,653,0.4352,29980.86,92368.5,3.08,False,False
SKU-02764,Meias Luxo Preto,Acessórios,Meias,FORN-039,13,61.08,117.71,334,46,288,60,2025-12-16,Em Estoque,448,0.4968,17591.04,33900.48,1.93,False,False
SKU-02765,Kit Skincare Edição Limitada Verde,Beleza,Kit Skincare,FORN-021,60,370.33,1118.0,391,102,289,91,2025-12-18,Em Estoque,242,0.168,107025.37,323102.0,3.02,False,False
SKU-02766,Camisa Social Artesanal Preto,Moda,Camisa Social,FORN-061,47,394.56,1069.03,619,153,466,34,2024-05-23,Em Estoque,448,0.487,183864.96,498167.98,2.71,False,False
SKU-02767,Bolsa de Couro Premium Bege,Acessórios,Bolsa de Couro,FORN-074,52,102.42,277.83,53,6,47,42,2024-09-19,Em Estoque,448,0.4079,4813.74,13058.01,2.71,False,False
SKU-02768,Máscara de Cílios Básico Azul,Beleza,Máscara de Cílios,FORN-056,13,340.84,701.93,184,31,153,133,2023-12-05,Em Estoque,249,0.2636,52148.52,107395.29,2.06,False,False
SKU-02769,Top Urban Verde,Moda,Top,FORN-009,14,154.21,348.8,87,21,66,103,2024-09-20,Estoque Crítico,448,0.0791,10177.86,23020.8,2.26,True,False
SKU-02770,Blusa de Tricô Oversize Bege,Moda,Blusa de Tricô,FORN-089,13,142.8,340.49,26,6,20,59,2023-11-05,Estoque Crítico,448,0.3841,2856.0,6809.8,2.38,True,False
SKU-02771,Sombra Clássico Nude,Beleza,Sombra,FORN-029,52,155.59,284.72,437,112,325,144,2025-08-04,Em Estoque,539,0.4016,50566.75,92534.0,1.83,False,False
SKU-02772,Batom Slim Dourado,Beleza,Batom,FORN-021,58,219.97,460.99,377,63,314,78,2024-05-22,Descontinuado,334,0.4485,69070.58,144750.86,2.1,False,True
SKU-02773,Camiseta Básico Prata,Moda,Camiseta,FORN-046,46,220.01,369.31,552,103,449,89,2024-01-24,Em Estoque,448,0.2719,98784.49,165820.19,1.68,False,False
SKU-02774,Caderno Exclusivo Preto,Lifestyle,Caderno,FORN-014,5,233.56,613.52,455,107,348,134,2025-08-26,Em Estoque,448,0.1276,81278.88,213504.96,2.63,False,False
SKU-02775,Kit Skincare Moderno Dourado,Beleza,Kit Skincare,FORN-069,13,382.82,843.38,424,98,326,85,2024-06-08,Em Estoque,419,0.1509,124799.32,274941.88,2.2,False,False
SKU-02776,Creme Hidratante Sport Nude,Beleza,Creme Hidratante,FORN-053,8,95.48,226.02,457,37,420,49,2025-07-06,Em Estoque,256,0.1731,40101.6,94928.4,2.37,False,False
SKU-02777,Saia Slim Azul,Moda,Saia,FORN-071,15,209.52,431.88,568,29,539,84,2023-06-21,Descontinuado,448,0.2371,112931.28,232783.32,2.06,False,True
SKU-02778,Vela Aromática Artesanal Dourado,Lifestyle,Vela Aromática,FORN-083,14,182.29,465.25,138,22,116,134,2024-04-14,Estoque Crítico,448,0.1894,21145.64,53969.0,2.55,True,False
SKU-02779,Condicionador Sport Verde,Beleza,Condicionador,FORN-075,48,250.47,438.08,384,38,346,134,2025-04-13,Em Estoque,631,0.3231,86662.62,151575.68,1.75,False,False
SKU-02780,Perfume Sustentável Rosa,Beleza,Perfume,FORN-065,14,279.55,602.2,335,46,289,125,2023-04-04,Em Estoque,728,0.1273,80789.95,174035.8,2.15,False,False
SKU-02781,Legging Artesanal Vermelho,Moda,Legging,FORN-009,11,112.4,281.36,185,16,169,132,2024-08-09,Em Estoque,448,0.3205,18995.6,47549.84,2.5,False,False
SKU-02782,Jaqueta Exclusivo Rosa,Moda,Jaqueta,FORN-066,12,188.86,418.06,74,19,55,30,2025-10-27,Em Estoque,448,0.1667,10387.3,22993.3,2.21,False,False
SKU-02783,Esfoliante Exclusivo Azul,Beleza,Esfoliante,FORN-017,50,329.31,548.23,398,3,395,25,2024-10-01,Em Estoque,296,0.2196,130077.45,216550.85,1.66,False,False
SKU-02784,Perfume Oversize Rosa,Beleza,Perfume,FORN-005,55,297.16,507.39,0,0,0,87,2023-05-14,Ruptura,660,0.0525,0.0,0.0,1.71,True,False
SKU-02785,Camisa Social Moderno Azul,Moda,Camisa Social,FORN-008,58,147.77,284.23,199,23,176,130,2024-10-22,Em Estoque,448,0.2856,26007.52,50024.48,1.92,False,False
SKU-02786,Óculos de Sol Exclusivo Bege,Acessórios,Óculos de Sol,FORN-094,48,245.88,753.86,268,62,206,135,2025-06-21,Em Estoque,448,0.3262,50651.28,155295.16,3.07,False,False
SKU-02787,Condicionador Sport Dourado,Beleza,Condicionador,FORN-025,12,343.74,783.69,24,7,17,126,2023-10-21,Estoque Crítico,707,0.3626,5843.58,13322.73,2.28,True,False
SKU-02788,Mochila Edição Limitada Preto,Acessórios,Mochila,FORN-073,60,269.79,861.5,257,41,216,95,2023-01-22,Em Estoque,448,0.1394,58274.64,186084.0,3.19,False,False
SKU-02789,Sérum Facial Sustentável Bege,Beleza,Sérum Facial,FORN-077,57,79.69,205.26,498,6,492,30,2023-08-20,Em Estoque,331,0.203,39207.48,100987.92,2.58,False,False
SKU-02790,Regata Clássico Verde,Moda,Regata,FORN-038,11,110.29,235.15,311,44,267,118,2024-02-03,Em Estoque,448,0.1604,29447.43,62785.05,2.13,False,False
SKU-02791,Condicionador Sport Dourado,Beleza,Condicionador,FORN-022,53,324.59,683.32,46,11,35,127,2025-01-17,Estoque Crítico,491,0.0046,11360.65,23916.2,2.11,True,False
SKU-02792,Blusa de Tricô Delicado Azul,Moda,Blusa de Tricô,FORN-089,13,326.44,712.72,759,158,601,132,2023-07-17,Em Estoque,448,0.31,196190.44,428344.72,2.18,False,False
SKU-02793,Condicionador Sustentável Preto,Beleza,Condicionador,FORN-045,6,323.05,957.29,209,38,171,116,2024-03-03,Em Estoque,727,0.0543,55241.55,163696.59,2.96,False,False
SKU-02794,Protetor Solar Exclusivo Dourado,Beleza,Protetor Solar,FORN-004,50,203.73,633.79,479,85,394,67,2024-10-27,Em Estoque,475,0.4893,80269.62,249713.26,3.11,False,False
SKU-02795,Porta-Retrato Slim Branco,Lifestyle,Porta-Retrato,FORN-029,60,59.3,117.78,445,109,336,59,2025-01-27,Em Estoque,448,0.1866,19924.8,39574.08,1.99,False,False
SKU-02796,Moletom Exclusivo Rosa,Moda,Moletom,FORN-088,13,97.59,290.48,797,132,665,41,2024-08-06,Em Estoque,448,0.1979,64897.35,193169.2,2.98,False,False
SKU-02797,Moletom Premium Vermelho,Moda,Moletom,FORN-061,60,161.13,498.61,577,62,515,93,2024-02-26,Descontinuado,448,0.4718,82981.95,256784.15,3.09,False,True
SKU-02798,Relógio de Parede Sustentável Dourado,Lifestyle,Relógio de Parede,FORN-085,49,154.44,250.05,20,1,19,94,2025-12-18,Estoque Crítico,448,0.3258,2934.36,4750.95,1.62,True,False
SKU-02799,Planta Artificial Básico Preto,Lifestyle,Planta Artificial,FORN-081,55,326.25,797.93,77,6,71,97,2024-09-10,Estoque Crítico,448,0.3783,23163.75,56653.03,2.45,True,False
SKU-02800,Relógio de Parede Clássico Preto,Lifestyle,Relógio de Parede,FORN-068,5,78.11,242.6,8,1,7,31,2024-01-26,Estoque Crítico,448,0.234,546.77,1698.2,3.11,True,False
SKU-02801,Colar Artesanal Azul,Acessórios,Colar,FORN-015,57,164.01,399.66,60,13,47,39,2023-06-21,Em Estoque,448,0.1918,7708.47,18784.02,2.44,False,False
SKU-02802,Protetor Solar Urban Rosa,Beleza,Protetor Solar,FORN-003,9,187.37,495.98,23,0,23,20,2024-06-18,Em Estoque,321,0.0659,4309.51,11407.54,2.65,False,False
SKU-02803,Batom Luxo Nude,Beleza,Batom,FORN-080,15,34.11,90.1,158,38,120,88,2025-04-11,Em Estoque,536,0.3698,4093.2,10812.0,2.64,False,False
SKU-02804,Cinto Luxo Prata,Acessórios,Cinto,FORN-006,52,319.63,712.77,287,27,260,113,2024-08-05,Em Estoque,448,0.1529,83103.8,185320.2,2.23,False,False
SKU-02805,Regata Sport Branco,Moda,Regata,FORN-063,5,219.11,428.03,1181,151,1030,57,2024-05-21,Em Estoque,448,0.3919,225683.3,440870.9,1.95,False,False
SKU-02806,Sombra Edição Limitada Vermelho,Beleza,Sombra,FORN-090,8,275.05,455.58,20,5,15,18,2024-06-07,Estoque Crítico,198,0.1373,4125.75,6833.7,1.66,True,False
SKU-02807,Meias Exclusivo Prata,Acessórios,Meias,FORN-095,11,208.41,388.72,161,6,155,87,2023-11-19,Em Estoque,448,0.3696,32303.55,60251.6,1.87,False,False
SKU-02808,Camisa Social Exclusivo Dourado,Moda,Camisa Social,FORN-027,6,209.17,339.33,604,29,575,111,2024-09-18,Em Estoque,448,0.4468,120272.75,195114.75,1.62,False,False
SKU-02809,Top Exclusivo Rosa,Moda,Top,FORN-049,14,61.26,115.72,98,3,95,107,2024-06-09,Estoque Crítico,448,0.4638,5819.7,10993.4,1.89,True,False
SKU-02810,Máscara de Cílios Oversize Dourado,Beleza,Máscara de Cílios,FORN-030,6,78.82,170.15,215,13,202,42,2024-07-19,Em Estoque,584,0.0869,15921.64,34370.3,2.16,False,False
SKU-02811,Chapéu Oversize Dourado,Acessórios,Chapéu,FORN-096,15,242.06,507.0,143,23,120,19,2025-01-21,Em Estoque,448,0.2533,29047.2,60840.0,2.09,False,False
SKU-02812,Difusor Sustentável Azul,Lifestyle,Difusor,FORN-084,8,54.03,115.57,253,12,241,118,2023-05-06,Em Estoque,448,0.4719,13021.23,27852.37,2.14,False,False
SKU-02813,Shorts Sustentável Branco,Moda,Shorts,FORN-054,55,34.02,68.85,589,110,479,76,2024-06-22,Em Estoque,448,0.3702,16295.58,32979.15,2.02,False,False
SKU-02814,Moletom Sport Nude,Moda,Moletom,FORN-037,10,117.64,312.43,587,29,558,66,2025-08-18,Descontinuado,448,0.2979,65643.12,174335.94,2.66,False,True
SKU-02815,Batom Clássico Preto,Beleza,Batom,FORN-078,8,328.02,948.88,227,31,196,110,2024-12-06,Em Estoque,357,0.4086,64291.92,185980.48,2.89,False,False
SKU-02816,Vela Aromática Sport Dourado,Lifestyle,Vela Aromática,FORN-037,15,276.83,580.68,133,17,116,10,2023-07-23,Em Estoque,448,0.1768,32112.28,67358.88,2.1,False,False
SKU-02817,Blusa de Tricô Oversize Verde,Moda,Blusa de Tricô,FORN-050,47,231.65,423.78,440,22,418,63,2025-05-04,Em Estoque,448,0.1807,96829.7,177140.04,1.83,False,False
SKU-02818,Camiseta Artesanal Verde,Moda,Camiseta,FORN-035,7,350.88,914.21,892,173,719,11,2024-07-18,Em Estoque,448,0.0318,252282.72,657316.99,2.61,False,False
SKU-02819,Cinto Exclusivo Bege,Acessórios,Cinto,FORN-090,5,186.67,439.29,77,12,65,58,2023-05-02,Em Estoque,448,0.093,12133.55,28553.85,2.35,False,False
SKU-02820,Blush Exclusivo Branco,Beleza,Blush,FORN-094,52,77.55,182.38,231,31,200,72,2023-07-05,Em Estoque,619,0.22,15510.0,36476.0,2.35,False,False
SKU-02821,Kit Skincare Oversize Prata,Beleza,Kit Skincare,FORN-066,6,240.64,710.19,390,49,341,147,2024-11-23,Em Estoque,481,0.2922,82058.24,242174.79,2.95,False,False
SKU-02822,Camisa Social Slim Rosa,Moda,Camisa Social,FORN-078,14,93.68,160.82,427,126,301,50,2025-07-14,Em Estoque,448,0.3549,28197.68,48406.82,1.72,False,False
SKU-02823,Sérum Facial Urban Verde,Beleza,Sérum Facial,FORN-030,11,266.67,809.64,330,64,266,63,2023-01-07,Em Estoque,306,0.4511,70934.22,215364.24,3.04,False,False
SKU-02824,Garrafa Térmica Luxo Branco,Lifestyle,Garrafa Térmica,FORN-062,12,246.81,529.77,154,2,152,63,2025-11-18,Em Estoque,448,0.1007,37515.12,80525.04,2.15,False,False
SKU-02825,Relógio de Parede Sport Branco,Lifestyle,Relógio de Parede,FORN-066,5,60.05,134.78,276,1,275,50,2023-07-05,Em Estoque,448,0.4345,16513.75,37064.5,2.24,False,False
SKU-02826,Pulseira Exclusivo Prata,Acessórios,Pulseira,FORN-089,14,264.89,578.67,99,2,97,38,2024-05-25,Em Estoque,448,0.4472,25694.33,56130.99,2.18,False,False
SKU-02827,Perfume Básico Verde,Beleza,Perfume,FORN-063,8,118.83,206.59,162,37,125,31,2023-11-13,Em Estoque,192,0.2506,14853.75,25823.75,1.74,False,False
SKU-02828,Garrafa Térmica Sport Vermelho,Lifestyle,Garrafa Térmica,FORN-046,46,130.09,216.03,72,13,59,54,2023-05-28,Em Estoque,448,0.2765,7675.31,12745.77,1.66,False,False
SKU-02829,Máscara de Cílios Oversize Branco,Beleza,Máscara de Cílios,FORN-082,49,350.15,1060.96,0,0,0,72,2024-01-14,Ruptura,241,0.2652,0.0,0.0,3.03,True,False
SKU-02830,Blusa de Tricô Luxo Dourado,Moda,Blusa de Tricô,FORN-079,14,208.64,551.35,1029,268,761,26,2023-10-20,Em Estoque,448,0.1776,158775.04,419577.35,2.64,False,False
SKU-02831,Mochila Exclusivo Vermelho,Acessórios,Mochila,FORN-054,56,38.85,95.32,214,11,203,110,2025-11-06,Em Estoque,448,0.0219,7886.55,19349.96,2.45,False,False
SKU-02832,Pochete Moderno Preto,Acessórios,Pochete,FORN-068,15,389.99,675.62,143,12,131,14,2023-10-01,Em Estoque,448,0.4771,51088.69,88506.22,1.73,False,False
SKU-02833,Camiseta Oversize Vermelho,Moda,Camiseta,FORN-023,11,322.51,764.93,1067,145,922,136,2024-09-27,Em Estoque,448,0.327,297354.22,705265.46,2.37,False,False
SKU-02834,Sombra Exclusivo Prata,Beleza,Sombra,FORN-079,7,43.98,82.21,116,34,82,40,2024-03-05,Em Estoque,392,0.0873,3606.36,6741.22,1.87,False,False
SKU-02835,Esfoliante Urban Bege,Beleza,Esfoliante,FORN-099,10,117.25,208.64,303,85,218,73,2025-11-28,Em Estoque,681,0.3857,25560.5,45483.52,1.78,False,False
SKU-02836,Protetor Solar Urban Branco,Beleza,Protetor Solar,FORN-065,13,172.69,362.31,307,34,273,126,2025-01-02,Em Estoque,357,0.3685,47144.37,98910.63,2.1,False,False
SKU-02837,Moletom Moderno Vermelho,Moda,Moletom,FORN-053,14,337.62,671.02,358,81,277,103,2025-01-09,Em Estoque,448,0.1688,93520.74,185872.54,1.99,False,False
SKU-02838,Saia Oversize Preto,Moda,Saia,FORN-002,12,304.12,958.25,631,187,444,58,2023-08-26,Em Estoque,448,0.3154,135029.28,425463.0,3.15,False,False
SKU-02839,Jaqueta Delicado Verde,Moda,Jaqueta,FORN-076,45,127.45,246.64,112,23,89,117,2025-07-09,Estoque Crítico,448,0.0102,11343.05,21950.96,1.94,True,False
SKU-02840,Shorts Edição Limitada Preto,Moda,Shorts,FORN-012,14,277.33,882.57,213,0,213,121,2023-03-26,Em Estoque,448,0.0282,59071.29,187987.41,3.18,False,False
SKU-02841,Base Líquida Edição Limitada Rosa,Beleza,Base Líquida,FORN-017,57,171.47,531.39,118,7,111,107,2023-05-02,Em Estoque,374,0.0536,19033.17,58984.29,3.1,False,False
SKU-02842,Calça Jeans Sport Dourado,Moda,Calça Jeans,FORN-016,54,140.25,431.13,1180,56,1124,102,2023-09-03,Em Estoque,448,0.3552,157641.0,484590.12,3.07,False,False
SKU-02843,Blusa de Tricô Edição Limitada Dourado,Moda,Blusa de Tricô,FORN-030,15,156.08,450.15,231,47,184,32,2024-07-08,Em Estoque,448,0.1326,28718.72,82827.6,2.88,False,False
SKU-02844,Camiseta Clássico Bege,Moda,Camiseta,FORN-068,11,202.0,354.81,406,95,311,118,2023-03-10,Em Estoque,448,0.4835,62822.0,110345.91,1.76,False,False
SKU-02845,Blush Sustentável Dourado,Beleza,Blush,FORN-037,6,272.43,688.69,188,30,158,31,2024-06-07,Em Estoque,687,0.432,43043.94,108813.02,2.53,False,False
SKU-02846,Kit Skincare Luxo Dourado,Beleza,Kit Skincare,FORN-089,15,312.0,580.68,62,10,52,144,2024-09-20,Estoque Crítico,716,0.2978,16224.0,30195.36,1.86,True,False
SKU-02847,Luminária Luxo Prata,Lifestyle,Luminária,FORN-032,6,201.39,356.34,443,29,414,33,2023-05-06,Em Estoque,448,0.0589,83375.46,147524.76,1.77,False,False
SKU-02848,Regata Slim Verde,Moda,Regata,FORN-040,11,187.05,321.54,688,113,575,29,2025-08-27,Em Estoque,448,0.1326,107553.75,184885.5,1.72,False,False
SKU-02849,Sérum Facial Urban Vermelho,Beleza,Sérum Facial,FORN-052,55,137.9,428.91,335,6,329,148,2024-08-24,Em Estoque,187,0.4465,45369.1,141111.39,3.11,False,False
SKU-02850,Condicionador Básico Dourado,Beleza,Condicionador,FORN-052,47,195.37,433.55,105,2,103,39,2023-11-05,Em Estoque,272,0.3327,20123.11,44655.65,2.22,False,False
SKU-02851,Esfoliante Básico Dourado,Beleza,Esfoliante,FORN-021,45,376.26,1182.85,0,0,0,101,2024-05-01,Ruptura,245,0.3332,0.0,0.0,3.14,True,False
SKU-02852,Meias Oversize Rosa,Acessórios,Meias,FORN-017,57,294.66,806.0,447,112,335,48,2024-02-04,Em Estoque,448,0.1408,98711.1,270010.0,2.74,False,False
SKU-02853,Legging Clássico Rosa,Moda,Legging,FORN-085,47,337.76,677.4,484,74,410,111,2024-03-09,Em Estoque,448,0.2646,138481.6,277734.0,2.01,False,False
SKU-02854,Camiseta Urban Vermelho,Moda,Camiseta,FORN-038,7,302.09,868.37,432,66,366,112,2023-04-17,Em Estoque,448,0.4708,110564.94,317823.42,2.87,False,False
SKU-02855,Difusor Urban Verde,Lifestyle,Difusor,FORN-079,7,110.47,339.25,216,50,166,91,2023-02-28,Em Estoque,448,0.144,18338.02,56315.5,3.07,False,False
SKU-02856,Jaqueta Delicado Azul,Moda,Jaqueta,FORN-013,11,305.78,621.51,434,82,352,83,2023-02-23,Em Estoque,448,0.2384,107634.56,218771.52,2.03,False,False
SKU-02857,Cinto Básico Azul,Acessórios,Cinto,FORN-083,15,130.43,297.44,453,61,392,36,2025-01-16,Em Estoque,448,0.4241,51128.56,116596.48,2.28,False,False
SKU-02858,Saia Exclusivo Vermelho,Moda,Saia,FORN-074,55,192.09,422.83,114,33,81,68,2023-05-04,Em Estoque,448,0.162,15559.29,34249.23,2.2,False,False
SKU-02859,Colar Urban Rosa,Acessórios,Colar,FORN-063,9,338.37,671.57,136,14,122,105,2025-11-28,Em Estoque,448,0.1251,41281.14,81931.54,1.98,False,False
SKU-02860,Kit Chá Premium Branco,Lifestyle,Kit Chá,FORN-086,11,210.75,458.68,428,92,336,71,2023-11-26,Em Estoque,448,0.2424,70812.0,154116.48,2.18,False,False
SKU-02861,Bolsa de Couro Slim Preto,Acessórios,Bolsa de Couro,FORN-073,51,200.03,346.49,382,14,368,142,2024-10-13,Em Estoque,448,0.3486,73611.04,127508.32,1.73,False,False
SKU-02862,Camiseta Sport Nude,Moda,Camiseta,FORN-046,50,234.57,498.25,672,8,664,99,2024-10-05,Em Estoque,448,0.2658,155754.48,330838.0,2.12,False,False
SKU-02863,Máscara de Cílios Edição Limitada Vermelho,Beleza,Máscara de Cílios,FORN-065,5,170.76,329.36,449,44,405,83,2023-07-21,Em Estoque,534,0.4311,69157.8,133390.8,1.93,False,False
SKU-02864,Legging Sport Vermelho,Moda,Legging,FORN-023,12,214.86,650.4,945,27,918,110,2025-04-03,Em Estoque,448,0.0759,197241.48,597067.2,3.03,False,False
SKU-02865,Difusor Sustentável Nude,Lifestyle,Difusor,FORN-043,14,73.03,181.63,398,105,293,51,2023-04-03,Em Estoque,448,0.1957,21397.79,53217.59,2.49,False,False
SKU-02866,Óleo Corporal Premium Azul,Beleza,Óleo Corporal,FORN-067,56,378.29,1145.11,0,0,0,54,2025-08-23,Ruptura,447,0.0469,0.0,0.0,3.03,True,False
SKU-02867,Vestido Sustentável Dourado,Moda,Vestido,FORN-025,7,96.59,255.08,238,32,206,56,2023-11-10,Em Estoque,448,0.0069,19897.54,52546.48,2.64,False,False
SKU-02868,Camiseta Sustentável Nude,Moda,Camiseta,FORN-031,12,119.14,261.08,520,73,447,46,2024-01-28,Em Estoque,448,0.4982,53255.58,116702.76,2.19,False,False
SKU-02869,Blusa de Tricô Moderno Preto,Moda,Blusa de Tricô,FORN-099,14,158.37,428.0,756,125,631,136,2025-12-20,Em Estoque,448,0.1484,99931.47,270068.0,2.7,False,False
SKU-02870,Kit Chá Moderno Dourado,Lifestyle,Kit Chá,FORN-075,56,192.46,376.46,369,80,289,35,2024-11-26,Em Estoque,448,0.0647,55620.94,108796.94,1.96,False,False
SKU-02871,Jaqueta Oversize Branco,Moda,Jaqueta,FORN-014,15,357.5,614.13,509,7,502,131,2024-04-12,Em Estoque,448,0.3385,179465.0,308293.26,1.72,False,False
SKU-02872,Shorts Edição Limitada Nude,Moda,Shorts,FORN-036,13,336.27,975.19,728,26,702,53,2023-03-27,Em Estoque,448,0.0915,236061.54,684583.38,2.9,False,False
SKU-02873,Bolsa de Couro Exclusivo Dourado,Acessórios,Bolsa de Couro,FORN-032,13,305.99,923.59,440,121,319,25,2025-10-10,Em Estoque,448,0.4157,97610.81,294625.21,3.02,False,False
SKU-02874,Saia Premium Prata,Moda,Saia,FORN-046,59,384.34,741.07,630,28,602,118,2025-09-06,Em Estoque,448,0.3251,231372.68,446124.14,1.93,False,False
SKU-02875,Kit Skincare Delicado Nude,Beleza,Kit Skincare,FORN-027,12,45.69,80.9,118,4,114,124,2025-05-09,Estoque Crítico,432,0.2706,5208.66,9222.6,1.77,True,False
SKU-02876,Top Slim Dourado,Moda,Top,FORN-095,8,226.62,397.3,213,32,181,78,2024-03-10,Em Estoque,448,0.1573,41018.22,71911.3,1.75,False,False
SKU-02877,Saia Premium Preto,Moda,Saia,FORN-042,52,368.92,780.29,519,52,467,77,2025-12-04,Em Estoque,448,0.3897,172285.64,364395.43,2.12,False,False
SKU-02878,Regata Delicado Bege,Moda,Regata,FORN-073,52,216.64,458.24,139,34,105,81,2024-08-19,Em Estoque,448,0.3821,22747.2,48115.2,2.12,False,False
SKU-02879,Lenço Sustentável Verde,Acessórios,Lenço,FORN-029,59,46.66,102.36,394,37,357,35,2024-04-07,Em Estoque,448,0.2237,16657.62,36542.52,2.19,False,False
SKU-02880,Moletom Edição Limitada Dourado,Moda,Moletom,FORN-008,57,101.0,307.92,470,110,360,33,2023-10-11,Em Estoque,448,0.1109,36360.0,110851.2,3.05,False,False
SKU-02881,Blush Moderno Branco,Beleza,Blush,FORN-025,9,280.37,551.93,252,9,243,129,2023-04-16,Em Estoque,396,0.0147,68129.91,134118.99,1.97,False,False
SKU-02882,Regata Artesanal Bege,Moda,Regata,FORN-007,5,128.98,396.13,888,73,815,34,2024-03-27,Em Estoque,448,0.4869,105118.7,322845.95,3.07,False,False
SKU-02883,Shorts Edição Limitada Prata,Moda,Shorts,FORN-035,12,112.66,245.18,834,241,593,94,2023-10-22,Em Estoque,448,0.1683,66807.38,145391.74,2.18,False,False
SKU-02884,Mochila Delicado Dourado,Acessórios,Mochila,FORN-080,15,65.47,107.29,230,20,210,18,2025-06-16,Em Estoque,448,0.3311,13748.7,22530.9,1.64,False,False
SKU-02885,Protetor Solar Oversize Verde,Beleza,Protetor Solar,FORN-002,13,57.51,147.64,410,101,309,116,2025-12-09,Em Estoque,625,0.164,17770.59,45620.76,2.57,False,False
SKU-02886,Planta Artificial Delicado Branco,Lifestyle,Planta Artificial,FORN-094,59,120.15,383.72,17,2,15,76,2023-11-12,Estoque Crítico,448,0.4522,1802.25,5755.8,3.19,True,False
SKU-02887,Brinco Sport Verde,Acessórios,Brinco,FORN-054,60,323.07,661.96,288,22,266,22,2023-12-13,Em Estoque,448,0.3996,85936.62,176081.36,2.05,False,False
SKU-02888,Kit Skincare Urban Azul,Beleza,Kit Skincare,FORN-005,45,47.19,142.27,442,20,422,87,2023-06-24,Em Estoque,670,0.0105,19914.18,60037.94,3.01,False,False
SKU-02889,Shorts Delicado Rosa,Moda,Shorts,FORN-056,10,137.55,276.72,700,9,691,15,2024-12-14,Em Estoque,448,0.18,95047.05,191213.52,2.01,False,False
SKU-02890,Batom Exclusivo Azul,Beleza,Batom,FORN-038,13,327.7,708.36,184,26,158,14,2024-09-19,Em Estoque,468,0.1988,51776.6,111920.88,2.16,False,False
SKU-02891,Saia Edição Limitada Preto,Moda,Saia,FORN-011,8,221.53,601.38,616,20,596,32,2025-02-06,Em Estoque,448,0.0543,132031.88,358422.48,2.71,False,False
SKU-02892,Caderno Clássico Verde,Lifestyle,Caderno,FORN-008,48,159.89,340.22,11,2,9,71,2023-06-01,Estoque Crítico,448,0.2202,1439.01,3061.98,2.13,True,False
SKU-02893,Difusor Delicado Dourado,Lifestyle,Difusor,FORN-033,47,260.14,700.82,246,61,185,109,2023-02-21,Descontinuado,448,0.4812,48125.9,129651.7,2.69,False,True
SKU-02894,Vestido Sport Azul,Moda,Vestido,FORN-016,59,172.76,292.42,370,48,322,35,2024-09-09,Em Estoque,448,0.1398,55628.72,94159.24,1.69,False,False
SKU-02895,Creme Hidratante Oversize Prata,Beleza,Creme Hidratante,FORN-078,7,115.49,241.75,482,138,344,68,2023-09-25,Em Estoque,270,0.4282,39728.56,83162.0,2.09,False,False
SKU-02896,Kit Chá Urban Bege,Lifestyle,Kit Chá,FORN-035,15,278.66,788.02,477,40,437,127,2025-12-11,Em Estoque,448,0.0471,121774.42,344364.74,2.83,False,False
SKU-02897,Colar Exclusivo Nude,Acessórios,Colar,FORN-040,5,357.85,901.46,158,24,134,96,2025-05-13,Em Estoque,448,0.4853,47951.9,120795.64,2.52,False,False
SKU-02898,Esfoliante Sport Rosa,Beleza,Esfoliante,FORN-072,13,207.85,338.64,490,122,368,72,2024-07-22,Em Estoque,668,0.2096,76488.8,124619.52,1.63,False,False
SKU-02899,Camisa Social Sustentável Azul,Moda,Camisa Social,FORN-058,46,142.22,289.94,151,36,115,35,2025-08-04,Em Estoque,448,0.4235,16355.3,33343.1,2.04,False,False
SKU-02900,Creme Hidratante Sustentável Vermelho,Beleza,Creme Hidratante,FORN-059,11,181.54,566.52,385,7,378,30,2025-02-20,Em Estoque,553,0.0827,68622.12,214144.56,3.12,False,False
SKU-02901,Porta-Retrato Oversize Nude,Lifestyle,Porta-Retrato,FORN-085,51,63.03,144.74,296,63,233,13,2025-06-14,Em Estoque,448,0.2243,14685.99,33724.42,2.3,False,False
SKU-02902,Sérum Facial Urban Verde,Beleza,Sérum Facial,FORN-084,11,298.79,579.68,456,106,350,134,2023-11-10,Em Estoque,636,0.2393,104576.5,202888.0,1.94,False,False
SKU-02903,Base Líquida Slim Preto,Beleza,Base Líquida,FORN-046,59,341.43,801.99,473,14,459,44,2024-12-01,Em Estoque,468,0.1288,156716.37,368113.41,2.35,False,False
SKU-02904,Top Luxo Nude,Moda,Top,FORN-089,14,353.66,747.33,798,161,637,65,2024-05-09,Em Estoque,448,0.2752,225281.42,476049.21,2.11,False,False
SKU-02905,Sombra Oversize Dourado,Beleza,Sombra,FORN-050,58,100.0,292.49,0,0,0,57,2023-12-11,Ruptura,529,0.4761,0.0,0.0,2.92,True,False
SKU-02906,Relógio de Parede Sustentável Bege,Lifestyle,Relógio de Parede,FORN-061,60,69.68,181.17,356,99,257,46,2024-07-19,Em Estoque,448,0.2542,17907.76,46560.69,2.6,False,False
SKU-02907,Sérum Facial Sport Prata,Beleza,Sérum Facial,FORN-075,53,339.77,1012.98,376,112,264,119,2024-01-08,Em Estoque,211,0.3942,89699.28,267426.72,2.98,False,False
SKU-02908,Saia Edição Limitada Rosa,Moda,Saia,FORN-034,50,263.74,747.03,769,11,758,24,2024-10-27,Em Estoque,448,0.0522,199914.92,566248.74,2.83,False,False
SKU-02909,Blush Sustentável Dourado,Beleza,Blush,FORN-088,13,117.3,239.89,54,13,41,83,2025-02-19,Estoque Crítico,294,0.1954,4809.3,9835.49,2.05,True,False
SKU-02910,Mochila Artesanal Verde,Acessórios,Mochila,FORN-003,15,198.88,373.45,310,22,288,98,2023-02-13,Em Estoque,448,0.175,57277.44,107553.6,1.88,False,False
SKU-02911,Perfume Premium Dourado,Beleza,Perfume,FORN-080,13,73.93,124.61,342,5,337,15,2025-02-07,Em Estoque,495,0.4126,24914.41,41993.57,1.69,False,False
SKU-02912,Máscara de Cílios Moderno Dourado,Beleza,Máscara de Cílios,FORN-039,8,87.58,278.47,293,22,271,81,2025-05-04,Em Estoque,272,0.3487,23734.18,75465.37,3.18,False,False
SKU-02913,Relógio de Parede Oversize Nude,Lifestyle,Relógio de Parede,FORN-079,6,64.83,175.74,293,38,255,117,2024-01-08,Em Estoque,448,0.0544,16531.65,44813.7,2.71,False,False
SKU-02914,Saia Artesanal Branco,Moda,Saia,FORN-034,58,367.64,935.35,98,20,78,47,2023-04-27,Em Estoque,448,0.407,28675.92,72957.3,2.54,False,False
SKU-02915,Vela Aromática Oversize Nude,Lifestyle,Vela Aromática,FORN-050,58,278.39,733.3,129,9,120,65,2025-05-27,Em Estoque,448,0.3382,33406.8,87996.0,2.63,False,False
SKU-02916,Caderno Luxo Rosa,Lifestyle,Caderno,FORN-021,54,166.26,392.12,245,30,215,88,2025-09-21,Em Estoque,448,0.0278,35745.9,84305.8,2.36,False,False
SKU-02917,Legging Clássico Dourado,Moda,Legging,FORN-061,49,279.84,483.26,464,19,445,112,2023-06-02,Em Estoque,448,0.1657,124528.8,215050.7,1.73,False,False
SKU-02918,Moletom Sustentável Nude,Moda,Moletom,FORN-078,7,125.61,370.18,648,179,469,140,2023-12-15,Em Estoque,448,0.4771,58911.09,173614.42,2.95,False,False
SKU-02919,Kit Chá Artesanal Azul,Lifestyle,Kit Chá,FORN-094,53,347.03,599.26,87,16,71,121,2024-03-17,Estoque Crítico,448,0.2443,24639.13,42547.46,1.73,True,False
SKU-02920,Regata Edição Limitada Nude,Moda,Regata,FORN-011,5,131.93,304.62,721,200,521,52,2025-07-28,Em Estoque,448,0.3974,68735.53,158707.02,2.31,False,False
SKU-02921,Legging Slim Branco,Moda,Legging,FORN-096,10,204.71,351.87,418,36,382,15,2024-02-23,Em Estoque,448,0.2306,78199.22,134414.34,1.72,False,False
SKU-02922,Calça Jeans Clássico Nude,Moda,Calça Jeans,FORN-100,53,114.75,310.0,584,108,476,103,2024-09-04,Em Estoque,448,0.1984,54621.0,147560.0,2.7,False,False
SKU-02923,Caderno Premium Branco,Lifestyle,Caderno,FORN-075,51,160.61,488.93,338,10,328,17,2023-12-11,Em Estoque,448,0.1853,52680.08,160369.04,3.04,False,False
SKU-02924,Protetor Solar Básico Azul,Beleza,Protetor Solar,FORN-062,5,283.87,782.98,366,8,358,128,2024-10-07,Em Estoque,641,0.1804,101625.46,280306.84,2.76,False,False
SKU-02925,Pochete Moderno Preto,Acessórios,Pochete,FORN-024,48,288.14,783.83,435,113,322,64,2024-04-08,Em Estoque,448,0.2411,92781.08,252393.26,2.72,False,False
SKU-02926,Sérum Facial Básico Preto,Beleza,Sérum Facial,FORN-013,15,354.83,732.04,87,13,74,50,2023-09-20,Em Estoque,343,0.4747,26257.42,54170.96,2.06,False,False
SKU-02927,Almofada Premium Preto,Lifestyle,Almofada,FORN-054,47,99.31,219.48,138,37,101,119,2024-01-06,Estoque Crítico,448,0.4579,10030.31,22167.48,2.21,True,False
SKU-02928,Calça Jeans Slim Azul,Moda,Calça Jeans,FORN-044,13,294.31,863.88,970,15,955,18,2024-06-02,Em Estoque,448,0.1586,281066.05,825005.4,2.94,False,False
SKU-02929,Calça Jeans Sport Branco,Moda,Calça Jeans,FORN-074,55,252.27,771.47,642,38,604,133,2024-10-25,Em Estoque,448,0.4445,152371.08,465967.88,3.06,False,False
SKU-02930,Pochete Sustentável Nude,Acessórios,Pochete,FORN-056,11,38.88,82.57,467,128,339,95,2024-03-11,Em Estoque,448,0.0051,13180.32,27991.23,2.12,False,False
SKU-02931,Vestido Slim Vermelho,Moda,Vestido,FORN-034,46,166.98,501.4,678,128,550,116,2023-12-25,Em Estoque,448,0.4265,91839.0,275770.0,3.0,False,False
SKU-02932,Meias Exclusivo Bege,Acessórios,Meias,FORN-064,12,61.56,109.9,287,71,216,34,2024-01-12,Em Estoque,448,0.0115,13296.96,23738.4,1.79,False,False
SKU-02933,Saia Urban Verde,Moda,Saia,FORN-046,60,35.97,67.36,503,97,406,93,2023-05-09,Em Estoque,448,0.0466,14603.82,27348.16,1.87,False,False
SKU-02934,Shorts Sport Bege,Moda,Shorts,FORN-080,9,310.99,870.14,505,4,501,145,2025-01-23,Em Estoque,448,0.0228,155805.99,435940.14,2.8,False,False
SKU-02935,Calça Jeans Moderno Dourado,Moda,Calça Jeans,FORN-086,13,270.01,855.15,181,16,165,123,2023-05-05,Em Estoque,448,0.2061,44551.65,141099.75,3.17,False,False
SKU-02936,Perfume Básico Rosa,Beleza,Perfume,FORN-020,45,189.21,418.43,275,10,265,122,2025-01-02,Em Estoque,451,0.1108,50140.65,110883.95,2.21,False,False
SKU-02937,Blush Clássico Azul,Beleza,Blush,FORN-077,59,168.74,469.02,349,6,343,90,2024-02-28,Em Estoque,218,0.0156,57877.82,160873.86,2.78,False,False
SKU-02938,Sérum Facial Básico Dourado,Beleza,Sérum Facial,FORN-045,6,289.94,712.97,3,0,3,124,2024-09-09,Estoque Crítico,363,0.2539,869.82,2138.91,2.46,True,False
SKU-02939,Brinco Sustentável Vermelho,Acessórios,Brinco,FORN-014,13,257.55,791.6,246,5,241,120,2024-08-05,Em Estoque,448,0.3025,62069.55,190775.6,3.07,False,False
SKU-02940,Vestido Exclusivo Azul,Moda,Vestido,FORN-039,14,348.37,701.73,10,1,9,38,2024-03-15,Estoque Crítico,448,0.4761,3135.33,6315.57,2.01,True,False
SKU-02941,Espelho de Mesa Sustentável Prata,Lifestyle,Espelho de Mesa,FORN-029,51,180.67,528.64,466,71,395,23,2025-11-19,Em Estoque,448,0.3438,71364.65,208812.8,2.93,False,False
SKU-02942,Camisa Social Artesanal Rosa,Moda,Camisa Social,FORN-037,12,258.66,733.87,605,136,469,148,2023-02-06,Em Estoque,448,0.0834,121311.54,344185.03,2.84,False,False
SKU-02943,Porta-Retrato Premium Prata,Lifestyle,Porta-Retrato,FORN-028,11,56.49,91.7,286,69,217,19,2023-06-16,Em Estoque,448,0.0202,12258.33,19898.9,1.62,False,False
SKU-02944,Moletom Luxo Bege,Moda,Moletom,FORN-092,46,299.39,669.78,246,28,218,105,2024-10-12,Em Estoque,448,0.3118,65267.02,146012.04,2.24,False,False
SKU-02945,Moletom Sustentável Vermelho,Moda,Moletom,FORN-097,6,185.53,419.55,586,88,498,148,2024-12-07,Em Estoque,448,0.4935,92393.94,208935.9,2.26,False,False
SKU-02946,Blusa de Tricô Moderno Vermelho,Moda,Blusa de Tricô,FORN-066,12,91.44,167.41,62,5,57,93,2024-06-02,Estoque Crítico,448,0.4027,5212.08,9542.37,1.83,True,False
SKU-02947,Bolsa de Couro Edição Limitada Nude,Acessórios,Bolsa de Couro,FORN-035,5,252.76,630.55,476,118,358,62,2025-09-16,Em Estoque,448,0.4088,90488.08,225736.9,2.49,False,False
SKU-02948,Protetor Solar Urban Rosa,Beleza,Protetor Solar,FORN-016,46,393.25,1031.71,223,49,174,92,2025-05-17,Em Estoque,426,0.426,68425.5,179517.54,2.62,False,False
SKU-02949,Espelho de Mesa Moderno Preto,Lifestyle,Espelho de Mesa,FORN-097,5,125.13,212.62,359,103,256,90,2025-12-14,Descontinuado,448,0.2673,32033.28,54430.72,1.7,False,True
SKU-02950,Relógio de Parede Sustentável Preto,Lifestyle,Relógio de Parede,FORN-050,53,234.79,694.65,125,30,95,105,2025-01-10,Estoque Crítico,448,0.142,22305.05,65991.75,2.96,True,False
SKU-02951,Bolsa de Couro Urban Verde,Acessórios,Bolsa de Couro,FORN-096,13,332.15,562.1,240,1,239,42,2024-11-17,Em Estoque,448,0.0807,79383.85,134341.9,1.69,False,False
SKU-02952,Creme Hidratante Oversize Branco,Beleza,Creme Hidratante,FORN-025,5,280.54,793.57,164,40,124,22,2023-10-18,Em Estoque,515,0.4579,34786.96,98402.68,2.83,False,False
SKU-02953,Saia Moderno Prata,Moda,Saia,FORN-066,5,225.94,426.56,563,130,433,52,2025-06-26,Descontinuado,448,0.0827,97832.02,184700.48,1.89,False,True
SKU-02954,Vestido Premium Verde,Moda,Vestido,FORN-089,7,385.58,839.47,327,7,320,39,2023-06-06,Em Estoque,448,0.0412,123385.6,268630.4,2.18,False,False
SKU-02955,Planta Artificial Exclusivo Dourado,Lifestyle,Planta Artificial,FORN-087,10,25.11,54.7,106,7,99,145,2025-05-03,Estoque Crítico,448,0.2569,2485.89,5415.3,2.18,True,False
SKU-02956,Base Líquida Luxo Rosa,Beleza,Base Líquida,FORN-014,7,28.38,77.79,422,0,422,136,2024-11-02,Em Estoque,562,0.0348,11976.36,32827.38,2.74,False,False
SKU-02957,Kit Skincare Luxo Azul,Beleza,Kit Skincare,FORN-028,7,199.67,543.15,74,12,62,77,2024-04-17,Estoque Crítico,656,0.4188,12379.54,33675.3,2.72,True,False
SKU-02958,Camisa Social Clássico Verde,Moda,Camisa Social,FORN-023,8,249.04,548.08,52,6,46,115,2023-08-03,Estoque Crítico,448,0.0752,11455.84,25211.68,2.2,True,False
SKU-02959,Difusor Moderno Dourado,Lifestyle,Difusor,FORN-027,14,341.22,882.07,70,20,50,90,2025-02-19,Estoque Crítico,448,0.1117,17061.0,44103.5,2.59,True,False
SKU-02960,Kit Skincare Slim Azul,Beleza,Kit Skincare,FORN-056,9,98.87,225.82,347,88,259,59,2023-11-10,Em Estoque,502,0.3468,25607.33,58487.38,2.28,False,False
SKU-02961,Condicionador Slim Verde,Beleza,Condicionador,FORN-054,48,159.9,448.78,298,40,258,37,2024-07-23,Em Estoque,290,0.2675,41254.2,115785.24,2.81,False,False
SKU-02962,Kit Skincare Sustentável Vermelho,Beleza,Kit Skincare,FORN-100,52,111.14,297.64,23,1,22,60,2023-05-05,Estoque Crítico,395,0.1211,2445.08,6548.08,2.68,True,False
SKU-02963,Regata Exclusivo Azul,Moda,Regata,FORN-014,15,236.6,380.1,148,39,109,49,2024-01-09,Descontinuado,448,0.3893,25789.4,41430.9,1.61,False,True
SKU-02964,Regata Edição Limitada Vermelho,Moda,Regata,FORN-055,54,197.57,572.73,443,41,402,128,2024-08-24,Em Estoque,448,0.2098,79423.14,230237.46,2.9,False,False
SKU-02965,Batom Exclusivo Preto,Beleza,Batom,FORN-046,51,388.97,924.52,271,7,264,144,2023-04-07,Descontinuado,651,0.0157,102688.08,244073.28,2.38,False,True
SKU-02966,Kit Skincare Exclusivo Bege,Beleza,Kit Skincare,FORN-038,12,209.99,547.96,238,46,192,35,2025-12-13,Em Estoque,183,0.2822,40318.08,105208.32,2.61,False,False
SKU-02967,Relógio de Parede Luxo Vermelho,Lifestyle,Relógio de Parede,FORN-025,11,194.95,603.41,351,22,329,139,2025-11-03,Em Estoque,448,0.2727,64138.55,198521.89,3.1,False,False
SKU-02968,Sérum Facial Premium Vermelho,Beleza,Sérum Facial,FORN-100,57,344.34,828.73,0,0,0,26,2023-08-19,Ruptura,347,0.1854,0.0,0.0,2.41,True,False
SKU-02969,Creme Hidratante Edição Limitada Verde,Beleza,Creme Hidratante,FORN-065,5,180.47,512.89,346,57,289,44,2023-11-10,Em Estoque,647,0.4967,52155.83,148225.21,2.84,False,False
SKU-02970,Protetor Solar Básico Preto,Beleza,Protetor Solar,FORN-072,5,221.85,448.81,371,0,371,149,2024-12-09,Em Estoque,723,0.4931,82306.35,166508.51,2.02,False,False
SKU-02971,Sérum Facial Luxo Rosa,Beleza,Sérum Facial,FORN-069,8,93.11,211.02,407,40,367,148,2024-12-15,Em Estoque,318,0.1941,34171.37,77444.34,2.27,False,False
SKU-02972,Jaqueta Básico Prata,Moda,Jaqueta,FORN-089,5,180.5,410.82,744,14,730,91,2025-10-19,Em Estoque,448,0.3422,131765.0,299898.6,2.28,False,False
SKU-02973,Camiseta Exclusivo Dourado,Moda,Camiseta,FORN-093,13,23.27,63.4,455,85,370,71,2024-02-05,Em Estoque,448,0.4386,8609.9,23458.0,2.72,False,False
SKU-02974,Blush Premium Rosa,Beleza,Blush,FORN-011,10,318.88,673.49,276,81,195,35,2023-11-24,Em Estoque,259,0.1426,62181.6,131330.55,2.11,False,False
SKU-02975,Calça Jeans Luxo Dourado,Moda,Calça Jeans,FORN-086,10,167.33,304.55,492,70,422,74,2023-04-27,Em Estoque,448,0.488,70613.26,128520.1,1.82,False,False
SKU-02976,Jaqueta Sport Preto,Moda,Jaqueta,FORN-046,60,175.23,318.18,540,3,537,122,2025-05-23,Em Estoque,448,0.1273,94098.51,170862.66,1.82,False,False
SKU-02977,Calça Jeans Oversize Dourado,Moda,Calça Jeans,FORN-058,54,174.39,386.78,119,31,88,140,2025-06-27,Estoque Crítico,448,0.2143,15346.32,34036.64,2.22,True,False
SKU-02978,Óleo Corporal Oversize Rosa,Beleza,Óleo Corporal,FORN-020,53,146.96,420.48,205,29,176,54,2025-03-19,Em Estoque,345,0.0685,25864.96,74004.48,2.86,False,False
SKU-02979,Kit Chá Artesanal Rosa,Lifestyle,Kit Chá,FORN-006,58,273.16,480.28,396,33,363,36,2023-09-06,Em Estoque,448,0.4622,99157.08,174341.64,1.76,False,False
SKU-02980,Moletom Urban Prata,Moda,Moletom,FORN-068,8,395.83,1023.55,207,42,165,144,2024-03-05,Em Estoque,448,0.4407,65311.95,168885.75,2.59,False,False
SKU-02981,Perfume Sport Vermelho,Beleza,Perfume,FORN-024,58,359.51,1140.63,30,3,27,102,2024-06-16,Estoque Crítico,233,0.2802,9706.77,30797.01,3.17,True,False
SKU-02982,Saia Urban Branco,Moda,Saia,FORN-091,54,336.32,850.01,637,160,477,103,2023-11-13,Descontinuado,448,0.3651,160424.64,405454.77,2.53,False,True
SKU-02983,Moletom Edição Limitada Rosa,Moda,Moletom,FORN-050,46,242.48,556.32,291,4,287,31,2023-01-20,Em Estoque,448,0.1967,69591.76,159663.84,2.29,False,False
SKU-02984,Espelho de Mesa Luxo Verde,Lifestyle,Espelho de Mesa,FORN-040,10,378.25,1171.36,127,2,125,23,2023-08-17,Em Estoque,448,0.4273,47281.25,146420.0,3.1,False,False
SKU-02985,Legging Luxo Dourado,Moda,Legging,FORN-094,54,347.63,918.2,160,0,160,90,2023-12-05,Em Estoque,448,0.3377,55620.8,146912.0,2.64,False,False
SKU-02986,Blush Urban Azul,Beleza,Blush,FORN-008,60,314.02,602.06,55,13,42,111,2024-07-19,Estoque Crítico,226,0.375,13188.84,25286.52,1.92,True,False
SKU-02987,Regata Urban Vermelho,Moda,Regata,FORN-097,6,348.52,1011.41,658,0,658,47,2024-01-01,Em Estoque,448,0.0889,229326.16,665507.78,2.9,False,False
SKU-02988,Mochila Delicado Rosa,Acessórios,Mochila,FORN-032,9,336.18,885.56,390,85,305,115,2024-03-14,Em Estoque,448,0.4574,102534.9,270095.8,2.63,False,False
SKU-02989,Blusa de Tricô Moderno Rosa,Moda,Blusa de Tricô,FORN-064,12,275.33,556.56,83,0,83,50,2025-06-23,Em Estoque,448,0.1768,22852.39,46194.48,2.02,False,False
SKU-02990,Planta Artificial Exclusivo Dourado,Lifestyle,Planta Artificial,FORN-044,10,247.81,753.45,252,40,212,57,2023-05-24,Em Estoque,448,0.1728,52535.72,159731.4,3.04,False,False
SKU-02991,Regata Sport Bege,Moda,Regata,FORN-098,52,38.9,115.91,408,35,373,69,2023-11-08,Em Estoque,448,0.4981,14509.7,43234.43,2.98,False,False
SKU-02992,Blush Sustentável Rosa,Beleza,Blush,FORN-038,15,314.32,617.21,397,91,306,47,2025-12-10,Em Estoque,647,0.2631,96181.92,188866.26,1.96,False,False
SKU-02993,Pochete Sport Rosa,Acessórios,Pochete,FORN-091,46,132.08,392.39,241,58,183,43,2024-11-21,Em Estoque,448,0.36,24170.64,71807.37,2.97,False,False
SKU-02994,Pochete Clássico Prata,Acessórios,Pochete,FORN-028,15,313.95,553.95,407,1,406,114,2024-11-26,Em Estoque,448,0.0382,127463.7,224903.7,1.76,False,False
SKU-02995,Camisa Social Sustentável Prata,Moda,Camisa Social,FORN-038,9,394.03,1017.3,169,15,154,26,2024-11-09,Em Estoque,448,0.0652,60680.62,156664.2,2.58,False,False
SKU-02996,Blusa de Tricô Exclusivo Verde,Moda,Blusa de Tricô,FORN-078,12,388.45,652.79,928,36,892,10,2024-11-12,Em Estoque,448,0.2869,346497.4,582288.68,1.68,False,False
SKU-02997,Regata Sport Rosa,Moda,Regata,FORN-030,9,277.85,600.49,387,14,373,47,2023-05-07,Em Estoque,448,0.1383,103638.05,223982.77,2.16,False,False
SKU-02998,Kit Chá Sport Preto,Lifestyle,Kit Chá,FORN-066,5,177.47,469.18,36,3,33,94,2025-11-10,Estoque Crítico,448,0.1201,5856.51,15482.94,2.64,True,False
SKU-02999,Lenço Sport Rosa,Acessórios,Lenço,FORN-042,45,302.12,584.55,353,93,260,41,2023-09-06,Em Estoque,448,0.0513,78551.2,151983.0,1.93,False,False
SKU-03000,Moletom Slim Bege,Moda,Moletom,FORN-013,15,214.13,452.02,268,70,198,139,2025-04-25,Em Estoque,448,0.4858,42397.74,89499.96,2.11,False,False
SKU-03001,Camiseta Oversize Preto,Moda,Camiseta,FORN-057,5,256.25,798.27,811,238,573,43,2024-11-07,Em Estoque,448,0.2029,146831.25,457408.71,3.12,False,False
SKU-03002,Meias Urban Azul,Acessórios,Meias,FORN-017,58,147.19,271.52,490,126,364,144,2023-05-24,Em Estoque,448,0.2412,53577.16,98833.28,1.84,False,False
SKU-03003,Condicionador Sport Azul,Beleza,Condicionador,FORN-057,14,371.35,890.5,339,42,297,51,2025-11-07,Em Estoque,625,0.4181,110290.95,264478.5,2.4,False,False
SKU-03004,Camisa Social Delicado Branco,Moda,Camisa Social,FORN-067,54,157.54,319.54,695,139,556,67,2025-06-15,Em Estoque,448,0.4453,87592.24,177664.24,2.03,False,False
SKU-03005,Vestido Edição Limitada Bege,Moda,Vestido,FORN-096,14,26.78,60.82,1017,295,722,90,2023-08-10,Em Estoque,448,0.4007,19335.16,43912.04,2.27,False,False
SKU-03006,Kit Chá Básico Verde,Lifestyle,Kit Chá,FORN-083,10,299.14,571.03,104,4,100,124,2025-04-03,Estoque Crítico,448,0.3967,29914.0,57103.0,1.91,True,False
SKU-03007,Shorts Luxo Dourado,Moda,Shorts,FORN-043,11,354.35,916.36,433,118,315,107,2024-11-02,Em Estoque,448,0.4015,111620.25,288653.4,2.59,False,False
SKU-03008,Vela Aromática Clássico Dourado,Lifestyle,Vela Aromática,FORN-068,11,136.92,352.88,288,45,243,143,2025-08-02,Em Estoque,448,0.1762,33271.56,85749.84,2.58,False,False
SKU-03009,Óleo Corporal Moderno Prata,Beleza,Óleo Corporal,FORN-084,5,352.34,1006.61,98,3,95,10,2024-04-16,Em Estoque,572,0.4932,33472.3,95627.95,2.86,False,False
SKU-03010,Legging Exclusivo Dourado,Moda,Legging,FORN-082,50,289.39,891.56,509,98,411,57,2023-07-17,Em Estoque,448,0.2384,118939.29,366431.16,3.08,False,False
SKU-03011,Calça Jeans Sport Verde,Moda,Calça Jeans,FORN-021,53,308.67,595.81,1072,13,1059,123,2024-08-20,Em Estoque,448,0.0494,326881.53,630962.79,1.93,False,False
SKU-03012,Colar Slim Nude,Acessórios,Colar,FORN-035,6,245.61,614.81,337,34,303,90,2025-10-25,Em Estoque,448,0.1928,74419.83,186287.43,2.5,False,False
SKU-03013,Esfoliante Moderno Prata,Beleza,Esfoliante,FORN-036,5,387.02,1206.17,366,106,260,46,2024-08-22,Em Estoque,543,0.2258,100625.2,313604.2,3.12,False,False
SKU-03014,Cinto Urban Vermelho,Acessórios,Cinto,FORN-068,10,22.1,51.08,164,43,121,38,2025-03-12,Em Estoque,448,0.454,2674.1,6180.68,2.31,False,False
SKU-03015,Garrafa Térmica Básico Prata,Lifestyle,Garrafa Térmica,FORN-056,12,69.62,113.5,181,37,144,36,2024-05-27,Em Estoque,448,0.2077,10025.28,16344.0,1.63,False,False
SKU-03016,Carteira Artesanal Vermelho,Acessórios,Carteira,FORN-052,59,280.79,806.97,495,23,472,95,2023-12-09,Em Estoque,448,0.4974,132532.88,380889.84,2.87,False,False
SKU-03017,Vela Aromática Clássico Vermelho,Lifestyle,Vela Aromática,FORN-084,10,150.02,330.88,155,29,126,104,2024-11-28,Em Estoque,448,0.4641,18902.52,41690.88,2.21,False,False
SKU-03018,Blush Moderno Bege,Beleza,Blush,FORN-076,60,202.28,421.02,391,7,384,96,2023-07-17,Descontinuado,335,0.1214,77675.52,161671.68,2.08,False,True
SKU-03019,Shorts Luxo Vermelho,Moda,Shorts,FORN-098,50,64.57,175.94,828,214,614,35,2024-06-08,Em Estoque,448,0.4488,39645.98,108027.16,2.72,False,False
SKU-03020,Camiseta Oversize Azul,Moda,Camiseta,FORN-100,54,82.67,211.16,502,17,485,116,2023-10-07,Em Estoque,448,0.2882,40094.95,102412.6,2.55,False,False
SKU-03021,Base Líquida Oversize Preto,Beleza,Base Líquida,FORN-062,6,346.27,582.0,203,7,196,111,2025-01-08,Em Estoque,650,0.0298,67868.92,114072.0,1.68,False,False
SKU-03022,Creme Hidratante Básico Branco,Beleza,Creme Hidratante,FORN-059,15,339.14,889.79,348,60,288,123,2025-07-22,Em Estoque,471,0.2068,97672.32,256259.52,2.62,False,False
SKU-03023,Camisa Social Edição Limitada Preto,Moda,Camisa Social,FORN-071,12,123.04,279.58,70,4,66,140,2023-01-17,Estoque Crítico,448,0.3351,8120.64,18452.28,2.27,True,False
SKU-03024,Perfume Slim Dourado,Beleza,Perfume,FORN-058,49,117.27,228.31,178,39,139,113,2025-12-13,Em Estoque,361,0.224,16300.53,31735.09,1.95,False,False
SKU-03025,Regata Clássico Azul,Moda,Regata,FORN-002,5,236.55,545.12,332,42,290,100,2023-02-26,Em Estoque,448,0.4262,68599.5,158084.8,2.3,False,False
SKU-03026,Garrafa Térmica Edição Limitada Dourado,Lifestyle,Garrafa Térmica,FORN-020,47,44.94,95.45,228,66,162,26,2024-01-18,Em Estoque,448,0.2678,7280.28,15462.9,2.12,False,False
SKU-03027,Mochila Slim Nude,Acessórios,Mochila,FORN-083,6,263.47,610.99,215,41,174,24,2025-05-22,Em Estoque,448,0.3323,45843.78,106312.26,2.32,False,False
SKU-03028,Relógio de Parede Básico Verde,Lifestyle,Relógio de Parede,FORN-073,58,262.7,617.53,275,10,265,67,2023-11-27,Em Estoque,448,0.1829,69615.5,163645.45,2.35,False,False
SKU-03029,Base Líquida Sport Azul,Beleza,Base Líquida,FORN-049,14,325.27,534.14,462,112,350,22,2024-07-24,Em Estoque,448,0.0309,113844.5,186949.0,1.64,False,False
SKU-03030,Regata Básico Verde,Moda,Regata,FORN-013,14,309.02,799.11,159,36,123,33,2025-11-03,Em Estoque,448,0.3432,38009.46,98290.53,2.59,False,False
SKU-03031,Perfume Artesanal Preto,Beleza,Perfume,FORN-003,14,210.2,670.44,490,12,478,118,2025-02-27,Em Estoque,262,0.215,100475.6,320470.32,3.19,False,False
SKU-03032,Sombra Edição Limitada Branco,Beleza,Sombra,FORN-014,12,308.51,831.66,427,71,356,51,2023-07-28,Em Estoque,210,0.1718,109829.56,296070.96,2.7,False,False
SKU-03033,Óleo Corporal Exclusivo Bege,Beleza,Óleo Corporal,FORN-036,15,24.43,63.44,245,62,183,92,2025-08-06,Em Estoque,186,0.0177,4470.69,11609.52,2.6,False,False
SKU-03034,Calça Jeans Oversize Branco,Moda,Calça Jeans,FORN-096,13,348.64,609.35,355,77,278,121,2023-03-22,Em Estoque,448,0.1526,96921.92,169399.3,1.75,False,False
SKU-03035,Mochila Slim Branco,Acessórios,Mochila,FORN-079,9,244.12,719.79,442,129,313,64,2023-06-03,Em Estoque,448,0.0199,76409.56,225294.27,2.95,False,False
SKU-03036,Moletom Moderno Azul,Moda,Moletom,FORN-034,49,393.66,908.92,769,194,575,131,2023-09-11,Em Estoque,448,0.4253,226354.5,522629.0,2.31,False,False
SKU-03037,Regata Clássico Azul,Moda,Regata,FORN-079,15,302.54,842.95,684,65,619,147,2023-02-08,Em Estoque,448,0.0031,187272.26,521786.05,2.79,False,False
SKU-03038,Top Luxo Verde,Moda,Top,FORN-062,11,248.77,707.97,688,26,662,63,2025-09-25,Em Estoque,448,0.4914,164685.74,468676.14,2.85,False,False
SKU-03039,Garrafa Térmica Clássico Azul,Lifestyle,Garrafa Térmica,FORN-061,56,25.29,71.14,312,63,249,72,2023-08-11,Em Estoque,448,0.4081,6297.21,17713.86,2.81,False,False
SKU-03040,Legging Moderno Bege,Moda,Legging,FORN-036,8,115.42,211.4,757,204,553,133,2025-07-11,Em Estoque,448,0.0837,63827.26,116904.2,1.83,False,False
SKU-03041,Jaqueta Moderno Verde,Moda,Jaqueta,FORN-003,5,179.72,362.04,707,83,624,143,2023-05-26,Em Estoque,448,0.3069,112145.28,225912.96,2.01,False,False
SKU-03042,Saia Luxo Prata,Moda,Saia,FORN-021,57,91.13,252.93,534,46,488,58,2025-12-15,Descontinuado,448,0.2145,44471.44,123429.84,2.78,False,True
SKU-03043,Relógio de Parede Urban Verde,Lifestyle,Relógio de Parede,FORN-065,12,295.1,651.83,268,7,261,104,2024-09-05,Em Estoque,448,0.0688,77021.1,170127.63,2.21,False,False
SKU-03044,Jaqueta Sport Branco,Moda,Jaqueta,FORN-053,12,161.84,264.15,86,4,82,125,2025-01-25,Estoque Crítico,448,0.1083,13270.88,21660.3,1.63,True,False
SKU-03045,Calça Jeans Luxo Rosa,Moda,Calça Jeans,FORN-057,12,371.45,1044.29,714,178,536,117,2023-12-16,Em Estoque,448,0.4936,199097.2,559739.44,2.81,False,False
SKU-03046,Chapéu Exclusivo Dourado,Acessórios,Chapéu,FORN-002,13,31.79,92.0,497,85,412,73,2025-03-18,Em Estoque,448,0.2758,13097.48,37904.0,2.89,False,False
SKU-03047,Óculos de Sol Sport Bege,Acessórios,Óculos de Sol,FORN-084,8,394.09,1178.41,199,51,148,94,2024-12-24,Em Estoque,448,0.0984,58325.32,174404.68,2.99,False,False
SKU-03048,Condicionador Delicado Vermelho,Beleza,Condicionador,FORN-035,9,146.23,271.06,167,24,143,49,2023-03-01,Em Estoque,390,0.3927,20910.89,38761.58,1.85,False,False
SKU-03049,Almofada Urban Rosa,Lifestyle,Almofada,FORN-017,57,66.37,161.18,229,9,220,106,2023-12-14,Em Estoque,448,0.3989,14601.4,35459.6,2.43,False,False
SKU-03050,Camisa Social Slim Verde,Moda,Camisa Social,FORN-010,46,381.44,1011.9,1137,77,1060,46,2023-07-05,Em Estoque,448,0.2586,404326.4,1072614.0,2.65,False,False
SKU-03051,Vela Aromática Slim Bege,Lifestyle,Vela Aromática,FORN-063,13,161.84,387.22,408,13,395,24,2023-07-21,Em Estoque,448,0.0072,63926.8,152951.9,2.39,False,False
SKU-03052,Óleo Corporal Urban Vermelho,Beleza,Óleo Corporal,FORN-023,10,258.09,696.46,196,39,157,86,2023-03-07,Em Estoque,721,0.2736,40520.13,109344.22,2.7,False,False
SKU-03053,Condicionador Luxo Preto,Beleza,Condicionador,FORN-087,13,358.04,1008.07,265,49,216,17,2025-02-03,Em Estoque,183,0.2307,77336.64,217743.12,2.82,False,False
SKU-03054,Legging Clássico Azul,Moda,Legging,FORN-091,57,29.75,84.73,423,64,359,95,2025-11-17,Em Estoque,448,0.3912,10680.25,30418.07,2.85,False,False
SKU-03055,Saia Clássico Branco,Moda,Saia,FORN-026,50,183.98,527.0,727,126,601,116,2023-09-26,Em Estoque,448,0.3881,110571.98,316727.0,2.86,False,False
SKU-03056,Camisa Social Básico Prata,Moda,Camisa Social,FORN-008,54,108.52,328.5,1189,302,887,130,2025-08-11,Em Estoque,448,0.1885,96257.24,291379.5,3.03,False,False
SKU-03057,Almofada Clássico Branco,Lifestyle,Almofada,FORN-072,6,231.33,725.73,33,8,25,130,2024-08-06,Estoque Crítico,448,0.2996,5783.25,18143.25,3.14,True,False
SKU-03058,Garrafa Térmica Básico Branco,Lifestyle,Garrafa Térmica,FORN-021,57,155.59,421.15,158,24,134,11,2023-01-05,Em Estoque,448,0.0543,20849.06,56434.1,2.71,False,False
SKU-03059,Regata Básico Dourado,Moda,Regata,FORN-097,5,137.2,373.9,143,20,123,144,2025-09-03,Estoque Crítico,448,0.4366,16875.6,45989.7,2.73,True,False
SKU-03060,Kit Skincare Delicado Bege,Beleza,Kit Skincare,FORN-004,58,103.09,306.31,59,12,47,98,2023-08-06,Estoque Crítico,271,0.2771,4845.23,14396.57,2.97,True,False
SKU-03061,Sérum Facial Artesanal Verde,Beleza,Sérum Facial,FORN-029,48,374.99,611.15,460,17,443,127,2025-11-27,Em Estoque,410,0.1991,166120.57,270739.45,1.63,False,False
SKU-03062,Máscara de Cílios Moderno Prata,Beleza,Máscara de Cílios,FORN-084,5,48.56,129.17,488,8,480,55,2023-10-21,Em Estoque,273,0.4164,23308.8,62001.6,2.66,False,False
SKU-03063,Calça Jeans Luxo Rosa,Moda,Calça Jeans,FORN-050,57,51.3,139.91,876,253,623,46,2024-03-02,Em Estoque,448,0.1419,31959.9,87163.93,2.73,False,False
SKU-03064,Legging Artesanal Prata,Moda,Legging,FORN-001,11,299.61,908.92,706,89,617,68,2023-04-12,Descontinuado,448,0.4774,184859.37,560803.64,3.03,False,True
SKU-03065,Luminária Clássico Verde,Lifestyle,Luminária,FORN-009,5,138.68,406.84,139,24,115,40,2024-04-02,Em Estoque,448,0.1822,15948.2,46786.6,2.93,False,False
SKU-03066,Legging Oversize Branco,Moda,Legging,FORN-027,8,269.86,444.43,405,7,398,48,2024-01-16,Em Estoque,448,0.3192,107404.28,176883.14,1.65,False,False
SKU-03067,Camisa Social Urban Vermelho,Moda,Camisa Social,FORN-054,55,110.77,277.1,227,28,199,142,2024-08-09,Em Estoque,448,0.3029,22043.23,55142.9,2.5,False,False
SKU-03068,Perfume Premium Preto,Beleza,Perfume,FORN-004,54,58.75,107.31,193,31,162,102,2023-02-23,Em Estoque,304,0.1347,9517.5,17384.22,1.83,False,False
SKU-03069,Condicionador Premium Azul,Beleza,Condicionador,FORN-074,53,312.04,950.61,189,55,134,102,2025-12-22,Em Estoque,577,0.4303,41813.36,127381.74,3.05,False,False
SKU-03070,Vestido Premium Branco,Moda,Vestido,FORN-065,6,309.86,949.34,573,0,573,34,2024-06-04,Em Estoque,448,0.2742,177549.78,543971.82,3.06,False,False
SKU-03071,Batom Sport Preto,Beleza,Batom,FORN-077,48,343.62,970.73,16,3,13,97,2023-12-19,Estoque Crítico,579,0.4076,4467.06,12619.49,2.83,True,False
SKU-03072,Esfoliante Oversize Preto,Beleza,Esfoliante,FORN-036,11,55.77,124.16,81,21,60,47,2025-11-17,Em Estoque,470,0.4958,3346.2,7449.6,2.23,False,False
SKU-03073,Relógio de Parede Edição Limitada Verde,Lifestyle,Relógio de Parede,FORN-055,60,318.14,592.84,72,0,72,75,2025-08-03,Estoque Crítico,448,0.445,22906.08,42684.48,1.86,True,False
SKU-03074,Luminária Delicado Verde,Lifestyle,Luminária,FORN-030,9,205.4,575.8,45,4,41,84,2023-12-23,Estoque Crítico,448,0.4304,8421.4,23607.8,2.8,True,False
SKU-03075,Esfoliante Artesanal Dourado,Beleza,Esfoliante,FORN-038,10,102.8,306.53,186,37,149,104,2024-01-18,Em Estoque,230,0.0734,15317.2,45672.97,2.98,False,False
SKU-03076,Sérum Facial Edição Limitada Nude,Beleza,Sérum Facial,FORN-045,9,198.78,627.79,217,32,185,44,2024-12-05,Em Estoque,388,0.207,36774.3,116141.15,3.16,False,False
SKU-03077,Camisa Social Premium Nude,Moda,Camisa Social,FORN-067,50,119.21,201.55,1126,220,906,86,2024-01-05,Em Estoque,448,0.2098,108004.26,182604.3,1.69,False,False
SKU-03078,Base Líquida Sustentável Preto,Beleza,Base Líquida,FORN-055,45,83.62,182.36,171,20,151,61,2025-11-03,Em Estoque,640,0.2112,12626.62,27536.36,2.18,False,False
SKU-03079,Lenço Premium Nude,Acessórios,Lenço,FORN-045,9,371.92,887.72,136,2,134,34,2024-04-15,Em Estoque,448,0.1761,49837.28,118954.48,2.39,False,False
SKU-03080,Perfume Clássico Prata,Beleza,Perfume,FORN-015,59,91.41,176.12,0,0,0,113,2025-11-04,Ruptura,347,0.4009,0.0,0.0,1.93,True,False
SKU-03081,Esfoliante Oversize Vermelho,Beleza,Esfoliante,FORN-014,7,328.63,936.7,482,97,385,82,2024-05-24,Em Estoque,671,0.1886,126522.55,360629.5,2.85,False,False
SKU-03082,Óleo Corporal Edição Limitada Bege,Beleza,Óleo Corporal,FORN-043,5,230.93,710.04,29,1,28,88,2023-10-19,Estoque Crítico,338,0.1787,6466.04,19881.12,3.07,True,False
SKU-03083,Chapéu Artesanal Bege,Acessórios,Chapéu,FORN-066,11,65.53,119.97,176,40,136,95,2023-05-08,Em Estoque,448,0.4293,8912.08,16315.92,1.83,False,False
SKU-03084,Blusa de Tricô Clássico Preto,Moda,Blusa de Tricô,FORN-032,7,376.76,1008.26,742,104,638,96,2025-02-18,Em Estoque,448,0.062,240372.88,643269.88,2.68,False,False
SKU-03085,Planta Artificial Premium Verde,Lifestyle,Planta Artificial,FORN-024,51,327.54,928.31,451,10,441,96,2023-01-14,Em Estoque,448,0.4449,144445.14,409384.71,2.83,False,False
SKU-03086,Planta Artificial Moderno Preto,Lifestyle,Planta Artificial,FORN-030,13,362.48,747.87,53,13,40,131,2024-07-19,Estoque Crítico,448,0.072,14499.2,29914.8,2.06,True,False
SKU-03087,Difusor Artesanal Branco,Lifestyle,Difusor,FORN-095,5,144.79,427.33,451,25,426,127,2023-10-12,Em Estoque,448,0.1473,61680.54,182042.58,2.95,False,False
SKU-03088,Colar Oversize Rosa,Acessórios,Colar,FORN-004,58,244.62,778.22,59,9,50,73,2025-08-26,Estoque Crítico,448,0.2176,12231.0,38911.0,3.18,True,False
SKU-03089,Top Slim Azul,Moda,Top,FORN-015,55,303.14,665.77,507,80,427,128,2025-03-19,Em Estoque,448,0.3687,129440.78,284283.79,2.2,False,False
SKU-03090,Legging Sustentável Azul,Moda,Legging,FORN-022,53,380.15,905.69,1049,40,1009,20,2024-07-13,Em Estoque,448,0.3419,383571.35,913841.21,2.38,False,False
SKU-03091,Colar Básico Azul,Acessórios,Colar,FORN-040,8,28.0,64.89,265,29,236,48,2025-09-15,Em Estoque,448,0.3479,6608.0,15314.04,2.32,False,False
SKU-03092,Top Sport Vermelho,Moda,Top,FORN-005,56,327.93,853.81,407,20,387,78,2023-04-14,Em Estoque,448,0.2213,126908.91,330424.47,2.6,False,False
SKU-03093,Garrafa Térmica Sustentável Azul,Lifestyle,Garrafa Térmica,FORN-069,5,45.61,143.76,269,33,236,59,2024-02-07,Em Estoque,448,0.3373,10763.96,33927.36,3.15,False,False
SKU-03094,Luminária Sport Prata,Lifestyle,Luminária,FORN-019,11,67.25,119.29,146,29,117,107,2023-01-15,Em Estoque,448,0.2312,7868.25,13956.93,1.77,False,False
SKU-03095,Condicionador Delicado Azul,Beleza,Condicionador,FORN-094,56,138.57,283.92,493,82,411,99,2024-05-15,Em Estoque,245,0.3263,56952.27,116691.12,2.05,False,False
SKU-03096,Planta Artificial Exclusivo Verde,Lifestyle,Planta Artificial,FORN-076,50,173.72,342.27,326,92,234,14,2023-09-28,Em Estoque,448,0.4441,40650.48,80091.18,1.97,False,False
SKU-03097,Regata Moderno Preto,Moda,Regata,FORN-016,54,227.86,497.98,519,26,493,113,2024-07-01,Em Estoque,448,0.484,112334.98,245504.14,2.19,False,False
SKU-03098,Colar Básico Prata,Acessórios,Colar,FORN-088,14,34.34,107.13,66,9,57,82,2024-12-06,Estoque Crítico,448,0.2783,1957.38,6106.41,3.12,True,False
SKU-03099,Luminária Básico Dourado,Lifestyle,Luminária,FORN-027,9,283.14,468.42,480,139,341,127,2023-07-27,Em Estoque,448,0.1317,96550.74,159731.22,1.65,False,False
SKU-03100,Calça Jeans Exclusivo Branco,Moda,Calça Jeans,FORN-025,12,366.14,1032.87,603,133,470,11,2024-06-01,Em Estoque,448,0.0026,172085.8,485448.9,2.82,False,False
SKU-03101,Lenço Delicado Azul,Acessórios,Lenço,FORN-036,14,62.54,108.16,146,31,115,115,2024-10-06,Estoque Crítico,448,0.363,7192.1,12438.4,1.73,False,False
SKU-03102,Legging Edição Limitada Prata,Moda,Legging,FORN-013,8,353.56,1089.44,486,41,445,134,2025-09-04,Em Estoque,448,0.1825,157334.2,484800.8,3.08,False,False
SKU-03103,Cinto Artesanal Bege,Acessórios,Cinto,FORN-047,13,223.27,369.44,89,2,87,61,2024-08-03,Em Estoque,448,0.3262,19424.49,32141.28,1.65,False,False
SKU-03104,Shorts Básico Dourado,Moda,Shorts,FORN-098,59,173.39,320.3,504,3,501,130,2023-07-23,Em Estoque,448,0.2658,86868.39,160470.3,1.85,False,False
SKU-03105,Blusa de Tricô Sport Preto,Moda,Blusa de Tricô,FORN-032,14,53.47,126.68,922,124,798,123,2025-11-08,Em Estoque,448,0.2705,42669.06,101090.64,2.37,False,False
SKU-03106,Chapéu Moderno Preto,Acessórios,Chapéu,FORN-100,49,386.91,1109.83,403,57,346,142,2023-05-14,Em Estoque,448,0.1257,133870.86,384001.18,2.87,False,False
SKU-03107,Moletom Artesanal Prata,Moda,Moletom,FORN-094,49,112.33,353.43,571,161,410,86,2025-07-04,Em Estoque,448,0.0437,46055.3,144906.3,3.15,False,False
SKU-03108,Esfoliante Luxo Bege,Beleza,Esfoliante,FORN-030,5,330.69,734.82,282,3,279,26,2025-10-09,Em Estoque,218,0.4975,92262.51,205014.78,2.22,False,False
SKU-03109,Calça Jeans Luxo Bege,Moda,Calça Jeans,FORN-072,5,117.02,269.15,975,103,872,117,2023-05-18,Em Estoque,448,0.2524,102041.44,234698.8,2.3,False,False
SKU-03110,Protetor Solar Luxo Dourado,Beleza,Protetor Solar,FORN-070,58,287.0,679.45,113,8,105,125,2024-07-01,Estoque Crítico,372,0.306,30135.0,71342.25,2.37,True,False
SKU-03111,Caderno Urban Branco,Lifestyle,Caderno,FORN-091,52,174.9,439.07,298,6,292,119,2024-08-10,Em Estoque,448,0.207,51070.8,128208.44,2.51,False,False
SKU-03112,Esfoliante Moderno Vermelho,Beleza,Esfoliante,FORN-052,52,276.67,653.22,427,95,332,116,2023-09-09,Em Estoque,643,0.2413,91854.44,216869.04,2.36,False,False
SKU-03113,Perfume Oversize Nude,Beleza,Perfume,FORN-018,53,386.52,930.8,211,9,202,147,2025-09-23,Em Estoque,350,0.0959,78077.04,188021.6,2.41,False,False
SKU-03114,Batom Premium Rosa,Beleza,Batom,FORN-017,53,121.45,195.16,179,53,126,109,2024-11-02,Em Estoque,709,0.0874,15302.7,24590.16,1.61,False,False
SKU-03115,Camisa Social Exclusivo Prata,Moda,Camisa Social,FORN-010,57,308.43,850.42,239,52,187,63,2023-10-10,Descontinuado,448,0.4172,57676.41,159028.54,2.76,False,True
SKU-03116,Sombra Premium Rosa,Beleza,Sombra,FORN-028,12,117.08,304.43,223,1,222,141,2025-07-11,Em Estoque,303,0.0086,25991.76,67583.46,2.6,False,False
SKU-03117,Base Líquida Artesanal Nude,Beleza,Base Líquida,FORN-060,5,349.32,1032.85,382,64,318,62,2025-04-22,Em Estoque,310,0.3116,111083.76,328446.3,2.96,False,False
SKU-03118,Top Sustentável Verde,Moda,Top,FORN-076,54,89.01,270.84,67,12,55,105,2024-06-12,Estoque Crítico,448,0.1604,4895.55,14896.2,3.04,True,False
SKU-03119,Moletom Moderno Bege,Moda,Moletom,FORN-072,6,389.57,1050.58,682,191,491,10,2024-07-02,Em Estoque,448,0.1694,191278.87,515834.78,2.7,False,False
SKU-03120,Jaqueta Exclusivo Rosa,Moda,Jaqueta,FORN-015,46,237.45,382.44,29,6,23,39,2024-11-28,Estoque Crítico,448,0.0344,5461.35,8796.12,1.61,True,False
SKU-03121,Calça Jeans Sustentável Vermelho,Moda,Calça Jeans,FORN-052,45,325.71,606.88,298,48,250,128,2025-10-03,Em Estoque,448,0.1474,81427.5,151720.0,1.86,False,False
SKU-03122,Legging Luxo Vermelho,Moda,Legging,FORN-080,12,144.69,308.46,370,100,270,14,2024-09-07,Em Estoque,448,0.4998,39066.3,83284.2,2.13,False,False
SKU-03123,Óleo Corporal Moderno Azul,Beleza,Óleo Corporal,FORN-068,13,79.81,208.1,311,90,221,121,2025-07-13,Em Estoque,298,0.2574,17638.01,45990.1,2.61,False,False
SKU-03124,Planta Artificial Exclusivo Preto,Lifestyle,Planta Artificial,FORN-037,6,129.87,211.88,214,28,186,88,2025-08-09,Em Estoque,448,0.0699,24155.82,39409.68,1.63,False,False
SKU-03125,Difusor Artesanal Azul,Lifestyle,Difusor,FORN-058,46,349.06,646.83,380,114,266,63,2023-10-21,Em Estoque,448,0.1479,92849.96,172056.78,1.85,False,False
SKU-03126,Carteira Urban Bege,Acessórios,Carteira,FORN-011,8,124.38,368.14,165,21,144,122,2025-10-20,Descontinuado,448,0.0214,17910.72,53012.16,2.96,False,True
SKU-03127,Moletom Edição Limitada Prata,Moda,Moletom,FORN-063,7,376.64,637.22,829,89,740,124,2025-04-15,Em Estoque,448,0.324,278713.6,471542.8,1.69,False,False
SKU-03128,Condicionador Premium Rosa,Beleza,Condicionador,FORN-013,8,171.6,399.6,488,97,391,134,2025-06-26,Em Estoque,386,0.3719,67095.6,156243.6,2.33,False,False
SKU-03129,Porta-Retrato Slim Nude,Lifestyle,Porta-Retrato,FORN-050,60,102.89,177.72,215,60,155,90,2024-08-19,Em Estoque,448,0.4047,15947.95,27546.6,1.73,False,False
SKU-03130,Camisa Social Slim Verde,Moda,Camisa Social,FORN-034,45,370.58,911.98,639,71,568,86,2023-09-24,Em Estoque,448,0.1892,210489.44,518004.64,2.46,False,False
SKU-03131,Batom Artesanal Rosa,Beleza,Batom,FORN-016,52,276.53,613.62,138,34,104,143,2024-09-20,Estoque Crítico,580,0.3017,28759.12,63816.48,2.22,True,False
SKU-03132,Saia Exclusivo Vermelho,Moda,Saia,FORN-030,14,366.91,1166.42,1109,122,987,92,2025-01-24,Em Estoque,448,0.312,362140.17,1151256.54,3.18,False,False
SKU-03133,Esfoliante Slim Rosa,Beleza,Esfoliante,FORN-034,59,125.96,293.85,231,17,214,102,2024-05-11,Em Estoque,601,0.0328,26955.44,62883.9,2.33,False,False
SKU-03134,Creme Hidratante Sustentável Bege,Beleza,Creme Hidratante,FORN-071,12,125.36,211.57,162,5,157,72,2025-02-09,Em Estoque,187,0.1204,19681.52,33216.49,1.69,False,False
SKU-03135,Perfume Premium Azul,Beleza,Perfume,FORN-041,11,218.81,559.57,352,14,338,14,2025-11-21,Em Estoque,686,0.2407,73957.78,189134.66,2.56,False,False
SKU-03136,Legging Sustentável Verde,Moda,Legging,FORN-004,48,92.73,245.41,1015,88,927,92,2024-08-27,Em Estoque,448,0.4983,85960.71,227495.07,2.65,False,False
SKU-03137,Meias Delicado Rosa,Acessórios,Meias,FORN-099,15,327.77,951.57,47,12,35,132,2024-02-17,Estoque Crítico,448,0.2022,11471.95,33304.95,2.9,True,False
SKU-03138,Sombra Sustentável Prata,Beleza,Sombra,FORN-053,6,173.43,341.99,115,25,90,63,2025-02-08,Descontinuado,382,0.0721,15608.7,30779.1,1.97,False,True
SKU-03139,Porta-Retrato Slim Nude,Lifestyle,Porta-Retrato,FORN-067,58,135.2,348.28,206,25,181,103,2024-10-16,Em Estoque,448,0.3891,24471.2,63038.68,2.58,False,False
SKU-03140,Shorts Slim Azul,Moda,Shorts,FORN-033,55,129.16,233.93,668,43,625,22,2025-11-02,Em Estoque,448,0.3506,80725.0,146206.25,1.81,False,False
SKU-03141,Chapéu Moderno Rosa,Acessórios,Chapéu,FORN-065,7,222.4,682.19,404,86,318,51,2023-06-08,Em Estoque,448,0.1614,70723.2,216936.42,3.07,False,False
SKU-03142,Blusa de Tricô Edição Limitada Prata,Moda,Blusa de Tricô,FORN-055,58,247.49,411.17,81,6,75,58,2023-06-05,Em Estoque,448,0.0083,18561.75,30837.75,1.66,False,False
SKU-03143,Calça Jeans Oversize Dourado,Moda,Calça Jeans,FORN-042,53,284.17,520.78,433,23,410,54,2024-08-27,Em Estoque,448,0.4775,116509.7,213519.8,1.83,False,False
SKU-03144,Protetor Solar Delicado Azul,Beleza,Protetor Solar,FORN-029,52,335.01,769.66,430,79,351,49,2023-02-18,Em Estoque,638,0.1975,117588.51,270150.66,2.3,False,False
SKU-03145,Batom Luxo Bege,Beleza,Batom,FORN-074,56,40.16,90.88,0,0,0,64,2023-09-10,Ruptura,678,0.444,0.0,0.0,2.26,True,False
SKU-03146,Relógio de Parede Edição Limitada Verde,Lifestyle,Relógio de Parede,FORN-018,51,117.14,374.69,189,44,145,102,2024-07-24,Em Estoque,448,0.4093,16985.3,54330.05,3.2,False,False
SKU-03147,Garrafa Térmica Delicado Prata,Lifestyle,Garrafa Térmica,FORN-036,11,192.89,362.18,133,19,114,23,2023-10-27,Em Estoque,448,0.3092,21989.46,41288.52,1.88,False,False
SKU-03148,Planta Artificial Artesanal Branco,Lifestyle,Planta Artificial,FORN-039,15,99.86,213.13,108,21,87,77,2023-06-21,Em Estoque,448,0.4094,8687.82,18542.31,2.13,False,False
SKU-03149,Regata Urban Vermelho,Moda,Regata,FORN-096,15,20.89,56.61,1176,127,1049,139,2024-12-15,Em Estoque,448,0.4236,21913.61,59383.89,2.71,False,False
SKU-03150,Shorts Delicado Preto,Moda,Shorts,FORN-060,15,123.82,215.59,752,95,657,147,2023-11-09,Em Estoque,448,0.1735,81349.74,141642.63,1.74,False,False
SKU-03151,Colar Edição Limitada Verde,Acessórios,Colar,FORN-010,49,42.59,110.18,338,80,258,120,2023-02-20,Em Estoque,448,0.3613,10988.22,28426.44,2.59,False,False
SKU-03152,Kit Chá Moderno Dourado,Lifestyle,Kit Chá,FORN-020,55,110.59,177.13,60,10,50,146,2024-07-10,Estoque Crítico,448,0.1147,5529.5,8856.5,1.6,True,False
SKU-03153,Almofada Slim Bege,Lifestyle,Almofada,FORN-071,5,281.42,564.72,8,0,8,52,2025-04-04,Estoque Crítico,448,0.2879,2251.36,4517.76,2.01,True,False
SKU-03154,Bolsa de Couro Sustentável Prata,Acessórios,Bolsa de Couro,FORN-064,8,25.74,76.27,350,24,326,16,2023-04-25,Em Estoque,448,0.3658,8391.24,24864.02,2.96,False,False
SKU-03155,Máscara de Cílios Sport Nude,Beleza,Máscara de Cílios,FORN-021,57,74.03,224.29,348,46,302,104,2025-06-24,Em Estoque,697,0.1515,22357.06,67735.58,3.03,False,False
SKU-03156,Batom Delicado Verde,Beleza,Batom,FORN-094,59,227.62,444.18,414,29,385,72,2025-10-25,Em Estoque,539,0.0406,87633.7,171009.3,1.95,False,False
SKU-03157,Perfume Oversize Dourado,Beleza,Perfume,FORN-071,12,221.69,420.97,450,135,315,13,2025-10-11,Em Estoque,701,0.1219,69832.35,132605.55,1.9,False,False
SKU-03158,Protetor Solar Premium Branco,Beleza,Protetor Solar,FORN-072,14,233.73,678.24,323,82,241,143,2024-07-25,Em Estoque,198,0.4165,56328.93,163455.84,2.9,False,False
SKU-03159,Caderno Luxo Vermelho,Lifestyle,Caderno,FORN-021,55,277.99,612.55,239,0,239,63,2023-08-04,Em Estoque,448,0.4038,66439.61,146399.45,2.2,False,False
SKU-03160,Óleo Corporal Exclusivo Dourado,Beleza,Óleo Corporal,FORN-043,5,321.97,799.6,16,1,15,18,2024-06-22,Estoque Crítico,309,0.0238,4829.55,11994.0,2.48,True,False
SKU-03161,Kit Skincare Premium Dourado,Beleza,Kit Skincare,FORN-037,8,240.79,629.05,422,33,389,146,2024-08-16,Em Estoque,351,0.0217,93667.31,244700.45,2.61,False,False
SKU-03162,Shorts Luxo Rosa,Moda,Shorts,FORN-002,15,201.51,527.3,587,138,449,10,2023-02-06,Em Estoque,448,0.0987,90477.99,236757.7,2.62,False,False
SKU-03163,Máscara de Cílios Artesanal Branco,Beleza,Máscara de Cílios,FORN-095,11,254.99,665.09,475,32,443,120,2023-11-25,Em Estoque,605,0.3315,112960.57,294634.87,2.61,False,False
SKU-03164,Calça Jeans Premium Dourado,Moda,Calça Jeans,FORN-089,14,103.55,195.99,349,17,332,16,2025-04-04,Em Estoque,448,0.4506,34378.6,65068.68,1.89,False,False
SKU-03165,Garrafa Térmica Premium Preto,Lifestyle,Garrafa Térmica,FORN-010,57,50.42,150.52,113,11,102,33,2024-03-19,Em Estoque,448,0.0306,5142.84,15353.04,2.99,False,False
SKU-03166,Colar Básico Vermelho,Acessórios,Colar,FORN-049,9,100.1,166.2,193,1,192,85,2023-09-28,Em Estoque,448,0.0491,19219.2,31910.4,1.66,False,False
SKU-03167,Protetor Solar Clássico Rosa,Beleza,Protetor Solar,FORN-049,9,394.49,930.49,19,3,16,22,2024-01-14,Estoque Crítico,645,0.4797,6311.84,14887.84,2.36,True,False
SKU-03168,Saia Exclusivo Prata,Moda,Saia,FORN-080,7,47.51,85.31,870,82,788,16,2025-11-09,Em Estoque,448,0.4052,37437.88,67224.28,1.8,False,False
SKU-03169,Vela Aromática Sport Branco,Lifestyle,Vela Aromática,FORN-084,6,193.32,536.61,392,50,342,79,2024-11-28,Em Estoque,448,0.3704,66115.44,183520.62,2.78,False,False
SKU-03170,Óleo Corporal Sustentável Verde,Beleza,Óleo Corporal,FORN-058,45,356.83,1030.84,115,25,90,128,2025-06-21,Estoque Crítico,466,0.3843,32114.7,92775.6,2.89,True,False
SKU-03171,Carteira Luxo Preto,Acessórios,Carteira,FORN-075,51,302.07,938.39,270,36,234,148,2025-07-11,Em Estoque,448,0.3857,70684.38,219583.26,3.11,False,False
SKU-03172,Creme Hidratante Oversize Azul,Beleza,Creme Hidratante,FORN-025,9,353.25,579.22,313,69,244,54,2023-08-28,Descontinuado,204,0.0778,86193.0,141329.68,1.64,False,True
SKU-03173,Pochete Oversize Verde,Acessórios,Pochete,FORN-034,59,151.94,440.61,397,78,319,121,2024-12-03,Em Estoque,448,0.1062,48468.86,140554.59,2.9,False,False
SKU-03174,Calça Jeans Básico Dourado,Moda,Calça Jeans,FORN-019,15,96.88,184.84,357,11,346,131,2023-07-08,Em Estoque,448,0.4329,33520.48,63954.64,1.91,False,False
SKU-03175,Sérum Facial Delicado Rosa,Beleza,Sérum Facial,FORN-071,15,395.84,641.58,455,131,324,119,2025-02-04,Em Estoque,556,0.2516,128252.16,207871.92,1.62,False,False
SKU-03176,Legging Moderno Preto,Moda,Legging,FORN-051,10,278.94,793.9,502,34,468,123,2023-12-13,Em Estoque,448,0.0014,130543.92,371545.2,2.85,False,False
SKU-03177,Base Líquida Luxo Dourado,Beleza,Base Líquida,FORN-054,58,390.19,1194.21,65,2,63,95,2023-07-16,Estoque Crítico,642,0.0582,24581.97,75235.23,3.06,True,False
SKU-03178,Camiseta Edição Limitada Prata,Moda,Camiseta,FORN-053,13,265.02,540.26,755,25,730,84,2024-04-12,Em Estoque,448,0.4201,193464.6,394389.8,2.04,False,False
SKU-03179,Kit Skincare Oversize Azul,Beleza,Kit Skincare,FORN-082,59,130.89,248.32,88,10,78,127,2024-07-18,Estoque Crítico,683,0.359,10209.42,19368.96,1.9,True,False
SKU-03180,Garrafa Térmica Urban Nude,Lifestyle,Garrafa Térmica,FORN-048,6,167.45,509.18,17,1,16,51,2025-11-08,Estoque Crítico,448,0.3286,2679.2,8146.88,3.04,True,False
SKU-03181,Vela Aromática Básico Rosa,Lifestyle,Vela Aromática,FORN-087,5,355.1,768.69,330,7,323,122,2025-02-12,Em Estoque,448,0.384,114697.3,248286.87,2.16,False,False
SKU-03182,Batom Sport Azul,Beleza,Batom,FORN-019,8,42.02,87.87,466,125,341,48,2024-12-19,Em Estoque,273,0.1813,14328.82,29963.67,2.09,False,False
SKU-03183,Chapéu Sport Verde,Acessórios,Chapéu,FORN-088,15,259.0,509.69,411,99,312,139,2024-02-13,Em Estoque,448,0.3786,80808.0,159023.28,1.97,False,False
SKU-03184,Espelho de Mesa Urban Preto,Lifestyle,Espelho de Mesa,FORN-056,7,228.07,643.68,44,5,39,114,2024-01-22,Estoque Crítico,448,0.4143,8894.73,25103.52,2.82,True,False
SKU-03185,Bolsa de Couro Artesanal Prata,Acessórios,Bolsa de Couro,FORN-008,56,377.83,990.76,110,16,94,61,2024-10-07,Em Estoque,448,0.1615,35516.02,93131.44,2.62,False,False
SKU-03186,Sombra Exclusivo Dourado,Beleza,Sombra,FORN-057,14,259.02,728.25,471,63,408,82,2024-03-10,Em Estoque,446,0.048,105680.16,297126.0,2.81,False,False
SKU-03187,Batom Clássico Branco,Beleza,Batom,FORN-069,12,303.17,602.17,316,52,264,83,2024-05-05,Em Estoque,385,0.0709,80036.88,158972.88,1.99,False,False
SKU-03188,Sombra Slim Prata,Beleza,Sombra,FORN-062,5,249.53,778.48,88,18,70,95,2023-07-22,Estoque Crítico,352,0.2805,17467.1,54493.6,3.12,True,False
SKU-03189,Perfume Slim Verde,Beleza,Perfume,FORN-034,49,163.5,376.2,463,52,411,67,2023-03-11,Em Estoque,656,0.1973,67198.5,154618.2,2.3,False,False
SKU-03190,Creme Hidratante Premium Rosa,Beleza,Creme Hidratante,FORN-014,14,188.08,561.87,129,16,113,129,2024-06-23,Estoque Crítico,366,0.425,21253.04,63491.31,2.99,True,False
SKU-03191,Moletom Luxo Nude,Moda,Moletom,FORN-052,55,377.23,672.87,888,189,699,28,2024-02-08,Em Estoque,448,0.3289,263683.77,470336.13,1.78,False,False
SKU-03192,Creme Hidratante Oversize Rosa,Beleza,Creme Hidratante,FORN-083,12,31.08,80.87,167,0,167,15,2024-08-09,Em Estoque,719,0.4775,5190.36,13505.29,2.6,False,False
SKU-03193,Batom Slim Prata,Beleza,Batom,FORN-059,13,133.28,261.41,341,31,310,40,2023-08-14,Descontinuado,728,0.3867,41316.8,81037.1,1.96,False,True
SKU-03194,Camisa Social Slim Prata,Moda,Camisa Social,FORN-023,15,368.58,1050.5,262,36,226,148,2025-02-13,Em Estoque,448,0.332,83299.08,237413.0,2.85,False,False
SKU-03195,Pulseira Slim Branco,Acessórios,Pulseira,FORN-063,11,286.06,619.19,208,6,202,77,2023-02-21,Em Estoque,448,0.3282,57784.12,125076.38,2.16,False,False
SKU-03196,Calça Jeans Slim Dourado,Moda,Calça Jeans,FORN-029,47,259.16,758.12,518,60,458,90,2025-05-10,Em Estoque,448,0.4477,118695.28,347218.96,2.93,False,False
SKU-03197,Calça Jeans Clássico Dourado,Moda,Calça Jeans,FORN-061,47,71.48,164.97,501,82,419,108,2025-09-11,Em Estoque,448,0.4171,29950.12,69122.43,2.31,False,False
SKU-03198,Camisa Social Básico Dourado,Moda,Camisa Social,FORN-037,9,205.23,627.2,938,1,937,59,2023-09-20,Em Estoque,448,0.0841,192300.51,587686.4,3.06,False,False
SKU-03199,Batom Slim Branco,Beleza,Batom,FORN-078,14,310.26,658.14,383,37,346,18,2023-12-19,Em Estoque,610,0.1267,107349.96,227716.44,2.12,False,False
SKU-03200,Moletom Urban Verde,Moda,Moletom,FORN-072,12,387.15,944.45,794,81,713,117,2023-07-02,Em Estoque,448,0.2777,276037.95,673392.85,2.44,False,False
SKU-03201,Perfume Premium Branco,Beleza,Perfume,FORN-068,13,214.35,345.34,126,0,126,10,2024-04-15,Em Estoque,586,0.4328,27008.1,43512.84,1.61,False,False
SKU-03202,Relógio de Parede Clássico Bege,Lifestyle,Relógio de Parede,FORN-007,8,23.83,40.82,439,16,423,118,2025-12-06,Em Estoque,448,0.1033,10080.09,17266.86,1.71,False,False
SKU-03203,Kit Chá Edição Limitada Vermelho,Lifestyle,Kit Chá,FORN-022,48,159.19,272.3,435,17,418,25,2024-01-27,Em Estoque,448,0.4475,66541.42,113821.4,1.71,False,False
SKU-03204,Máscara de Cílios Artesanal Bege,Beleza,Máscara de Cílios,FORN-089,14,137.14,399.68,79,21,58,114,2023-06-18,Estoque Crítico,423,0.1539,7954.12,23181.44,2.91,True,False
SKU-03205,Moletom Moderno Prata,Moda,Moletom,FORN-075,60,265.05,538.3,331,11,320,23,2025-03-25,Em Estoque,448,0.1156,84816.0,172256.0,2.03,False,False
SKU-03206,Blusa de Tricô Luxo Prata,Moda,Blusa de Tricô,FORN-065,10,193.1,607.53,527,67,460,112,2025-04-21,Em Estoque,448,0.3049,88826.0,279463.8,3.15,False,False
SKU-03207,Carteira Urban Nude,Acessórios,Carteira,FORN-004,56,142.05,434.17,249,46,203,63,2023-12-21,Em Estoque,448,0.2053,28836.15,88136.51,3.06,False,False
SKU-03208,Camisa Social Artesanal Preto,Moda,Camisa Social,FORN-087,14,133.11,304.26,579,168,411,50,2025-01-06,Em Estoque,448,0.3906,54708.21,125050.86,2.29,False,False
SKU-03209,Esfoliante Sport Branco,Beleza,Esfoliante,FORN-036,10,343.31,1055.82,41,12,29,28,2025-10-04,Em Estoque,345,0.2571,9955.99,30618.78,3.08,False,False
SKU-03210,Regata Slim Prata,Moda,Regata,FORN-095,12,122.77,247.01,45,2,43,117,2023-09-25,Estoque Crítico,448,0.2589,5279.11,10621.43,2.01,True,False
SKU-03211,Sombra Exclusivo Preto,Beleza,Sombra,FORN-064,15,90.45,147.82,28,8,20,15,2024-08-26,Descontinuado,689,0.1433,1809.0,2956.4,1.63,False,True
SKU-03212,Top Urban Verde,Moda,Top,FORN-058,55,280.53,744.01,752,209,543,105,2025-07-17,Descontinuado,448,0.3441,152327.79,403997.43,2.65,False,True
SKU-03213,Camisa Social Sport Preto,Moda,Camisa Social,FORN-001,6,148.99,394.12,616,97,519,49,2024-12-06,Em Estoque,448,0.3231,77325.81,204548.28,2.65,False,False
SKU-03214,Kit Chá Urban Preto,Lifestyle,Kit Chá,FORN-001,7,389.78,838.78,292,5,287,110,2025-08-05,Em Estoque,448,0.1354,111866.86,240729.86,2.15,False,False
SKU-03215,Kit Skincare Oversize Dourado,Beleza,Kit Skincare,FORN-089,12,361.07,1061.63,272,61,211,134,2024-08-13,Em Estoque,235,0.472,76185.77,224003.93,2.94,False,False
SKU-03216,Óleo Corporal Sustentável Bege,Beleza,Óleo Corporal,FORN-086,13,249.22,775.46,48,13,35,24,2023-12-23,Em Estoque,435,0.1343,8722.7,27141.1,3.11,False,False
SKU-03217,Esfoliante Delicado Branco,Beleza,Esfoliante,FORN-065,5,331.59,1002.4,68,1,67,49,2023-04-01,Em Estoque,668,0.4379,22216.53,67160.8,3.02,False,False
SKU-03218,Protetor Solar Delicado Vermelho,Beleza,Protetor Solar,FORN-072,15,305.34,943.26,434,122,312,106,2024-08-12,Em Estoque,535,0.0703,95266.08,294297.12,3.09,False,False
SKU-03219,Perfume Oversize Vermelho,Beleza,Perfume,FORN-070,56,29.3,91.72,390,49,341,78,2025-08-17,Em Estoque,702,0.237,9991.3,31276.52,3.13,False,False
SKU-03220,Camiseta Premium Bege,Moda,Camiseta,FORN-044,10,119.25,313.12,348,30,318,83,2024-10-17,Em Estoque,448,0.2929,37921.5,99572.16,2.63,False,False
SKU-03221,Perfume Slim Rosa,Beleza,Perfume,FORN-059,5,128.92,230.67,357,39,318,105,2023-06-22,Em Estoque,397,0.3828,40996.56,73353.06,1.79,False,False
SKU-03222,Batom Artesanal Verde,Beleza,Batom,FORN-084,6,344.05,838.15,302,50,252,40,2023-09-21,Em Estoque,552,0.3278,86700.6,211213.8,2.44,False,False
SKU-03223,Camisa Social Slim Bege,Moda,Camisa Social,FORN-023,14,219.31,387.11,1063,77,986,83,2023-10-22,Em Estoque,448,0.4237,216239.66,381690.46,1.77,False,False
SKU-03224,Meias Básico Branco,Acessórios,Meias,FORN-067,45,347.09,951.76,193,28,165,127,2024-04-13,Em Estoque,448,0.1327,57269.85,157040.4,2.74,False,False
SKU-03225,Sérum Facial Luxo Nude,Beleza,Sérum Facial,FORN-067,55,249.37,573.95,132,14,118,116,2025-05-16,Em Estoque,493,0.388,29425.66,67726.1,2.3,False,False
SKU-03226,Perfume Exclusivo Nude,Beleza,Perfume,FORN-028,13,178.81,397.95,377,11,366,144,2025-08-26,Em Estoque,494,0.4838,65444.46,145649.7,2.23,False,False
SKU-03227,Top Premium Prata,Moda,Top,FORN-038,8,50.89,131.77,649,185,464,27,2025-08-27,Em Estoque,448,0.0191,23612.96,61141.28,2.59,False,False
SKU-03228,Caderno Moderno Branco,Lifestyle,Caderno,FORN-018,58,27.54,58.1,433,125,308,86,2023-03-21,Em Estoque,448,0.2662,8482.32,17894.8,2.11,False,False
SKU-03229,Brinco Artesanal Verde,Acessórios,Brinco,FORN-069,12,180.91,382.37,289,12,277,53,2024-09-03,Em Estoque,448,0.2485,50112.07,105916.49,2.11,False,False
SKU-03230,Jaqueta Básico Prata,Moda,Jaqueta,FORN-089,8,152.45,468.02,641,190,451,76,2024-10-23,Em Estoque,448,0.089,68754.95,211077.02,3.07,False,False
SKU-03231,Perfume Premium Bege,Beleza,Perfume,FORN-037,10,141.32,339.15,469,26,443,108,2023-12-15,Em Estoque,392,0.1671,62604.76,150243.45,2.4,False,False
SKU-03232,Colar Artesanal Bege,Acessórios,Colar,FORN-066,11,96.44,230.81,28,2,26,62,2023-08-09,Estoque Crítico,448,0.3173,2507.44,6001.06,2.39,True,False
SKU-03233,Óculos de Sol Exclusivo Branco,Acessórios,Óculos de Sol,FORN-006,57,21.09,55.05,248,49,199,69,2024-05-07,Em Estoque,448,0.3402,4196.91,10954.95,2.61,False,False
SKU-03234,Top Sport Vermelho,Moda,Top,FORN-027,8,295.33,660.63,75,20,55,55,2025-09-22,Estoque Crítico,448,0.4714,16243.15,36334.65,2.24,False,False
SKU-03235,Vestido Oversize Bege,Moda,Vestido,FORN-013,10,294.02,882.46,275,29,246,99,2023-08-05,Em Estoque,448,0.3346,72328.92,217085.16,3.0,False,False
SKU-03236,Brinco Premium Rosa,Acessórios,Brinco,FORN-094,54,223.67,418.52,26,2,24,72,2024-05-21,Estoque Crítico,448,0.2358,5368.08,10044.48,1.87,True,False
SKU-03237,Colar Premium Verde,Acessórios,Colar,FORN-093,10,325.05,986.38,23,6,17,113,2023-02-08,Estoque Crítico,448,0.3068,5525.85,16768.46,3.03,True,False
SKU-03238,Blusa de Tricô Urban Prata,Moda,Blusa de Tricô,FORN-078,7,199.84,590.13,452,129,323,135,2023-06-14,Em Estoque,448,0.4514,64548.32,190611.99,2.95,False,False
SKU-03239,Pulseira Moderno Verde,Acessórios,Pulseira,FORN-047,10,172.7,417.0,302,71,231,26,2025-03-18,Em Estoque,448,0.1057,39893.7,96327.0,2.41,False,False
SKU-03240,Blush Slim Prata,Beleza,Blush,FORN-050,46,36.64,78.86,184,31,153,63,2023-09-01,Em Estoque,308,0.2036,5605.92,12065.58,2.15,False,False
SKU-03241,Kit Skincare Urban Rosa,Beleza,Kit Skincare,FORN-002,9,115.71,348.88,189,1,188,36,2024-06-01,Em Estoque,581,0.1742,21753.48,65589.44,3.02,False,False
SKU-03242,Camisa Social Delicado Nude,Moda,Camisa Social,FORN-082,46,265.3,561.62,406,63,343,44,2023-04-06,Em Estoque,448,0.022,90997.9,192635.66,2.12,False,False
SKU-03243,Camiseta Edição Limitada Azul,Moda,Camiseta,FORN-089,6,238.18,711.65,439,120,319,35,2025-04-13,Em Estoque,448,0.1706,75979.42,227016.35,2.99,False,False
SKU-03244,Top Delicado Branco,Moda,Top,FORN-039,7,336.68,1064.4,157,6,151,44,2023-04-06,Em Estoque,448,0.34,50838.68,160724.4,3.16,False,False
SKU-03245,Carteira Slim Preto,Acessórios,Carteira,FORN-092,49,261.69,808.05,152,8,144,47,2024-12-20,Em Estoque,448,0.1443,37683.36,116359.2,3.09,False,False
SKU-03246,Jaqueta Sport Bege,Moda,Jaqueta,FORN-100,46,25.73,45.14,132,38,94,53,2025-11-22,Em Estoque,448,0.3315,2418.62,4243.16,1.75,False,False
SKU-03247,Top Artesanal Dourado,Moda,Top,FORN-073,48,291.38,574.99,235,41,194,107,2023-11-16,Em Estoque,448,0.0927,56527.72,111548.06,1.97,False,False
SKU-03248,Legging Sport Prata,Moda,Legging,FORN-036,11,299.4,862.2,1186,275,911,126,2024-10-12,Em Estoque,448,0.0355,272753.4,785464.2,2.88,False,False
SKU-03249,Regata Moderno Preto,Moda,Regata,FORN-083,12,35.1,59.18,251,30,221,106,2023-03-16,Em Estoque,448,0.455,7757.1,13078.78,1.69,False,False
SKU-03250,Caderno Edição Limitada Dourado,Lifestyle,Caderno,FORN-093,7,180.13,429.4,477,50,427,119,2023-10-05,Em Estoque,448,0.406,76915.51,183353.8,2.38,False,False
SKU-03251,Espelho de Mesa Sustentável Dourado,Lifestyle,Espelho de Mesa,FORN-059,8,226.68,631.53,353,38,315,59,2025-03-03,Em Estoque,448,0.0839,71404.2,198931.95,2.79,False,False
SKU-03252,Vestido Clássico Prata,Moda,Vestido,FORN-029,51,218.38,624.17,201,59,142,93,2023-12-06,Em Estoque,448,0.3011,31009.96,88632.14,2.86,False,False
SKU-03253,Vestido Sustentável Preto,Moda,Vestido,FORN-099,14,347.48,717.9,43,10,33,34,2024-05-03,Estoque Crítico,448,0.0867,11466.84,23690.7,2.07,True,False
SKU-03254,Vestido Clássico Nude,Moda,Vestido,FORN-020,53,328.17,728.73,1081,290,791,66,2025-12-08,Em Estoque,448,0.349,259582.47,576425.43,2.22,False,False
SKU-03255,Shorts Edição Limitada Bege,Moda,Shorts,FORN-089,14,282.8,541.44,470,90,380,60,2024-09-27,Em Estoque,448,0.4425,107464.0,205747.2,1.91,False,False
SKU-03256,Pulseira Sport Prata,Acessórios,Pulseira,FORN-058,56,319.35,551.68,463,5,458,97,2023-01-19,Em Estoque,448,0.1347,146262.3,252669.44,1.73,False,False
SKU-03257,Óleo Corporal Artesanal Verde,Beleza,Óleo Corporal,FORN-008,50,151.24,461.98,66,7,59,56,2025-12-22,Descontinuado,184,0.2802,8923.16,27256.82,3.05,False,True
SKU-03258,Carteira Exclusivo Vermelho,Acessórios,Carteira,FORN-078,9,211.12,438.45,348,58,290,82,2024-12-21,Em Estoque,448,0.0849,61224.8,127150.5,2.08,False,False
SKU-03259,Creme Hidratante Exclusivo Azul,Beleza,Creme Hidratante,FORN-095,10,382.57,845.22,185,2,183,107,2025-03-22,Em Estoque,649,0.4224,70010.31,154675.26,2.21,False,False
SKU-03260,Cinto Premium Bege,Acessórios,Cinto,FORN-043,7,277.45,607.72,410,81,329,77,2025-02-26,Em Estoque,448,0.3343,91281.05,199939.88,2.19,False,False
SKU-03261,Brinco Oversize Vermelho,Acessórios,Brinco,FORN-023,15,135.25,231.92,216,52,164,124,2024-11-17,Descontinuado,448,0.324,22181.0,38034.88,1.71,False,True
SKU-03262,Creme Hidratante Premium Verde,Beleza,Creme Hidratante,FORN-073,57,134.84,223.38,102,13,89,78,2023-05-27,Em Estoque,339,0.0127,12000.76,19880.82,1.66,False,False
SKU-03263,Legging Sport Azul,Moda,Legging,FORN-018,58,260.89,540.54,225,7,218,63,2024-02-12,Em Estoque,448,0.4211,56874.02,117837.72,2.07,False,False
SKU-03264,Calça Jeans Premium Nude,Moda,Calça Jeans,FORN-009,10,276.81,857.39,430,93,337,71,2025-02-24,Em Estoque,448,0.0826,93284.97,288940.43,3.1,False,False
SKU-03265,Sombra Luxo Vermelho,Beleza,Sombra,FORN-036,14,188.8,434.4,237,7,230,121,2024-11-21,Em Estoque,477,0.1416,43424.0,99912.0,2.3,False,False
SKU-03266,Esfoliante Luxo Azul,Beleza,Esfoliante,FORN-005,59,393.41,1093.4,0,0,0,30,2025-01-24,Ruptura,217,0.0555,0.0,0.0,2.78,True,False
SKU-03267,Shorts Exclusivo Preto,Moda,Shorts,FORN-048,11,250.28,519.51,1156,260,896,133,2024-12-19,Em Estoque,448,0.0137,224250.88,465480.96,2.08,False,False
SKU-03268,Calça Jeans Luxo Preto,Moda,Calça Jeans,FORN-085,46,186.94,508.07,700,145,555,54,2023-05-19,Em Estoque,448,0.0091,103751.7,281978.85,2.72,False,False
SKU-03269,Colar Premium Rosa,Acessórios,Colar,FORN-011,7,47.89,111.75,343,35,308,62,2023-01-26,Em Estoque,448,0.3931,14750.12,34419.0,2.33,False,False
SKU-03270,Blusa de Tricô Sport Prata,Moda,Blusa de Tricô,FORN-066,12,228.86,380.42,840,113,727,101,2025-02-09,Em Estoque,448,0.2617,166381.22,276565.34,1.66,False,False
SKU-03271,Calça Jeans Oversize Vermelho,Moda,Calça Jeans,FORN-003,14,153.45,310.79,134,30,104,23,2025-03-03,Em Estoque,448,0.1159,15958.8,32322.16,2.03,False,False
SKU-03272,Base Líquida Oversize Branco,Beleza,Base Líquida,FORN-016,47,364.74,837.11,442,120,322,34,2024-04-25,Em Estoque,294,0.0188,117446.28,269549.42,2.3,False,False
SKU-03273,Moletom Oversize Preto,Moda,Moletom,FORN-081,53,382.44,1146.26,191,22,169,65,2023-12-02,Em Estoque,448,0.2501,64632.36,193717.94,3.0,False,False
SKU-03274,Vestido Premium Dourado,Moda,Vestido,FORN-019,10,298.79,738.96,313,92,221,55,2024-01-18,Em Estoque,448,0.3599,66032.59,163310.16,2.47,False,False
SKU-03275,Camisa Social Edição Limitada Nude,Moda,Camisa Social,FORN-017,55,310.99,612.15,240,12,228,13,2025-12-21,Em Estoque,448,0.1195,70905.72,139570.2,1.97,False,False
SKU-03276,Camisa Social Básico Rosa,Moda,Camisa Social,FORN-099,5,29.78,76.0,699,42,657,125,2025-02-26,Em Estoque,448,0.3312,19565.46,49932.0,2.55,False,False
SKU-03277,Relógio de Parede Clássico Prata,Lifestyle,Relógio de Parede,FORN-067,59,345.9,722.74,39,5,34,75,2025-03-26,Estoque Crítico,448,0.1786,11760.6,24573.16,2.09,True,False
SKU-03278,Creme Hidratante Sport Verde,Beleza,Creme Hidratante,FORN-006,49,173.97,350.89,88,15,73,72,2025-12-14,Em Estoque,627,0.4472,12699.81,25614.97,2.02,False,False
SKU-03279,Base Líquida Premium Verde,Beleza,Base Líquida,FORN-009,7,234.9,650.05,357,59,298,47,2024-04-01,Em Estoque,684,0.2359,70000.2,193714.9,2.77,False,False
SKU-03280,Protetor Solar Urban Vermelho,Beleza,Protetor Solar,FORN-059,12,212.89,344.57,1,0,1,74,2023-09-20,Estoque Crítico,408,0.3169,212.89,344.57,1.62,True,False
SKU-03281,Legging Luxo Azul,Moda,Legging,FORN-025,6,397.48,924.96,584,171,413,73,2024-07-03,Em Estoque,448,0.1943,164159.24,382008.48,2.33,False,False
SKU-03282,Calça Jeans Sustentável Bege,Moda,Calça Jeans,FORN-076,55,298.73,802.61,390,111,279,112,2023-11-18,Em Estoque,448,0.2098,83345.67,223928.19,2.69,False,False
SKU-03283,Condicionador Básico Branco,Beleza,Condicionador,FORN-003,13,122.93,329.14,319,3,316,56,2025-11-22,Em Estoque,668,0.1961,38845.88,104008.24,2.68,False,False
SKU-03284,Condicionador Edição Limitada Preto,Beleza,Condicionador,FORN-100,58,106.84,308.43,111,22,89,21,2024-07-23,Em Estoque,618,0.0053,9508.76,27450.27,2.89,False,False
SKU-03285,Caderno Premium Prata,Lifestyle,Caderno,FORN-083,5,266.47,571.21,471,12,459,23,2025-04-02,Em Estoque,448,0.3113,122309.73,262185.39,2.14,False,False
SKU-03286,Sombra Sport Nude,Beleza,Sombra,FORN-098,46,153.56,485.52,189,27,162,85,2024-02-19,Em Estoque,249,0.4223,24876.72,78654.24,3.16,False,False
SKU-03287,Moletom Básico Vermelho,Moda,Moletom,FORN-007,10,24.88,46.98,650,149,501,20,2024-07-03,Em Estoque,448,0.3814,12464.88,23536.98,1.89,False,False
SKU-03288,Sombra Slim Nude,Beleza,Sombra,FORN-069,8,176.96,430.9,312,1,311,70,2023-02-15,Em Estoque,275,0.4871,55034.56,134009.9,2.44,False,False
SKU-03289,Luminária Sustentável Verde,Lifestyle,Luminária,FORN-048,5,388.24,1240.4,404,5,399,81,2023-08-11,Em Estoque,448,0.1003,154907.76,494919.6,3.19,False,False
SKU-03290,Brinco Luxo Dourado,Acessórios,Brinco,FORN-046,49,359.39,932.0,26,3,23,110,2023-04-19,Estoque Crítico,448,0.0304,8265.97,21436.0,2.59,True,False
SKU-03291,Creme Hidratante Exclusivo Vermelho,Beleza,Creme Hidratante,FORN-057,10,355.35,836.91,188,54,134,62,2024-02-11,Em Estoque,685,0.1429,47616.9,112145.94,2.36,False,False
SKU-03292,Máscara de Cílios Sustentável Preto,Beleza,Máscara de Cílios,FORN-067,48,84.9,198.08,0,0,0,16,2023-08-18,Ruptura,182,0.0587,0.0,0.0,2.33,True,False
SKU-03293,Vestido Delicado Preto,Moda,Vestido,FORN-065,7,341.89,687.65,99,12,87,12,2025-11-20,Descontinuado,448,0.2326,29744.43,59825.55,2.01,False,True
SKU-03294,Perfume Exclusivo Verde,Beleza,Perfume,FORN-015,57,171.46,428.65,0,0,0,76,2024-05-20,Ruptura,408,0.3923,0.0,0.0,2.5,True,False
SKU-03295,Top Sport Vermelho,Moda,Top,FORN-092,47,184.98,487.42,128,29,99,123,2023-07-04,Estoque Crítico,448,0.0103,18313.02,48254.58,2.63,True,False
SKU-03296,Top Delicado Preto,Moda,Top,FORN-022,57,27.34,80.9,535,105,430,101,2025-06-19,Em Estoque,448,0.0464,11756.2,34787.0,2.96,False,False
SKU-03297,Óleo Corporal Edição Limitada Prata,Beleza,Óleo Corporal,FORN-065,11,363.23,1088.84,319,73,246,65,2023-11-19,Em Estoque,461,0.1768,89354.58,267854.64,3.0,False,False
SKU-03298,Carteira Exclusivo Preto,Acessórios,Carteira,FORN-023,8,225.62,561.87,210,10,200,87,2024-05-08,Em Estoque,448,0.4238,45124.0,112374.0,2.49,False,False
SKU-03299,Kit Chá Moderno Vermelho,Lifestyle,Kit Chá,FORN-099,15,265.46,688.28,432,15,417,141,2024-08-11,Em Estoque,448,0.3693,110696.82,287012.76,2.59,False,False
SKU-03300,Blush Edição Limitada Azul,Beleza,Blush,FORN-014,13,291.82,772.24,92,22,70,14,2023-03-10,Em Estoque,349,0.3215,20427.4,54056.8,2.65,False,False
SKU-03301,Condicionador Oversize Bege,Beleza,Condicionador,FORN-026,54,171.81,536.19,40,5,35,27,2023-02-25,Em Estoque,184,0.4105,6013.35,18766.65,3.12,False,False
SKU-03302,Mochila Premium Branco,Acessórios,Mochila,FORN-003,11,379.26,866.05,162,32,130,124,2025-11-06,Em Estoque,448,0.0656,49303.8,112586.5,2.28,False,False
SKU-03303,Batom Oversize Prata,Beleza,Batom,FORN-017,51,231.58,492.67,359,81,278,20,2025-11-10,Em Estoque,198,0.345,64379.24,136962.26,2.13,False,False
SKU-03304,Lenço Edição Limitada Azul,Acessórios,Lenço,FORN-068,8,303.67,669.05,485,99,386,15,2025-02-09,Em Estoque,448,0.266,117216.62,258253.3,2.2,False,False
SKU-03305,Óculos de Sol Artesanal Vermelho,Acessórios,Óculos de Sol,FORN-043,8,89.66,223.2,456,57,399,29,2024-11-07,Descontinuado,448,0.0093,35774.34,89056.8,2.49,False,True
SKU-03306,Carteira Artesanal Preto,Acessórios,Carteira,FORN-038,13,284.49,690.23,483,5,478,29,2024-01-17,Em Estoque,448,0.319,135986.22,329929.94,2.43,False,False
SKU-03307,Jaqueta Slim Verde,Moda,Jaqueta,FORN-010,50,250.35,460.23,661,88,573,79,2023-09-07,Em Estoque,448,0.2486,143450.55,263711.79,1.84,False,False
SKU-03308,Creme Hidratante Urban Dourado,Beleza,Creme Hidratante,FORN-097,9,74.99,161.99,234,39,195,66,2025-03-02,Em Estoque,544,0.4132,14623.05,31588.05,2.16,False,False
SKU-03309,Legging Delicado Preto,Moda,Legging,FORN-057,13,182.57,422.53,340,4,336,92,2023-12-11,Em Estoque,448,0.454,61343.52,141970.08,2.31,False,False
SKU-03310,Batom Sport Preto,Beleza,Batom,FORN-084,8,169.14,393.04,111,24,87,27,2024-03-09,Em Estoque,266,0.4976,14715.18,34194.48,2.32,False,False
SKU-03311,Difusor Luxo Vermelho,Lifestyle,Difusor,FORN-095,8,76.94,162.0,212,8,204,80,2025-12-06,Em Estoque,448,0.1329,15695.76,33048.0,2.11,False,False
SKU-03312,Shorts Exclusivo Verde,Moda,Shorts,FORN-010,59,220.45,598.0,697,126,571,131,2023-01-25,Em Estoque,448,0.131,125876.95,341458.0,2.71,False,False
SKU-03313,Bolsa de Couro Básico Dourado,Acessórios,Bolsa de Couro,FORN-086,9,311.04,794.01,156,1,155,25,2023-12-19,Em Estoque,448,0.2067,48211.2,123071.55,2.55,False,False
SKU-03314,Protetor Solar Luxo Verde,Beleza,Protetor Solar,FORN-077,58,335.01,775.14,127,35,92,131,2024-08-13,Estoque Crítico,180,0.0679,30820.92,71312.88,2.31,True,False
SKU-03315,Saia Delicado Branco,Moda,Saia,FORN-037,10,63.5,121.24,279,0,279,42,2025-11-26,Em Estoque,448,0.4094,17716.5,33825.96,1.91,False,False
SKU-03316,Relógio de Parede Delicado Vermelho,Lifestyle,Relógio de Parede,FORN-044,7,236.63,724.31,192,30,162,102,2024-03-15,Em Estoque,448,0.1267,38334.06,117338.22,3.06,False,False
SKU-03317,Almofada Premium Azul,Lifestyle,Almofada,FORN-100,54,241.98,762.2,387,73,314,73,2025-08-12,Em Estoque,448,0.1653,75981.72,239330.8,3.15,False,False
SKU-03318,Creme Hidratante Urban Bege,Beleza,Creme Hidratante,FORN-024,46,345.29,697.21,17,2,15,75,2024-08-28,Estoque Crítico,696,0.4383,5179.35,10458.15,2.02,True,False
SKU-03319,Espelho de Mesa Urban Preto,Lifestyle,Espelho de Mesa,FORN-009,13,296.85,697.48,395,88,307,52,2024-01-09,Em Estoque,448,0.2562,91132.95,214126.36,2.35,False,False
SKU-03320,Legging Clássico Prata,Moda,Legging,FORN-058,47,343.49,743.69,706,69,637,78,2023-01-05,Em Estoque,448,0.3103,218803.13,473730.53,2.17,False,False
SKU-03321,Garrafa Térmica Exclusivo Verde,Lifestyle,Garrafa Térmica,FORN-040,9,351.68,662.14,143,3,140,49,2025-05-27,Em Estoque,448,0.3826,49235.2,92699.6,1.88,False,False
SKU-03322,Moletom Exclusivo Prata,Moda,Moletom,FORN-050,46,224.92,522.31,204,53,151,75,2025-03-16,Em Estoque,448,0.2202,33962.92,78868.81,2.32,False,False
SKU-03323,Base Líquida Oversize Dourado,Beleza,Base Líquida,FORN-071,12,93.54,266.71,274,10,264,97,2024-02-27,Em Estoque,340,0.0334,24694.56,70411.44,2.85,False,False
SKU-03324,Batom Sustentável Branco,Beleza,Batom,FORN-031,13,294.55,564.35,149,1,148,65,2023-10-23,Em Estoque,587,0.2132,43593.4,83523.8,1.92,False,False
SKU-03325,Meias Básico Vermelho,Acessórios,Meias,FORN-022,54,303.76,807.27,316,92,224,149,2025-12-19,Em Estoque,448,0.2164,68042.24,180828.48,2.66,False,False
SKU-03326,Mochila Clássico Branco,Acessórios,Mochila,FORN-065,7,88.46,207.27,498,46,452,42,2024-08-13,Em Estoque,448,0.445,39983.92,93686.04,2.34,False,False
SKU-03327,Blush Premium Dourado,Beleza,Blush,FORN-014,11,340.0,594.05,137,33,104,101,2024-10-05,Em Estoque,729,0.1859,35360.0,61781.2,1.75,False,False
SKU-03328,Blusa de Tricô Clássico Nude,Moda,Blusa de Tricô,FORN-065,5,392.81,644.77,1176,35,1141,67,2024-04-09,Em Estoque,448,0.0652,448196.21,735682.57,1.64,False,False
SKU-03329,Calça Jeans Básico Verde,Moda,Calça Jeans,FORN-041,13,396.91,1179.61,67,18,49,95,2023-08-03,Estoque Crítico,448,0.3913,19448.59,57800.89,2.97,True,False
SKU-03330,Pochete Luxo Preto,Acessórios,Pochete,FORN-056,12,199.42,455.46,341,77,264,60,2023-04-04,Em Estoque,448,0.1962,52646.88,120241.44,2.28,False,False
SKU-03331,Brinco Moderno Prata,Acessórios,Brinco,FORN-026,51,172.09,356.84,178,20,158,12,2023-06-08,Em Estoque,448,0.4592,27190.22,56380.72,2.07,False,False
SKU-03332,Porta-Retrato Luxo Branco,Lifestyle,Porta-Retrato,FORN-005,48,80.99,252.42,357,51,306,125,2024-10-03,Em Estoque,448,0.2948,24782.94,77240.52,3.12,False,False
SKU-03333,Kit Skincare Delicado Dourado,Beleza,Kit Skincare,FORN-061,46,108.34,295.18,245,0,245,102,2024-09-22,Em Estoque,380,0.0941,26543.3,72319.1,2.72,False,False
SKU-03334,Shorts Delicado Azul,Moda,Shorts,FORN-043,9,160.94,464.69,197,55,142,130,2025-09-17,Em Estoque,448,0.4917,22853.48,65985.98,2.89,False,False
SKU-03335,Regata Edição Limitada Azul,Moda,Regata,FORN-054,54,393.53,826.04,316,64,252,39,2023-11-13,Em Estoque,448,0.0978,99169.56,208162.08,2.1,False,False
SKU-03336,Moletom Luxo Dourado,Moda,Moletom,FORN-098,51,234.52,613.04,386,100,286,15,2024-03-28,Em Estoque,448,0.148,67072.72,175329.44,2.61,False,False
SKU-03337,Máscara de Cílios Delicado Branco,Beleza,Máscara de Cílios,FORN-012,14,335.21,679.19,134,13,121,97,2023-07-20,Em Estoque,353,0.0308,40560.41,82181.99,2.03,False,False
SKU-03338,Protetor Solar Exclusivo Dourado,Beleza,Protetor Solar,FORN-018,48,55.87,172.62,110,32,78,48,2025-10-20,Em Estoque,221,0.0533,4357.86,13464.36,3.09,False,False
SKU-03339,Cinto Delicado Verde,Acessórios,Cinto,FORN-080,10,377.29,899.5,218,10,208,121,2025-01-24,Em Estoque,448,0.1947,78476.32,187096.0,2.38,False,False
SKU-03340,Jaqueta Premium Rosa,Moda,Jaqueta,FORN-094,45,22.33,70.47,698,69,629,117,2025-01-03,Em Estoque,448,0.3846,14045.57,44325.63,3.16,False,False
SKU-03341,Shorts Moderno Azul,Moda,Shorts,FORN-054,45,367.97,879.36,1153,55,1098,40,2024-05-19,Em Estoque,448,0.316,404031.06,965537.28,2.39,False,False
SKU-03342,Espelho de Mesa Clássico Nude,Lifestyle,Espelho de Mesa,FORN-011,15,200.11,555.64,55,12,43,22,2025-02-08,Em Estoque,448,0.0338,8604.73,23892.52,2.78,False,False
SKU-03343,Óleo Corporal Sport Nude,Beleza,Óleo Corporal,FORN-017,45,365.33,1067.75,500,146,354,87,2025-11-07,Descontinuado,207,0.445,129326.82,377983.5,2.92,False,True
SKU-03344,Mochila Luxo Prata,Acessórios,Mochila,FORN-002,6,307.4,659.23,421,84,337,65,2025-07-01,Em Estoque,448,0.1467,103593.8,222160.51,2.14,False,False
SKU-03345,Óleo Corporal Urban Azul,Beleza,Óleo Corporal,FORN-084,9,360.05,860.03,64,1,63,10,2025-07-02,Em Estoque,560,0.099,22683.15,54181.89,2.39,False,False
SKU-03346,Top Delicado Preto,Moda,Top,FORN-046,52,88.05,249.51,442,78,364,149,2025-09-21,Em Estoque,448,0.4103,32050.2,90821.64,2.83,False,False
SKU-03347,Condicionador Slim Nude,Beleza,Condicionador,FORN-064,5,120.6,246.27,452,84,368,92,2024-02-22,Em Estoque,395,0.0823,44380.8,90627.36,2.04,False,False
SKU-03348,Blusa de Tricô Delicado Dourado,Moda,Blusa de Tricô,FORN-097,15,382.3,788.58,82,18,64,62,2024-04-19,Em Estoque,448,0.0017,24467.2,50469.12,2.06,False,False
SKU-03349,Condicionador Artesanal Branco,Beleza,Condicionador,FORN-089,11,329.44,738.14,225,3,222,102,2023-02-17,Em Estoque,520,0.3385,73135.68,163867.08,2.24,False,False
SKU-03350,Mochila Exclusivo Preto,Acessórios,Mochila,FORN-034,51,250.32,458.35,7,0,7,141,2025-11-17,Estoque Crítico,448,0.2939,1752.24,3208.45,1.83,True,False
SKU-03351,Regata Luxo Verde,Moda,Regata,FORN-062,13,320.49,824.94,889,12,877,64,2024-08-07,Em Estoque,448,0.0775,281069.73,723472.38,2.57,False,False
SKU-03352,Perfume Delicado Prata,Beleza,Perfume,FORN-053,14,264.13,551.87,181,13,168,25,2024-05-17,Em Estoque,259,0.4021,44373.84,92714.16,2.09,False,False
SKU-03353,Camiseta Sport Nude,Moda,Camiseta,FORN-045,15,64.69,131.84,473,141,332,35,2023-12-28,Em Estoque,448,0.0384,21477.08,43770.88,2.04,False,False
SKU-03354,Bolsa de Couro Premium Rosa,Acessórios,Bolsa de Couro,FORN-066,10,135.68,359.75,370,108,262,44,2025-04-22,Em Estoque,448,0.4627,35548.16,94254.5,2.65,False,False
SKU-03355,Legging Artesanal Rosa,Moda,Legging,FORN-087,10,82.86,175.91,254,49,205,47,2024-06-14,Em Estoque,448,0.1352,16986.3,36061.55,2.12,False,False
SKU-03356,Cinto Sport Nude,Acessórios,Cinto,FORN-070,59,43.27,132.33,29,3,26,43,2023-06-05,Estoque Crítico,448,0.2948,1125.02,3440.58,3.06,True,False
SKU-03357,Moletom Básico Branco,Moda,Moletom,FORN-013,9,215.74,426.02,256,4,252,113,2025-06-25,Em Estoque,448,0.3387,54366.48,107357.04,1.97,False,False
SKU-03358,Porta-Retrato Básico Vermelho,Lifestyle,Porta-Retrato,FORN-053,14,133.46,232.34,359,81,278,25,2023-02-03,Em Estoque,448,0.1043,37101.88,64590.52,1.74,False,False
SKU-03359,Bolsa de Couro Básico Vermelho,Acessórios,Bolsa de Couro,FORN-059,14,333.72,714.03,188,40,148,109,2025-08-08,Em Estoque,448,0.2746,49390.56,105676.44,2.14,False,False
SKU-03360,Protetor Solar Edição Limitada Prata,Beleza,Protetor Solar,FORN-040,6,131.5,275.05,201,57,144,53,2023-09-01,Em Estoque,450,0.3316,18936.0,39607.2,2.09,False,False
SKU-03361,Óleo Corporal Moderno Prata,Beleza,Óleo Corporal,FORN-087,14,315.91,512.34,373,78,295,104,2023-10-25,Em Estoque,456,0.0817,93193.45,151140.3,1.62,False,False
SKU-03362,Batom Exclusivo Azul,Beleza,Batom,FORN-051,7,145.92,337.51,91,2,89,16,2025-09-16,Em Estoque,473,0.4768,12986.88,30038.39,2.31,False,False
SKU-03363,Camiseta Luxo Verde,Moda,Camiseta,FORN-075,47,368.22,1127.19,758,222,536,140,2025-12-03,Em Estoque,448,0.1687,197365.92,604173.84,3.06,False,False
SKU-03364,Kit Skincare Oversize Verde,Beleza,Kit Skincare,FORN-022,58,117.27,305.26,71,4,67,34,2024-04-05,Em Estoque,717,0.2403,7857.09,20452.42,2.6,False,False
SKU-03365,Máscara de Cílios Artesanal Prata,Beleza,Máscara de Cílios,FORN-008,50,28.55,52.76,38,10,28,127,2023-07-11,Estoque Crítico,429,0.3598,799.4,1477.28,1.85,True,False
SKU-03366,Shorts Urban Verde,Moda,Shorts,FORN-063,13,306.33,974.15,771,195,576,107,2023-12-12,Em Estoque,448,0.1101,176446.08,561110.4,3.18,False,False
SKU-03367,Colar Luxo Branco,Acessórios,Colar,FORN-029,45,25.78,45.91,33,4,29,118,2024-05-06,Estoque Crítico,448,0.0427,747.62,1331.39,1.78,True,False
SKU-03368,Top Sustentável Prata,Moda,Top,FORN-087,15,30.56,90.38,343,78,265,45,2025-03-16,Em Estoque,448,0.0127,8098.4,23950.7,2.96,False,False
SKU-03369,Luminária Premium Rosa,Lifestyle,Luminária,FORN-073,59,171.81,531.93,242,66,176,125,2025-03-12,Em Estoque,448,0.2962,30238.56,93619.68,3.1,False,False
SKU-03370,Creme Hidratante Básico Branco,Beleza,Creme Hidratante,FORN-028,10,25.86,59.91,222,37,185,107,2024-03-23,Em Estoque,592,0.0958,4784.1,11083.35,2.32,False,False
SKU-03371,Perfume Premium Preto,Beleza,Perfume,FORN-057,6,366.08,946.51,144,31,113,90,2023-11-25,Em Estoque,368,0.0649,41367.04,106955.63,2.59,False,False
SKU-03372,Vestido Luxo Dourado,Moda,Vestido,FORN-002,9,74.11,231.96,378,92,286,67,2023-11-23,Em Estoque,448,0.1059,21195.46,66340.56,3.13,False,False
SKU-03373,Condicionador Slim Azul,Beleza,Condicionador,FORN-028,6,174.39,551.6,38,6,32,113,2025-10-22,Estoque Crítico,662,0.1544,5580.48,17651.2,3.16,True,False
SKU-03374,Moletom Artesanal Dourado,Moda,Moletom,FORN-006,60,63.5,162.93,539,148,391,94,2023-02-04,Em Estoque,448,0.273,24828.5,63705.63,2.57,False,False
SKU-03375,Protetor Solar Artesanal Preto,Beleza,Protetor Solar,FORN-026,60,64.62,170.31,479,132,347,112,2023-03-13,Em Estoque,362,0.3622,22423.14,59097.57,2.64,False,False
SKU-03376,Regata Exclusivo Rosa,Moda,Regata,FORN-092,57,301.49,892.74,687,118,569,137,2024-01-17,Em Estoque,448,0.1791,171547.81,507969.06,2.96,False,False
SKU-03377,Relógio de Parede Básico Branco,Lifestyle,Relógio de Parede,FORN-064,13,118.1,246.93,25,0,25,49,2025-08-27,Estoque Crítico,448,0.131,2952.5,6173.25,2.09,True,False
SKU-03378,Creme Hidratante Clássico Rosa,Beleza,Creme Hidratante,FORN-040,8,187.79,548.57,207,24,183,119,2023-05-10,Em Estoque,586,0.3931,34365.57,100388.31,2.92,False,False
SKU-03379,Difusor Básico Prata,Lifestyle,Difusor,FORN-068,6,174.7,426.57,378,62,316,122,2025-04-10,Em Estoque,448,0.2324,55205.2,134796.12,2.44,False,False
SKU-03380,Blush Exclusivo Rosa,Beleza,Blush,FORN-048,7,195.87,387.06,124,6,118,142,2025-02-11,Estoque Crítico,605,0.2483,23112.66,45673.08,1.98,True,False
SKU-03381,Carteira Luxo Azul,Acessórios,Carteira,FORN-043,9,258.59,775.56,180,21,159,122,2025-08-21,Em Estoque,448,0.3622,41115.81,123314.04,3.0,False,False
SKU-03382,Sombra Premium Dourado,Beleza,Sombra,FORN-057,15,41.0,85.85,327,47,280,96,2023-01-01,Em Estoque,380,0.0528,11480.0,24038.0,2.09,False,False
SKU-03383,Carteira Clássico Dourado,Acessórios,Carteira,FORN-023,10,243.35,431.58,93,18,75,101,2024-08-23,Estoque Crítico,448,0.0645,18251.25,32368.5,1.77,True,False
SKU-03384,Blusa de Tricô Oversize Bege,Moda,Blusa de Tricô,FORN-042,48,209.27,431.5,544,82,462,49,2025-07-10,Em Estoque,448,0.3799,96682.74,199353.0,2.06,False,False
SKU-03385,Garrafa Térmica Sustentável Rosa,Lifestyle,Garrafa Térmica,FORN-020,49,317.2,519.53,65,1,64,80,2023-01-14,Estoque Crítico,448,0.147,20300.8,33249.92,1.64,True,False
SKU-03386,Sérum Facial Sustentável Bege,Beleza,Sérum Facial,FORN-049,10,79.43,134.93,424,27,397,81,2025-08-14,Descontinuado,601,0.2263,31533.71,53567.21,1.7,False,True
SKU-03387,Vestido Oversize Preto,Moda,Vestido,FORN-008,52,396.7,1253.09,752,99,653,59,2023-01-12,Em Estoque,448,0.2118,259045.1,818267.77,3.16,False,False
SKU-03388,Moletom Artesanal Vermelho,Moda,Moletom,FORN-081,48,275.75,780.07,343,66,277,74,2024-11-12,Em Estoque,448,0.1991,76382.75,216079.39,2.83,False,False
SKU-03389,Creme Hidratante Básico Branco,Beleza,Creme Hidratante,FORN-096,5,324.15,930.84,346,21,325,18,2025-10-13,Em Estoque,214,0.1494,105348.75,302523.0,2.87,False,False
SKU-03390,Mochila Clássico Azul,Acessórios,Mochila,FORN-024,48,337.87,605.37,493,119,374,90,2023-10-13,Em Estoque,448,0.3965,126363.38,226408.38,1.79,False,False
SKU-03391,Mochila Premium Verde,Acessórios,Mochila,FORN-067,58,154.39,266.94,138,13,125,79,2023-03-02,Em Estoque,448,0.0243,19298.75,33367.5,1.73,False,False
SKU-03392,Calça Jeans Delicado Preto,Moda,Calça Jeans,FORN-059,12,83.98,153.64,477,85,392,139,2025-04-24,Em Estoque,448,0.4663,32920.16,60226.88,1.83,False,False
SKU-03393,Legging Edição Limitada Preto,Moda,Legging,FORN-011,12,314.03,997.1,707,170,537,145,2024-04-17,Em Estoque,448,0.2584,168634.11,535442.7,3.18,False,False
SKU-03394,Calça Jeans Delicado Azul,Moda,Calça Jeans,FORN-005,56,85.41,264.33,154,33,121,66,2024-03-05,Em Estoque,448,0.2474,10334.61,31983.93,3.09,False,False
SKU-03395,Shorts Delicado Prata,Moda,Shorts,FORN-004,57,268.13,698.93,270,78,192,112,2025-05-14,Descontinuado,448,0.4223,51480.96,134194.56,2.61,False,True
SKU-03396,Meias Clássico Vermelho,Acessórios,Meias,FORN-014,11,295.11,645.2,323,39,284,43,2024-10-08,Em Estoque,448,0.2944,83811.24,183236.8,2.19,False,False
SKU-03397,Máscara de Cílios Básico Rosa,Beleza,Máscara de Cílios,FORN-086,11,49.41,109.53,424,8,416,89,2024-11-13,Em Estoque,332,0.4826,20554.56,45564.48,2.22,False,False
SKU-03398,Cinto Delicado Verde,Acessórios,Cinto,FORN-034,54,51.37,143.69,387,101,286,77,2023-08-15,Em Estoque,448,0.0843,14691.82,41095.34,2.8,False,False
SKU-03399,Kit Chá Premium Verde,Lifestyle,Kit Chá,FORN-002,8,142.13,404.45,425,43,382,70,2024-03-25,Em Estoque,448,0.3341,54293.66,154499.9,2.85,False,False
SKU-03400,Luminária Premium Rosa,Lifestyle,Luminária,FORN-069,10,351.48,610.18,303,4,299,113,2024-07-24,Em Estoque,448,0.4309,105092.52,182443.82,1.74,False,False
SKU-03401,Kit Chá Artesanal Branco,Lifestyle,Kit Chá,FORN-098,48,49.24,117.5,172,7,165,56,2024-10-23,Em Estoque,448,0.2276,8124.6,19387.5,2.39,False,False
SKU-03402,Espelho de Mesa Básico Vermelho,Lifestyle,Espelho de Mesa,FORN-077,54,378.77,1068.29,66,19,47,46,2024-04-18,Em Estoque,448,0.2764,17802.19,50209.63,2.82,False,False
SKU-03403,Saia Edição Limitada Branco,Moda,Saia,FORN-063,11,162.26,385.42,163,23,140,143,2025-04-14,Estoque Crítico,448,0.217,22716.4,53958.8,2.38,True,False
SKU-03404,Perfume Moderno Azul,Beleza,Perfume,FORN-085,54,38.11,73.23,416,102,314,59,2024-09-07,Em Estoque,540,0.4168,11966.54,22994.22,1.92,False,False
SKU-03405,Batom Edição Limitada Prata,Beleza,Batom,FORN-052,57,264.89,433.82,483,5,478,133,2025-06-14,Em Estoque,230,0.094,126617.42,207365.96,1.64,False,False
SKU-03406,Blusa de Tricô Premium Nude,Moda,Blusa de Tricô,FORN-026,58,270.43,439.51,481,39,442,19,2023-04-15,Em Estoque,448,0.1332,119530.06,194263.42,1.63,False,False
SKU-03407,Garrafa Térmica Delicado Dourado,Lifestyle,Garrafa Térmica,FORN-037,12,333.13,798.88,291,29,262,54,2025-03-22,Em Estoque,448,0.3622,87280.06,209306.56,2.4,False,False
SKU-03408,Creme Hidratante Luxo Nude,Beleza,Creme Hidratante,FORN-042,53,79.97,233.29,379,112,267,42,2025-04-24,Em Estoque,584,0.3658,21351.99,62288.43,2.92,False,False
SKU-03409,Lenço Moderno Bege,Acessórios,Lenço,FORN-097,9,31.32,73.73,408,117,291,141,2023-10-27,Em Estoque,448,0.2517,9114.12,21455.43,2.35,False,False
SKU-03410,Esfoliante Edição Limitada Branco,Beleza,Esfoliante,FORN-086,13,29.67,85.42,419,96,323,17,2025-09-18,Em Estoque,449,0.0107,9583.41,27590.66,2.88,False,False
SKU-03411,Moletom Sport Bege,Moda,Moletom,FORN-057,7,398.21,1132.64,337,23,314,133,2024-10-09,Em Estoque,448,0.2448,125037.94,355648.96,2.84,False,False
SKU-03412,Kit Chá Clássico Bege,Lifestyle,Kit Chá,FORN-019,6,324.18,1035.65,121,9,112,91,2023-02-13,Em Estoque,448,0.2897,36308.16,115992.8,3.19,False,False
SKU-03413,Porta-Retrato Artesanal Dourado,Lifestyle,Porta-Retrato,FORN-033,56,56.71,154.67,202,21,181,27,2024-01-18,Em Estoque,448,0.3877,10264.51,27995.27,2.73,False,False
SKU-03414,Camisa Social Delicado Verde,Moda,Camisa Social,FORN-014,8,95.73,218.3,1153,174,979,128,2024-03-21,Em Estoque,448,0.1982,93719.67,213715.7,2.28,False,False
SKU-03415,Saia Básico Branco,Moda,Saia,FORN-066,6,100.63,305.35,558,49,509,40,2025-12-03,Em Estoque,448,0.4867,51220.67,155423.15,3.03,False,False
SKU-03416,Blusa de Tricô Luxo Preto,Moda,Blusa de Tricô,FORN-100,58,376.16,862.24,711,130,581,97,2023-07-15,Em Estoque,448,0.4352,218548.96,500961.44,2.29,False,False
SKU-03417,Óleo Corporal Oversize Nude,Beleza,Óleo Corporal,FORN-080,14,48.59,152.21,194,52,142,115,2025-08-13,Em Estoque,368,0.0698,6899.78,21613.82,3.13,False,False
SKU-03418,Creme Hidratante Artesanal Nude,Beleza,Creme Hidratante,FORN-045,15,59.57,122.89,230,0,230,78,2023-11-09,Em Estoque,483,0.3039,13701.1,28264.7,2.06,False,False
SKU-03419,Óculos de Sol Edição Limitada Azul,Acessórios,Óculos de Sol,FORN-016,60,197.81,558.28,362,34,328,47,2023-03-04,Em Estoque,448,0.3402,64881.68,183115.84,2.82,False,False
SKU-03420,Top Básico Nude,Moda,Top,FORN-062,8,389.85,681.55,750,174,576,17,2023-05-15,Em Estoque,448,0.2274,224553.6,392572.8,1.75,False,False
SKU-03421,Top Clássico Nude,Moda,Top,FORN-047,13,109.84,274.08,15,1,14,70,2023-08-04,Estoque Crítico,448,0.0132,1537.76,3837.12,2.5,True,False
SKU-03422,Legging Oversize Branco,Moda,Legging,FORN-028,10,267.07,740.05,688,57,631,26,2025-08-03,Em Estoque,448,0.4819,168521.17,466971.55,2.77,False,False
SKU-03423,Mochila Moderno Azul,Acessórios,Mochila,FORN-098,56,119.25,310.66,359,45,314,76,2023-04-21,Em Estoque,448,0.4726,37444.5,97547.24,2.61,False,False
SKU-03424,Shorts Básico Dourado,Moda,Shorts,FORN-053,13,237.15,432.84,807,236,571,148,2023-10-21,Em Estoque,448,0.3632,135412.65,247151.64,1.83,False,False
SKU-03425,Regata Sport Preto,Moda,Regata,FORN-023,13,373.85,805.47,121,26,95,35,2025-11-21,Em Estoque,448,0.0436,35515.75,76519.65,2.15,False,False
SKU-03426,Caderno Slim Nude,Lifestyle,Caderno,FORN-078,8,60.58,126.24,127,26,101,96,2023-04-07,Em Estoque,448,0.4832,6118.58,12750.24,2.08,False,False
SKU-03427,Jaqueta Edição Limitada Dourado,Moda,Jaqueta,FORN-089,9,342.51,592.81,102,0,102,91,2024-04-08,Em Estoque,448,0.0109,34936.02,60466.62,1.73,False,False
SKU-03428,Garrafa Térmica Edição Limitada Dourado,Lifestyle,Garrafa Térmica,FORN-011,7,209.3,421.84,2,1,1,105,2023-02-06,Estoque Crítico,448,0.0549,209.3,421.84,2.02,True,False
SKU-03429,Espelho de Mesa Slim Preto,Lifestyle,Espelho de Mesa,FORN-085,57,256.28,595.0,304,54,250,124,2023-01-09,Em Estoque,448,0.2156,64070.0,148750.0,2.32,False,False
SKU-03430,Base Líquida Artesanal Branco,Beleza,Base Líquida,FORN-083,11,357.77,888.39,453,115,338,90,2025-12-18,Em Estoque,444,0.2462,120926.26,300275.82,2.48,False,False
SKU-03431,Calça Jeans Artesanal Bege,Moda,Calça Jeans,FORN-082,56,150.92,453.25,463,83,380,10,2024-07-27,Em Estoque,448,0.057,57349.6,172235.0,3.0,False,False
SKU-03432,Planta Artificial Luxo Rosa,Lifestyle,Planta Artificial,FORN-007,8,249.14,584.41,432,96,336,132,2024-05-12,Em Estoque,448,0.4094,83711.04,196361.76,2.35,False,False
SKU-03433,Kit Skincare Slim Branco,Beleza,Kit Skincare,FORN-034,49,155.2,412.23,31,9,22,100,2024-04-14,Estoque Crítico,237,0.1098,3414.4,9069.06,2.66,True,False
SKU-03434,Blusa de Tricô Clássico Prata,Moda,Blusa de Tricô,FORN-097,13,90.7,161.94,1034,218,816,134,2025-04-27,Em Estoque,448,0.1021,74011.2,132143.04,1.79,False,False
SKU-03435,Sombra Urban Verde,Beleza,Sombra,FORN-080,14,61.07,156.97,451,119,332,114,2023-09-12,Em Estoque,581,0.3521,20275.24,52114.04,2.57,False,False
SKU-03436,Porta-Retrato Clássico Verde,Lifestyle,Porta-Retrato,FORN-092,53,106.1,287.29,100,13,87,113,2023-09-16,Estoque Crítico,448,0.0494,9230.7,24994.23,2.71,True,False
SKU-03437,Base Líquida Delicado Vermelho,Beleza,Base Líquida,FORN-048,8,386.78,830.8,387,42,345,98,2023-10-09,Em Estoque,228,0.2131,133439.1,286626.0,2.15,False,False
SKU-03438,Kit Skincare Oversize Prata,Beleza,Kit Skincare,FORN-100,49,250.63,616.8,120,3,117,128,2025-03-17,Estoque Crítico,463,0.0616,29323.71,72165.6,2.46,True,False
SKU-03439,Sombra Luxo Nude,Beleza,Sombra,FORN-039,8,52.36,158.93,360,15,345,77,2023-02-12,Em Estoque,213,0.2903,18064.2,54830.85,3.04,False,False
SKU-03440,Batom Clássico Rosa,Beleza,Batom,FORN-019,13,382.51,832.79,133,2,131,89,2023-06-06,Em Estoque,676,0.3187,50108.81,109095.49,2.18,False,False
SKU-03441,Condicionador Premium Azul,Beleza,Condicionador,FORN-048,9,369.94,847.02,478,59,419,22,2024-11-15,Em Estoque,680,0.1609,155004.86,354901.38,2.29,False,False
SKU-03442,Vela Aromática Artesanal Preto,Lifestyle,Vela Aromática,FORN-051,15,154.38,448.81,465,25,440,82,2023-08-06,Em Estoque,448,0.4832,67927.2,197476.4,2.91,False,False
SKU-03443,Moletom Básico Verde,Moda,Moletom,FORN-093,5,123.34,337.88,64,16,48,49,2025-03-05,Estoque Crítico,448,0.0273,5920.32,16218.24,2.74,True,False
SKU-03444,Blusa de Tricô Básico Azul,Moda,Blusa de Tricô,FORN-080,5,21.66,54.93,1153,47,1106,87,2024-05-22,Em Estoque,448,0.2234,23955.96,60752.58,2.54,False,False
SKU-03445,Sérum Facial Sport Verde,Beleza,Sérum Facial,FORN-048,10,68.09,161.41,96,22,74,17,2024-10-16,Em Estoque,479,0.1573,5038.66,11944.34,2.37,False,False
SKU-03446,Colar Slim Bege,Acessórios,Colar,FORN-049,8,94.32,275.16,125,35,90,149,2024-12-28,Estoque Crítico,448,0.2078,8488.8,24764.4,2.92,True,False
SKU-03447,Camiseta Moderno Rosa,Moda,Camiseta,FORN-072,8,320.95,800.66,442,30,412,118,2023-07-22,Em Estoque,448,0.1281,132231.4,329871.92,2.49,False,False
SKU-03448,Colar Delicado Nude,Acessórios,Colar,FORN-006,51,159.13,444.11,124,18,106,40,2024-11-16,Em Estoque,448,0.313,16867.78,47075.66,2.79,False,False
SKU-03449,Shorts Sport Azul,Moda,Shorts,FORN-097,15,36.14,101.66,1136,77,1059,35,2025-09-06,Em Estoque,448,0.1921,38272.26,107657.94,2.81,False,False
SKU-03450,Moletom Urban Azul,Moda,Moletom,FORN-073,50,385.4,657.97,385,81,304,143,2023-11-03,Em Estoque,448,0.4122,117161.6,200022.88,1.71,False,False
SKU-03451,Sérum Facial Clássico Azul,Beleza,Sérum Facial,FORN-070,52,357.18,1141.39,348,61,287,11,2025-03-26,Em Estoque,640,0.3045,102510.66,327578.93,3.2,False,False
SKU-03452,Blusa de Tricô Edição Limitada Rosa,Moda,Blusa de Tricô,FORN-035,15,44.26,75.74,671,89,582,84,2024-12-06,Em Estoque,448,0.1253,25759.32,44080.68,1.71,False,False
SKU-03453,Meias Edição Limitada Bege,Acessórios,Meias,FORN-040,5,272.15,536.26,359,33,326,46,2023-04-03,Em Estoque,448,0.1732,88720.9,174820.76,1.97,False,False
SKU-03454,Blusa de Tricô Premium Nude,Moda,Blusa de Tricô,FORN-006,45,268.86,697.79,373,17,356,143,2024-10-08,Em Estoque,448,0.1185,95714.16,248413.24,2.6,False,False
SKU-03455,Carteira Premium Vermelho,Acessórios,Carteira,FORN-092,60,106.06,205.85,266,23,243,123,2024-06-27,Em Estoque,448,0.3807,25772.58,50021.55,1.94,False,False
SKU-03456,Sérum Facial Luxo Bege,Beleza,Sérum Facial,FORN-089,9,239.06,532.13,315,73,242,53,2023-09-12,Em Estoque,519,0.3698,57852.52,128775.46,2.23,False,False
SKU-03457,Camiseta Urban Branco,Moda,Camiseta,FORN-082,56,277.85,579.14,315,39,276,135,2025-03-01,Em Estoque,448,0.0294,76686.6,159842.64,2.08,False,False
SKU-03458,Legging Luxo Prata,Moda,Legging,FORN-060,5,389.93,1047.21,1067,231,836,126,2024-10-20,Em Estoque,448,0.1729,325981.48,875467.56,2.69,False,False
SKU-03459,Top Artesanal Prata,Moda,Top,FORN-031,14,48.29,151.53,1107,140,967,37,2025-01-08,Em Estoque,448,0.0665,46696.43,146529.51,3.14,False,False
SKU-03460,Vela Aromática Clássico Nude,Lifestyle,Vela Aromática,FORN-059,7,246.27,716.17,229,41,188,101,2023-03-14,Em Estoque,448,0.0289,46298.76,134639.96,2.91,False,False
SKU-03461,Camisa Social Edição Limitada Azul,Moda,Camisa Social,FORN-027,5,322.77,598.21,105,27,78,121,2025-10-20,Estoque Crítico,448,0.088,25176.06,46660.38,1.85,True,False
SKU-03462,Pochete Slim Vermelho,Acessórios,Pochete,FORN-021,48,344.25,668.72,186,36,150,98,2025-03-21,Em Estoque,448,0.1844,51637.5,100308.0,1.94,False,False
SKU-03463,Óleo Corporal Edição Limitada Bege,Beleza,Óleo Corporal,FORN-009,14,382.67,978.37,371,41,330,18,2025-12-19,Em Estoque,484,0.0385,126281.1,322862.1,2.56,False,False
SKU-03464,Blusa de Tricô Moderno Dourado,Moda,Blusa de Tricô,FORN-055,51,307.01,864.95,727,44,683,99,2024-05-25,Em Estoque,448,0.2722,209687.83,590760.85,2.82,False,False
SKU-03465,Pochete Edição Limitada Vermelho,Acessórios,Pochete,FORN-075,56,361.49,765.35,254,62,192,11,2024-02-18,Em Estoque,448,0.1833,69406.08,146947.2,2.12,False,False
SKU-03466,Luminária Sustentável Nude,Lifestyle,Luminária,FORN-094,58,370.88,1106.29,34,1,33,105,2025-11-01,Estoque Crítico,448,0.1572,12239.04,36507.57,2.98,True,False
SKU-03467,Blusa de Tricô Edição Limitada Prata,Moda,Blusa de Tricô,FORN-059,5,137.95,257.29,268,78,190,137,2025-06-02,Em Estoque,448,0.2732,26210.5,48885.1,1.87,False,False
SKU-03468,Almofada Sport Vermelho,Lifestyle,Almofada,FORN-053,5,283.2,737.71,112,32,80,56,2025-06-02,Em Estoque,448,0.052,22656.0,59016.8,2.6,False,False
SKU-03469,Saia Oversize Preto,Moda,Saia,FORN-081,50,30.49,78.76,184,7,177,57,2023-09-01,Em Estoque,448,0.4087,5396.73,13940.52,2.58,False,False
SKU-03470,Almofada Sport Vermelho,Lifestyle,Almofada,FORN-018,60,163.65,346.72,368,12,356,85,2025-08-09,Em Estoque,448,0.2362,58259.4,123432.32,2.12,False,False
SKU-03471,Top Básico Bege,Moda,Top,FORN-087,14,380.18,776.05,771,153,618,71,2025-09-11,Em Estoque,448,0.3164,234951.24,479598.9,2.04,False,False
SKU-03472,Brinco Exclusivo Rosa,Acessórios,Brinco,FORN-074,47,184.64,398.07,483,89,394,96,2023-03-18,Em Estoque,448,0.3265,72748.16,156839.58,2.16,False,False
SKU-03473,Vestido Premium Nude,Moda,Vestido,FORN-089,5,44.98,78.43,683,147,536,127,2023-02-04,Em Estoque,448,0.4469,24109.28,42038.48,1.74,False,False
SKU-03474,Protetor Solar Edição Limitada Preto,Beleza,Protetor Solar,FORN-073,48,373.14,629.14,342,0,342,82,2025-06-20,Em Estoque,284,0.3096,127613.88,215165.88,1.69,False,False
SKU-03475,Esfoliante Slim Preto,Beleza,Esfoliante,FORN-004,56,254.46,556.56,266,26,240,77,2025-05-12,Em Estoque,271,0.0092,61070.4,133574.4,2.19,False,False
SKU-03476,Camiseta Urban Prata,Moda,Camiseta,FORN-038,6,353.04,670.47,642,104,538,92,2024-10-02,Em Estoque,448,0.274,189935.52,360712.86,1.9,False,False
SKU-03477,Blusa de Tricô Premium Verde,Moda,Blusa de Tricô,FORN-040,6,147.15,444.25,609,117,492,104,2024-08-01,Em Estoque,448,0.4276,72397.8,218571.0,3.02,False,False
SKU-03478,Espelho de Mesa Edição Limitada Preto,Lifestyle,Espelho de Mesa,FORN-088,11,55.22,147.59,300,35,265,38,2023-06-27,Em Estoque,448,0.4088,14633.3,39111.35,2.67,False,False
SKU-03479,Regata Moderno Vermelho,Moda,Regata,FORN-077,55,391.74,1118.7,602,137,465,50,2024-08-24,Em Estoque,448,0.2052,182159.1,520195.5,2.86,False,False
SKU-03480,Máscara de Cílios Clássico Vermelho,Beleza,Máscara de Cílios,FORN-077,48,331.84,737.3,344,85,259,74,2025-01-14,Em Estoque,362,0.2492,85946.56,190960.7,2.22,False,False
SKU-03481,Camiseta Clássico Azul,Moda,Camiseta,FORN-046,47,270.05,443.8,638,66,572,103,2025-12-25,Em Estoque,448,0.0557,154468.6,253853.6,1.64,False,False
SKU-03482,Pochete Moderno Rosa,Acessórios,Pochete,FORN-077,53,354.71,886.76,474,108,366,61,2023-08-12,Em Estoque,448,0.2564,129823.86,324554.16,2.5,False,False
SKU-03483,Espelho de Mesa Sport Branco,Lifestyle,Espelho de Mesa,FORN-032,13,299.48,905.91,270,63,207,10,2023-09-17,Em Estoque,448,0.3919,61992.36,187523.37,3.02,False,False
SKU-03484,Relógio de Parede Básico Branco,Lifestyle,Relógio de Parede,FORN-093,8,108.79,256.44,166,42,124,50,2023-04-04,Em Estoque,448,0.084,13489.96,31798.56,2.36,False,False
SKU-03485,Saia Premium Dourado,Moda,Saia,FORN-098,48,74.93,180.22,790,61,729,72,2025-09-16,Em Estoque,448,0.3085,54623.97,131380.38,2.41,False,False
SKU-03486,Regata Sport Branco,Moda,Regata,FORN-025,15,380.05,713.08,51,4,47,56,2023-05-10,Estoque Crítico,448,0.26,17862.35,33514.76,1.88,True,False
SKU-03487,Garrafa Térmica Luxo Verde,Lifestyle,Garrafa Térmica,FORN-015,60,215.66,647.59,287,12,275,116,2024-10-12,Em Estoque,448,0.4018,59306.5,178087.25,3.0,False,False
SKU-03488,Shorts Clássico Verde,Moda,Shorts,FORN-080,14,26.48,72.17,701,42,659,44,2024-02-16,Descontinuado,448,0.0631,17450.32,47560.03,2.73,False,True
SKU-03489,Relógio de Parede Luxo Azul,Lifestyle,Relógio de Parede,FORN-081,48,110.65,264.18,141,13,128,75,2023-04-02,Em Estoque,448,0.3697,14163.2,33815.04,2.39,False,False
SKU-03490,Máscara de Cílios Oversize Branco,Beleza,Máscara de Cílios,FORN-064,8,104.73,322.02,266,14,252,69,2024-09-06,Em Estoque,228,0.0418,26391.96,81149.04,3.07,False,False
SKU-03491,Óculos de Sol Artesanal Dourado,Acessórios,Óculos de Sol,FORN-079,11,230.15,736.22,206,11,195,30,2023-07-15,Descontinuado,448,0.0277,44879.25,143562.9,3.2,False,True
SKU-03492,Regata Clássico Branco,Moda,Regata,FORN-017,53,23.75,69.91,672,72,600,96,2025-04-13,Em Estoque,448,0.2879,14250.0,41946.0,2.94,False,False
SKU-03493,Legging Moderno Verde,Moda,Legging,FORN-006,48,59.85,121.7,620,176,444,93,2023-10-05,Em Estoque,448,0.0422,26573.4,54034.8,2.03,False,False
SKU-03494,Almofada Exclusivo Nude,Lifestyle,Almofada,FORN-076,53,155.27,414.53,369,74,295,81,2025-10-15,Em Estoque,448,0.1481,45804.65,122286.35,2.67,False,False
SKU-03495,Relógio de Parede Delicado Preto,Lifestyle,Relógio de Parede,FORN-037,12,115.27,338.32,64,3,61,124,2024-07-08,Estoque Crítico,448,0.2849,7031.47,20637.52,2.94,True,False
SKU-03496,Creme Hidratante Luxo Vermelho,Beleza,Creme Hidratante,FORN-042,48,351.74,732.21,0,0,0,102,2024-05-17,Ruptura,479,0.3699,0.0,0.0,2.08,True,False
SKU-03497,Vestido Sport Prata,Moda,Vestido,FORN-097,13,222.97,641.16,305,2,303,68,2023-05-08,Em Estoque,448,0.2384,67559.91,194271.48,2.88,False,False
SKU-03498,Máscara de Cílios Básico Azul,Beleza,Máscara de Cílios,FORN-077,48,105.05,241.51,311,79,232,137,2024-05-17,Em Estoque,676,0.2424,24371.6,56030.32,2.3,False,False
SKU-03499,Meias Delicado Dourado,Acessórios,Meias,FORN-095,6,399.48,799.83,77,5,72,75,2023-03-11,Estoque Crítico,448,0.4854,28762.56,57587.76,2.0,True,False
SKU-03500,Bolsa de Couro Sport Azul,Acessórios,Bolsa de Couro,FORN-068,15,100.01,281.19,95,9,86,131,2023-03-08,Estoque Crítico,448,0.4874,8600.86,24182.34,2.81,True,False
SKU-03501,Óculos de Sol Premium Dourado,Acessórios,Óculos de Sol,FORN-039,6,247.7,533.26,421,61,360,22,2025-01-28,Em Estoque,448,0.0814,89172.0,191973.6,2.15,False,False
SKU-03502,Kit Skincare Exclusivo Prata,Beleza,Kit Skincare,FORN-063,12,99.7,312.03,81,3,78,10,2025-06-17,Em Estoque,651,0.1835,7776.6,24338.34,3.13,False,False
SKU-03503,Planta Artificial Delicado Bege,Lifestyle,Planta Artificial,FORN-054,52,80.46,140.01,309,35,274,104,2023-12-02,Em Estoque,448,0.174,22046.04,38362.74,1.74,False,False
SKU-03504,Sombra Sport Nude,Beleza,Sombra,FORN-067,47,220.55,674.68,409,122,287,79,2023-09-04,Em Estoque,420,0.1434,63297.85,193633.16,3.06,False,False
SKU-03505,Vela Aromática Edição Limitada Rosa,Lifestyle,Vela Aromática,FORN-025,8,270.05,686.24,335,40,295,96,2023-05-07,Em Estoque,448,0.2824,79664.75,202440.8,2.54,False,False
SKU-03506,Base Líquida Delicado Nude,Beleza,Base Líquida,FORN-057,7,257.67,523.75,424,55,369,57,2024-03-09,Em Estoque,212,0.4331,95080.23,193263.75,2.03,False,False
SKU-03507,Base Líquida Urban Dourado,Beleza,Base Líquida,FORN-029,48,162.95,318.48,150,41,109,68,2023-11-17,Em Estoque,354,0.1536,17761.55,34714.32,1.95,False,False
SKU-03508,Protetor Solar Luxo Nude,Beleza,Protetor Solar,FORN-095,5,370.66,663.53,69,2,67,52,2024-08-20,Em Estoque,622,0.4673,24834.22,44456.51,1.79,False,False
SKU-03509,Bolsa de Couro Clássico Rosa,Acessórios,Bolsa de Couro,FORN-015,50,198.89,370.04,143,18,125,102,2023-01-15,Em Estoque,448,0.2919,24861.25,46255.0,1.86,False,False
SKU-03510,Caderno Clássico Prata,Lifestyle,Caderno,FORN-027,6,54.21,153.89,237,63,174,139,2025-06-04,Em Estoque,448,0.1798,9432.54,26776.86,2.84,False,False
SKU-03511,Carteira Exclusivo Preto,Acessórios,Carteira,FORN-007,10,124.9,394.38,384,18,366,129,2024-07-02,Em Estoque,448,0.4328,45713.4,144343.08,3.16,False,False
SKU-03512,Moletom Clássico Verde,Moda,Moletom,FORN-061,56,55.0,174.5,820,192,628,147,2024-08-28,Em Estoque,448,0.2932,34540.0,109586.0,3.17,False,False
SKU-03513,Pochete Urban Azul,Acessórios,Pochete,FORN-071,9,345.89,803.03,327,11,316,149,2024-06-17,Em Estoque,448,0.1948,109301.24,253757.48,2.32,False,False
SKU-03514,Óculos de Sol Básico Bege,Acessórios,Óculos de Sol,FORN-076,47,223.66,426.56,99,27,72,131,2023-06-27,Estoque Crítico,448,0.0575,16103.52,30712.32,1.91,True,False
SKU-03515,Top Exclusivo Preto,Moda,Top,FORN-096,8,382.91,1053.82,556,59,497,122,2023-06-02,Em Estoque,448,0.2277,190306.27,523748.54,2.75,False,False
SKU-03516,Legging Clássico Verde,Moda,Legging,FORN-021,49,238.79,506.62,402,104,298,81,2024-07-08,Em Estoque,448,0.2168,71159.42,150972.76,2.12,False,False
SKU-03517,Blusa de Tricô Oversize Nude,Moda,Blusa de Tricô,FORN-007,8,166.25,325.93,765,227,538,82,2023-04-15,Em Estoque,448,0.4888,89442.5,175350.34,1.96,False,False
SKU-03518,Blush Luxo Vermelho,Beleza,Blush,FORN-096,7,83.6,255.68,246,49,197,28,2024-05-21,Em Estoque,192,0.1395,16469.2,50368.96,3.06,False,False
SKU-03519,Condicionador Oversize Bege,Beleza,Condicionador,FORN-097,7,131.81,370.51,354,5,349,102,2025-07-09,Em Estoque,330,0.1837,46001.69,129307.99,2.81,False,False
SKU-03520,Perfume Premium Vermelho,Beleza,Perfume,FORN-035,8,203.27,526.03,482,101,381,20,2025-11-07,Em Estoque,703,0.3116,77445.87,200417.43,2.59,False,False
SKU-03521,Pulseira Básico Branco,Acessórios,Pulseira,FORN-055,46,66.69,147.26,175,15,160,104,2023-02-04,Em Estoque,448,0.32,10670.4,23561.6,2.21,False,False
SKU-03522,Brinco Slim Bege,Acessórios,Brinco,FORN-033,45,55.49,90.82,379,33,346,64,2025-08-20,Em Estoque,448,0.0313,19199.54,31423.72,1.64,False,False
SKU-03523,Perfume Premium Prata,Beleza,Perfume,FORN-066,8,148.59,408.51,189,22,167,138,2025-04-14,Em Estoque,449,0.3172,24814.53,68221.17,2.75,False,False
SKU-03524,Condicionador Artesanal Dourado,Beleza,Condicionador,FORN-074,60,118.78,256.46,149,10,139,24,2025-05-07,Em Estoque,668,0.164,16510.42,35647.94,2.16,False,False
SKU-03525,Kit Skincare Sustentável Prata,Beleza,Kit Skincare,FORN-042,46,326.58,987.49,231,66,165,120,2024-03-25,Em Estoque,703,0.0544,53885.7,162935.85,3.02,False,False
SKU-03526,Perfume Luxo Vermelho,Beleza,Perfume,FORN-057,13,276.37,851.13,304,33,271,105,2023-02-28,Em Estoque,407,0.34,74896.27,230656.23,3.08,False,False
SKU-03527,Colar Edição Limitada Dourado,Acessórios,Colar,FORN-010,49,196.38,367.96,224,13,211,15,2023-12-05,Em Estoque,448,0.3117,41436.18,77639.56,1.87,False,False
SKU-03528,Espelho de Mesa Urban Vermelho,Lifestyle,Espelho de Mesa,FORN-025,10,48.02,135.71,433,124,309,99,2024-01-12,Em Estoque,448,0.0914,14838.18,41934.39,2.83,False,False
SKU-03529,Protetor Solar Edição Limitada Branco,Beleza,Protetor Solar,FORN-029,45,44.74,93.9,208,17,191,37,2025-08-06,Em Estoque,475,0.0364,8545.34,17934.9,2.1,False,False
SKU-03530,Moletom Sustentável Verde,Moda,Moletom,FORN-068,5,167.29,476.62,1147,268,879,78,2023-02-03,Em Estoque,448,0.4164,147047.91,418948.98,2.85,False,False
SKU-03531,Pulseira Sport Dourado,Acessórios,Pulseira,FORN-004,59,58.51,118.38,426,117,309,24,2025-08-16,Em Estoque,448,0.1178,18079.59,36579.42,2.02,False,False
SKU-03532,Top Básico Vermelho,Moda,Top,FORN-074,49,190.02,489.38,502,12,490,31,2023-01-13,Em Estoque,448,0.4561,93109.8,239796.2,2.58,False,False
SKU-03533,Kit Chá Slim Preto,Lifestyle,Kit Chá,FORN-001,14,281.84,475.77,262,27,235,43,2024-11-22,Em Estoque,448,0.1997,66232.4,111805.95,1.69,False,False
SKU-03534,Difusor Exclusivo Preto,Lifestyle,Difusor,FORN-049,6,21.23,64.89,402,31,371,126,2023-01-16,Em Estoque,448,0.0113,7876.33,24074.19,3.06,False,False
SKU-03535,Vestido Delicado Bege,Moda,Vestido,FORN-017,48,84.32,188.31,223,5,218,91,2023-12-02,Em Estoque,448,0.4833,18381.76,41051.58,2.23,False,False
SKU-03536,Regata Básico Vermelho,Moda,Regata,FORN-073,51,320.09,884.1,791,234,557,128,2024-10-17,Em Estoque,448,0.4217,178290.13,492443.7,2.76,False,False
SKU-03537,Calça Jeans Slim Nude,Moda,Calça Jeans,FORN-040,6,50.99,147.12,795,58,737,55,2025-03-24,Em Estoque,448,0.0569,37579.63,108427.44,2.89,False,False
SKU-03538,Condicionador Clássico Nude,Beleza,Condicionador,FORN-043,13,259.83,466.26,228,18,210,37,2023-08-01,Em Estoque,339,0.4066,54564.3,97914.6,1.79,False,False
SKU-03539,Shorts Delicado Nude,Moda,Shorts,FORN-050,55,144.2,454.99,723,189,534,50,2025-02-28,Em Estoque,448,0.4822,77002.8,242964.66,3.16,False,False
SKU-03540,Blusa de Tricô Luxo Rosa,Moda,Blusa de Tricô,FORN-082,46,145.91,342.39,353,42,311,10,2023-05-05,Em Estoque,448,0.3258,45378.01,106483.29,2.35,False,False
SKU-03541,Jaqueta Moderno Verde,Moda,Jaqueta,FORN-023,8,63.84,149.43,328,56,272,137,2023-11-07,Em Estoque,448,0.0781,17364.48,40644.96,2.34,False,False
SKU-03542,Sombra Moderno Nude,Beleza,Sombra,FORN-082,49,25.45,45.03,268,53,215,125,2024-12-26,Em Estoque,710,0.4423,5471.75,9681.45,1.77,False,False
SKU-03543,Legging Sustentável Prata,Moda,Legging,FORN-002,12,366.57,947.18,44,4,40,120,2023-01-23,Estoque Crítico,448,0.2897,14662.8,37887.2,2.58,True,False
SKU-03544,Batom Luxo Dourado,Beleza,Batom,FORN-097,11,86.36,190.45,323,20,303,121,2025-05-28,Em Estoque,251,0.4536,26167.08,57706.35,2.21,False,False
SKU-03545,Creme Hidratante Delicado Dourado,Beleza,Creme Hidratante,FORN-016,58,133.17,425.65,167,16,151,92,2025-09-28,Em Estoque,596,0.1727,20108.67,64273.15,3.2,False,False
SKU-03546,Base Líquida Moderno Dourado,Beleza,Base Líquida,FORN-015,56,95.06,177.54,257,74,183,64,2025-03-17,Em Estoque,400,0.0739,17395.98,32489.82,1.87,False,False
SKU-03547,Porta-Retrato Delicado Dourado,Lifestyle,Porta-Retrato,FORN-099,11,181.97,384.44,387,93,294,146,2025-05-05,Em Estoque,448,0.1533,53499.18,113025.36,2.11,False,False
SKU-03548,Condicionador Slim Vermelho,Beleza,Condicionador,FORN-089,9,150.25,306.54,30,3,27,17,2025-01-05,Em Estoque,487,0.1176,4056.75,8276.58,2.04,False,False
SKU-03549,Condicionador Luxo Nude,Beleza,Condicionador,FORN-038,10,361.67,695.13,283,22,261,65,2023-04-10,Em Estoque,520,0.3619,94395.87,181428.93,1.92,False,False
SKU-03550,Moletom Edição Limitada Prata,Moda,Moletom,FORN-021,49,314.19,766.05,751,208,543,103,2024-11-12,Em Estoque,448,0.4509,170605.17,415965.15,2.44,False,False
SKU-03551,Camiseta Delicado Azul,Moda,Camiseta,FORN-090,14,227.93,405.91,238,59,179,111,2023-10-03,Em Estoque,448,0.3363,40799.47,72657.89,1.78,False,False
SKU-03552,Sérum Facial Básico Rosa,Beleza,Sérum Facial,FORN-012,6,371.64,806.39,395,67,328,37,2025-07-27,Em Estoque,250,0.1775,121897.92,264495.92,2.17,False,False
SKU-03553,Máscara de Cílios Exclusivo Branco,Beleza,Máscara de Cílios,FORN-015,56,227.24,681.83,0,0,0,96,2023-10-25,Ruptura,386,0.4493,0.0,0.0,3.0,True,False
SKU-03554,Esfoliante Oversize Preto,Beleza,Esfoliante,FORN-048,12,331.7,852.07,402,97,305,45,2023-06-03,Descontinuado,274,0.032,101168.5,259881.35,2.57,False,True
SKU-03555,Creme Hidratante Slim Azul,Beleza,Creme Hidratante,FORN-002,5,72.87,173.5,70,0,70,106,2024-07-19,Estoque Crítico,476,0.0739,5100.9,12145.0,2.38,True,False
SKU-03556,Esfoliante Moderno Prata,Beleza,Esfoliante,FORN-002,15,219.93,486.54,101,29,72,52,2024-08-14,Em Estoque,282,0.0448,15834.96,35030.88,2.21,False,False
SKU-03557,Legging Premium Dourado,Moda,Legging,FORN-044,8,346.63,833.54,487,70,417,37,2024-03-14,Em Estoque,448,0.1466,144544.71,347586.18,2.4,False,False
SKU-03558,Sérum Facial Delicado Vermelho,Beleza,Sérum Facial,FORN-086,9,297.6,899.28,144,12,132,139,2025-04-27,Estoque Crítico,698,0.4362,39283.2,118704.96,3.02,True,False
SKU-03559,Saia Slim Bege,Moda,Saia,FORN-089,13,295.98,868.1,318,45,273,146,2024-11-16,Em Estoque,448,0.2793,80802.54,236991.3,2.93,False,False
SKU-03560,Blush Oversize Bege,Beleza,Blush,FORN-066,14,204.04,595.34,333,39,294,95,2025-08-19,Em Estoque,362,0.0944,59987.76,175029.96,2.92,False,False
SKU-03561,Caderno Oversize Rosa,Lifestyle,Caderno,FORN-004,53,77.52,126.68,57,9,48,112,2023-02-25,Estoque Crítico,448,0.415,3720.96,6080.64,1.63,True,False
SKU-03562,Perfume Oversize Rosa,Beleza,Perfume,FORN-048,8,235.03,690.51,16,2,14,122,2025-10-18,Estoque Crítico,569,0.1928,3290.42,9667.14,2.94,True,False
SKU-03563,Legging Edição Limitada Nude,Moda,Legging,FORN-023,8,110.03,235.62,247,1,246,18,2025-11-21,Em Estoque,448,0.3275,27067.38,57962.52,2.14,False,False
SKU-03564,Garrafa Térmica Artesanal Verde,Lifestyle,Garrafa Térmica,FORN-085,50,349.22,765.06,354,26,328,126,2024-11-24,Em Estoque,448,0.0887,114544.16,250939.68,2.19,False,False
SKU-03565,Creme Hidratante Oversize Prata,Beleza,Creme Hidratante,FORN-093,12,326.55,586.75,48,11,37,39,2023-08-12,Estoque Crítico,304,0.2458,12082.35,21709.75,1.8,True,False
SKU-03566,Caderno Exclusivo Azul,Lifestyle,Caderno,FORN-053,7,358.81,1051.92,323,22,301,41,2024-02-11,Em Estoque,448,0.1552,108001.81,316627.92,2.93,False,False
SKU-03567,Saia Exclusivo Dourado,Moda,Saia,FORN-009,12,374.09,736.8,700,55,645,99,2025-11-17,Em Estoque,448,0.0428,241288.05,475236.0,1.97,False,False
SKU-03568,Blusa de Tricô Delicado Rosa,Moda,Blusa de Tricô,FORN-069,7,145.7,270.2,834,201,633,81,2023-11-25,Em Estoque,448,0.0632,92228.1,171036.6,1.85,False,False
SKU-03569,Vestido Premium Nude,Moda,Vestido,FORN-079,7,374.67,851.67,546,121,425,85,2023-11-23,Em Estoque,448,0.1659,159234.75,361959.75,2.27,False,False
SKU-03570,Moletom Urban Dourado,Moda,Moletom,FORN-018,46,283.34,652.63,766,9,757,108,2024-10-19,Em Estoque,448,0.4667,214488.38,494040.91,2.3,False,False
SKU-03571,Legging Exclusivo Verde,Moda,Legging,FORN-095,11,216.84,543.1,281,53,228,83,2025-04-07,Em Estoque,448,0.4527,49439.52,123826.8,2.5,False,False
SKU-03572,Moletom Delicado Prata,Moda,Moletom,FORN-041,9,386.44,723.51,766,25,741,142,2023-07-23,Em Estoque,448,0.3927,286352.04,536120.91,1.87,False,False
SKU-03573,Luminária Moderno Bege,Lifestyle,Luminária,FORN-030,15,160.34,287.95,166,10,156,47,2025-11-03,Em Estoque,448,0.1777,25013.04,44920.2,1.8,False,False
SKU-03574,Legging Premium Dourado,Moda,Legging,FORN-095,8,323.81,785.21,1086,148,938,140,2024-11-11,Em Estoque,448,0.1547,303733.78,736526.98,2.42,False,False
SKU-03575,Bolsa de Couro Premium Dourado,Acessórios,Bolsa de Couro,FORN-083,9,317.37,921.58,390,114,276,125,2025-08-16,Em Estoque,448,0.0614,87594.12,254356.08,2.9,False,False
SKU-03576,Mochila Luxo Verde,Acessórios,Mochila,FORN-013,13,99.79,223.75,102,24,78,54,2024-04-28,Em Estoque,448,0.4446,7783.62,17452.5,2.24,False,False
SKU-03577,Garrafa Térmica Premium Verde,Lifestyle,Garrafa Térmica,FORN-059,10,196.07,472.34,194,25,169,24,2024-01-06,Em Estoque,448,0.4333,33135.83,79825.46,2.41,False,False
SKU-03578,Legging Edição Limitada Vermelho,Moda,Legging,FORN-055,46,375.81,947.39,689,131,558,102,2025-03-14,Em Estoque,448,0.0246,209701.98,528643.62,2.52,False,False
SKU-03579,Batom Oversize Verde,Beleza,Batom,FORN-095,8,71.66,202.17,130,31,99,79,2023-11-23,Em Estoque,364,0.3366,7094.34,20014.83,2.82,False,False
SKU-03580,Shorts Moderno Nude,Moda,Shorts,FORN-056,13,127.74,376.84,325,49,276,22,2023-01-03,Em Estoque,448,0.3435,35256.24,104007.84,2.95,False,False
SKU-03581,Regata Sustentável Branco,Moda,Regata,FORN-050,51,221.84,550.66,1093,297,796,47,2024-02-19,Em Estoque,448,0.2966,176584.64,438325.36,2.48,False,False
SKU-03582,Planta Artificial Luxo Branco,Lifestyle,Planta Artificial,FORN-079,13,201.59,517.34,49,6,43,95,2023-02-28,Estoque Crítico,448,0.2628,8668.37,22245.62,2.57,True,False
SKU-03583,Legging Oversize Dourado,Moda,Legging,FORN-054,45,58.97,97.37,532,112,420,91,2025-03-05,Em Estoque,448,0.1538,24767.4,40895.4,1.65,False,False
SKU-03584,Caderno Clássico Prata,Lifestyle,Caderno,FORN-079,8,83.86,148.58,407,106,301,113,2024-06-26,Em Estoque,448,0.2443,25241.86,44722.58,1.77,False,False
SKU-03585,Base Líquida Moderno Branco,Beleza,Base Líquida,FORN-079,12,362.33,909.8,59,7,52,93,2023-12-26,Estoque Crítico,680,0.3385,18841.16,47309.6,2.51,True,False
SKU-03586,Máscara de Cílios Delicado Verde,Beleza,Máscara de Cílios,FORN-044,14,113.87,271.8,337,47,290,26,2023-09-05,Em Estoque,614,0.3134,33022.3,78822.0,2.39,False,False
SKU-03587,Moletom Moderno Nude,Moda,Moletom,FORN-015,59,84.41,147.97,337,88,249,59,2024-03-18,Em Estoque,448,0.3693,21018.09,36844.53,1.75,False,False
SKU-03588,Colar Básico Azul,Acessórios,Colar,FORN-043,5,91.38,187.62,6,1,5,89,2025-07-28,Estoque Crítico,448,0.3177,456.9,938.1,2.05,True,False
SKU-03589,Óleo Corporal Sustentável Rosa,Beleza,Óleo Corporal,FORN-083,9,182.6,384.28,362,32,330,147,2023-02-17,Em Estoque,680,0.1096,60258.0,126812.4,2.1,False,False
SKU-03590,Cinto Clássico Branco,Acessórios,Cinto,FORN-098,49,359.83,1097.05,261,69,192,135,2024-05-27,Descontinuado,448,0.3897,69087.36,210633.6,3.05,False,True
SKU-03591,Calça Jeans Oversize Branco,Moda,Calça Jeans,FORN-027,9,310.38,684.94,55,13,42,92,2025-07-20,Estoque Crítico,448,0.2818,13035.96,28767.48,2.21,True,False
SKU-03592,Sombra Moderno Prata,Beleza,Sombra,FORN-063,9,131.4,396.22,40,3,37,88,2023-03-11,Estoque Crítico,424,0.321,4861.8,14660.14,3.02,True,False
SKU-03593,Sombra Delicado Azul,Beleza,Sombra,FORN-034,47,29.69,65.02,234,17,217,124,2024-07-12,Em Estoque,223,0.4385,6442.73,14109.34,2.19,False,False
SKU-03594,Relógio de Parede Premium Azul,Lifestyle,Relógio de Parede,FORN-078,8,101.32,223.04,437,124,313,126,2024-05-28,Em Estoque,448,0.4313,31713.16,69811.52,2.2,False,False
SKU-03595,Cinto Exclusivo Rosa,Acessórios,Cinto,FORN-026,60,362.76,1015.35,390,14,376,143,2023-12-02,Em Estoque,448,0.1097,136397.76,381771.6,2.8,False,False
SKU-03596,Colar Premium Nude,Acessórios,Colar,FORN-095,8,147.43,414.05,93,15,78,39,2024-04-22,Em Estoque,448,0.0685,11499.54,32295.9,2.81,False,False
SKU-03597,Bolsa de Couro Moderno Branco,Acessórios,Bolsa de Couro,FORN-086,5,186.11,415.27,461,111,350,102,2023-09-09,Em Estoque,448,0.3955,65138.5,145344.5,2.23,False,False
SKU-03598,Esfoliante Artesanal Dourado,Beleza,Esfoliante,FORN-068,13,214.56,447.85,437,128,309,135,2025-12-12,Em Estoque,668,0.0436,66299.04,138385.65,2.09,False,False
SKU-03599,Camisa Social Básico Dourado,Moda,Camisa Social,FORN-078,9,178.36,470.1,784,150,634,55,2023-11-23,Em Estoque,448,0.1778,113080.24,298043.4,2.64,False,False
SKU-03600,Top Luxo Azul,Moda,Top,FORN-018,60,274.83,862.82,401,54,347,148,2025-10-19,Em Estoque,448,0.0739,95366.01,299398.54,3.14,False,False
SKU-03601,Vestido Edição Limitada Verde,Moda,Vestido,FORN-008,52,398.49,1197.53,143,6,137,79,2023-01-24,Em Estoque,448,0.2041,54593.13,164061.61,3.01,False,False
SKU-03602,Garrafa Térmica Moderno Verde,Lifestyle,Garrafa Térmica,FORN-023,14,127.25,279.66,223,6,217,73,2025-11-25,Em Estoque,448,0.4316,27613.25,60686.22,2.2,False,False
SKU-03603,Camiseta Exclusivo Rosa,Moda,Camiseta,FORN-081,50,306.96,781.19,55,10,45,62,2025-07-18,Estoque Crítico,448,0.2227,13813.2,35153.55,2.54,True,False
SKU-03604,Legging Delicado Nude,Moda,Legging,FORN-058,58,206.55,380.82,651,50,601,95,2024-11-11,Em Estoque,448,0.0351,124136.55,228872.82,1.84,False,False
SKU-03605,Jaqueta Luxo Branco,Moda,Jaqueta,FORN-045,8,375.11,1150.02,711,142,569,102,2023-02-06,Em Estoque,448,0.4562,213437.59,654361.38,3.07,False,False
SKU-03606,Blusa de Tricô Artesanal Preto,Moda,Blusa de Tricô,FORN-040,5,389.5,641.61,179,43,136,125,2023-04-13,Em Estoque,448,0.0925,52972.0,87258.96,1.65,False,False
SKU-03607,Saia Sport Azul,Moda,Saia,FORN-028,6,97.73,284.16,152,18,134,122,2023-09-19,Em Estoque,448,0.4357,13095.82,38077.44,2.91,False,False
SKU-03608,Base Líquida Delicado Dourado,Beleza,Base Líquida,FORN-061,54,296.48,930.62,0,0,0,55,2023-01-27,Ruptura,319,0.2484,0.0,0.0,3.14,True,False
SKU-03609,Vestido Básico Verde,Moda,Vestido,FORN-012,12,311.32,988.53,749,175,574,117,2023-02-08,Em Estoque,448,0.344,178697.68,567416.22,3.18,False,False
SKU-03610,Almofada Artesanal Vermelho,Lifestyle,Almofada,FORN-011,14,362.13,984.47,498,81,417,33,2025-07-13,Em Estoque,448,0.0469,151008.21,410523.99,2.72,False,False
SKU-03611,Sérum Facial Edição Limitada Verde,Beleza,Sérum Facial,FORN-089,13,362.66,831.79,259,55,204,51,2023-08-17,Em Estoque,639,0.2318,73982.64,169685.16,2.29,False,False
SKU-03612,Kit Chá Básico Bege,Lifestyle,Kit Chá,FORN-009,14,244.48,769.59,437,22,415,136,2024-12-24,Em Estoque,448,0.3333,101459.2,319379.85,3.15,False,False
SKU-03613,Kit Chá Urban Preto,Lifestyle,Kit Chá,FORN-001,7,85.08,195.83,441,108,333,51,2025-05-10,Em Estoque,448,0.2218,28331.64,65211.39,2.3,False,False
SKU-03614,Colar Moderno Preto,Acessórios,Colar,FORN-090,5,103.38,255.57,256,5,251,117,2024-07-11,Em Estoque,448,0.1545,25948.38,64148.07,2.47,False,False
SKU-03615,Esfoliante Delicado Prata,Beleza,Esfoliante,FORN-054,54,248.4,600.61,356,34,322,59,2025-03-01,Em Estoque,350,0.1897,79984.8,193396.42,2.42,False,False
SKU-03616,Mochila Exclusivo Dourado,Acessórios,Mochila,FORN-004,51,198.77,436.39,377,101,276,135,2025-06-26,Em Estoque,448,0.1645,54860.52,120443.64,2.2,False,False
SKU-03617,Luminária Oversize Azul,Lifestyle,Luminária,FORN-001,14,74.46,208.16,214,36,178,62,2023-09-04,Em Estoque,448,0.0759,13253.88,37052.48,2.8,False,False
SKU-03618,Saia Oversize Preto,Moda,Saia,FORN-034,47,72.49,164.88,313,88,225,105,2025-01-19,Em Estoque,448,0.4531,16310.25,37098.0,2.27,False,False
SKU-03619,Sombra Urban Dourado,Beleza,Sombra,FORN-030,6,128.86,323.72,337,54,283,118,2023-03-26,Em Estoque,683,0.2198,36467.38,91612.76,2.51,False,False
SKU-03620,Regata Clássico Prata,Moda,Regata,FORN-008,60,385.48,654.31,147,33,114,145,2025-07-09,Estoque Crítico,448,0.0575,43944.72,74591.34,1.7,True,False
SKU-03621,Kit Skincare Moderno Nude,Beleza,Kit Skincare,FORN-078,11,252.79,648.37,336,96,240,67,2025-04-08,Em Estoque,380,0.264,60669.6,155608.8,2.56,False,False
SKU-03622,Planta Artificial Exclusivo Azul,Lifestyle,Planta Artificial,FORN-071,11,218.36,625.71,76,11,65,141,2023-08-07,Estoque Crítico,448,0.2791,14193.4,40671.15,2.87,True,False
SKU-03623,Planta Artificial Básico Vermelho,Lifestyle,Planta Artificial,FORN-045,7,302.26,604.27,19,3,16,70,2024-09-16,Estoque Crítico,448,0.1172,4836.16,9668.32,2.0,True,False
SKU-03624,Máscara de Cílios Básico Nude,Beleza,Máscara de Cílios,FORN-078,13,29.52,91.72,130,38,92,113,2023-11-07,Estoque Crítico,393,0.4647,2715.84,8438.24,3.11,True,False
SKU-03625,Camisa Social Sport Verde,Moda,Camisa Social,FORN-008,57,196.21,627.12,157,40,117,121,2023-09-03,Estoque Crítico,448,0.4492,22956.57,73373.04,3.2,True,False
SKU-03626,Blush Sustentável Dourado,Beleza,Blush,FORN-100,58,385.49,1030.45,0,0,0,29,2025-02-20,Ruptura,628,0.1331,0.0,0.0,2.67,True,False
SKU-03627,Condicionador Artesanal Nude,Beleza,Condicionador,FORN-030,8,32.54,63.29,248,35,213,20,2025-07-06,Em Estoque,323,0.1946,6931.02,13480.77,1.94,False,False
SKU-03628,Jaqueta Moderno Bege,Moda,Jaqueta,FORN-036,13,283.31,679.08,398,67,331,147,2024-10-04,Em Estoque,448,0.4121,93775.61,224775.48,2.4,False,False
SKU-03629,Difusor Moderno Bege,Lifestyle,Difusor,FORN-075,54,28.15,55.77,186,30,156,56,2024-08-13,Em Estoque,448,0.3001,4391.4,8700.12,1.98,False,False
SKU-03630,Vestido Delicado Vermelho,Moda,Vestido,FORN-085,55,33.12,77.64,566,76,490,68,2025-11-23,Em Estoque,448,0.2628,16228.8,38043.6,2.34,False,False
SKU-03631,Bolsa de Couro Premium Nude,Acessórios,Bolsa de Couro,FORN-080,14,366.93,838.79,460,41,419,78,2025-06-23,Descontinuado,448,0.164,153743.67,351453.01,2.29,False,True
SKU-03632,Chapéu Premium Rosa,Acessórios,Chapéu,FORN-065,12,304.1,654.3,310,62,248,105,2024-04-27,Em Estoque,448,0.3976,75416.8,162266.4,2.15,False,False
SKU-03633,Moletom Luxo Rosa,Moda,Moletom,FORN-080,14,168.87,463.6,499,146,353,123,2024-03-05,Em Estoque,448,0.3491,59611.11,163650.8,2.75,False,False
SKU-03634,Moletom Sport Branco,Moda,Moletom,FORN-097,10,375.04,742.24,908,5,903,44,2024-06-24,Em Estoque,448,0.4236,338661.12,670242.72,1.98,False,False
SKU-03635,Espelho de Mesa Sustentável Vermelho,Lifestyle,Espelho de Mesa,FORN-089,14,112.43,276.58,19,2,17,37,2024-06-08,Estoque Crítico,448,0.4355,1911.31,4701.86,2.46,True,False
SKU-03636,Kit Skincare Urban Preto,Beleza,Kit Skincare,FORN-015,58,215.97,647.13,0,0,0,137,2024-01-02,Ruptura,262,0.4755,0.0,0.0,3.0,True,False
SKU-03637,Óleo Corporal Artesanal Azul,Beleza,Óleo Corporal,FORN-075,50,348.68,1041.37,131,20,111,101,2024-06-06,Em Estoque,490,0.3718,38703.48,115592.07,2.99,False,False
SKU-03638,Kit Skincare Slim Rosa,Beleza,Kit Skincare,FORN-099,6,92.02,265.27,292,73,219,105,2025-02-15,Em Estoque,383,0.1051,20152.38,58094.13,2.88,False,False
SKU-03639,Regata Básico Verde,Moda,Regata,FORN-056,14,144.32,441.54,1155,337,818,121,2025-06-23,Em Estoque,448,0.4199,118053.76,361179.72,3.06,False,False
SKU-03640,Garrafa Térmica Edição Limitada Branco,Lifestyle,Garrafa Térmica,FORN-084,6,326.98,794.64,248,37,211,20,2025-09-21,Em Estoque,448,0.2272,68992.78,167669.04,2.43,False,False
SKU-03641,Camiseta Urban Vermelho,Moda,Camiseta,FORN-074,52,336.47,616.56,282,69,213,122,2025-10-20,Em Estoque,448,0.4445,71668.11,131327.28,1.83,False,False
SKU-03642,Perfume Artesanal Azul,Beleza,Perfume,FORN-001,15,91.1,187.58,184,9,175,29,2025-06-02,Em Estoque,233,0.2803,15942.5,32826.5,2.06,False,False
SKU-03643,Calça Jeans Artesanal Branco,Moda,Calça Jeans,FORN-020,58,40.28,109.67,559,135,424,117,2024-05-20,Em Estoque,448,0.0349,17078.72,46500.08,2.72,False,False
SKU-03644,Colar Premium Nude,Acessórios,Colar,FORN-031,13,378.63,1108.61,180,19,161,127,2023-10-25,Em Estoque,448,0.2503,60959.43,178486.21,2.93,False,False
SKU-03645,Vela Aromática Urban Verde,Lifestyle,Vela Aromática,FORN-033,59,136.3,321.0,172,25,147,107,2023-04-01,Em Estoque,448,0.4634,20036.1,47187.0,2.36,False,False
SKU-03646,Blusa de Tricô Edição Limitada Preto,Moda,Blusa de Tricô,FORN-075,54,123.44,274.79,110,6,104,45,2025-12-08,Em Estoque,448,0.0273,12837.76,28578.16,2.23,False,False
SKU-03647,Óleo Corporal Luxo Vermelho,Beleza,Óleo Corporal,FORN-056,5,341.65,1000.34,14,2,12,15,2025-06-21,Estoque Crítico,561,0.3484,4099.8,12004.08,2.93,True,False
SKU-03648,Blush Exclusivo Nude,Beleza,Blush,FORN-028,12,237.71,748.26,298,12,286,88,2024-05-08,Em Estoque,222,0.3528,67985.06,214002.36,3.15,False,False
SKU-03649,Vestido Básico Nude,Moda,Vestido,FORN-094,57,327.05,532.85,866,216,650,79,2024-02-25,Em Estoque,448,0.1549,212582.5,346352.5,1.63,False,False
SKU-03650,Top Moderno Bege,Moda,Top,FORN-011,6,48.22,125.94,1063,213,850,44,2023-08-15,Em Estoque,448,0.3166,40987.0,107049.0,2.61,False,False
SKU-03651,Condicionador Moderno Azul,Beleza,Condicionador,FORN-001,14,364.37,896.2,50,8,42,104,2023-04-16,Estoque Crítico,726,0.4608,15303.54,37640.4,2.46,True,False
SKU-03652,Garrafa Térmica Slim Vermelho,Lifestyle,Garrafa Térmica,FORN-028,8,300.37,567.42,226,33,193,49,2024-07-11,Em Estoque,448,0.4495,57971.41,109512.06,1.89,False,False
SKU-03653,Batom Delicado Prata,Beleza,Batom,FORN-005,55,369.66,615.55,0,0,0,99,2025-04-18,Ruptura,660,0.4163,0.0,0.0,1.67,True,False
SKU-03654,Bolsa de Couro Básico Verde,Acessórios,Bolsa de Couro,FORN-035,8,280.15,890.87,382,103,279,95,2024-09-04,Em Estoque,448,0.0256,78161.85,248552.73,3.18,False,False
SKU-03655,Kit Skincare Sport Rosa,Beleza,Kit Skincare,FORN-080,6,323.66,973.52,266,14,252,98,2025-11-26,Em Estoque,482,0.1363,81562.32,245327.04,3.01,False,False
SKU-03656,Kit Skincare Urban Nude,Beleza,Kit Skincare,FORN-044,9,62.0,108.45,1,1,0,103,2024-03-13,Ruptura,580,0.2147,0.0,0.0,1.75,True,False
SKU-03657,Creme Hidratante Luxo Verde,Beleza,Creme Hidratante,FORN-086,10,109.28,327.63,350,51,299,66,2024-08-14,Em Estoque,540,0.3095,32674.72,97961.37,3.0,False,False
SKU-03658,Top Moderno Rosa,Moda,Top,FORN-037,7,108.54,312.96,104,11,93,57,2024-07-09,Em Estoque,448,0.1556,10094.22,29105.28,2.88,False,False
SKU-03659,Perfume Urban Vermelho,Beleza,Perfume,FORN-013,9,166.27,308.64,264,29,235,113,2023-12-11,Em Estoque,241,0.3299,39073.45,72530.4,1.86,False,False
SKU-03660,Garrafa Térmica Básico Verde,Lifestyle,Garrafa Térmica,FORN-011,15,95.87,257.32,100,11,89,120,2023-02-15,Estoque Crítico,448,0.4485,8532.43,22901.48,2.68,True,False
SKU-03661,Regata Slim Dourado,Moda,Regata,FORN-025,9,136.55,432.16,591,114,477,53,2025-03-08,Em Estoque,448,0.4446,65134.35,206140.32,3.16,False,False
SKU-03662,Kit Chá Delicado Vermelho,Lifestyle,Kit Chá,FORN-010,58,231.87,697.88,177,33,144,149,2024-11-17,Estoque Crítico,448,0.4946,33389.28,100494.72,3.01,True,False
SKU-03663,Colar Urban Azul,Acessórios,Colar,FORN-016,51,261.14,731.73,356,87,269,136,2024-01-17,Em Estoque,448,0.224,70246.66,196835.37,2.8,False,False
SKU-03664,Saia Moderno Nude,Moda,Saia,FORN-062,7,238.39,541.57,763,104,659,97,2024-08-19,Em Estoque,448,0.4244,157099.01,356894.63,2.27,False,False
SKU-03665,Perfume Moderno Rosa,Beleza,Perfume,FORN-034,49,144.95,251.94,0,0,0,90,2024-06-11,Ruptura,309,0.1454,0.0,0.0,1.74,True,False
SKU-03666,Máscara de Cílios Exclusivo Vermelho,Beleza,Máscara de Cílios,FORN-031,9,227.92,366.88,492,109,383,32,2025-08-02,Em Estoque,569,0.1267,87293.36,140515.04,1.61,False,False
SKU-03667,Colar Slim Verde,Acessórios,Colar,FORN-028,8,207.06,649.46,431,45,386,15,2023-06-13,Em Estoque,448,0.1388,79925.16,250691.56,3.14,False,False
SKU-03668,Carteira Edição Limitada Rosa,Acessórios,Carteira,FORN-010,56,354.81,697.07,243,54,189,142,2024-01-24,Em Estoque,448,0.1016,67059.09,131746.23,1.96,False,False
SKU-03669,Saia Exclusivo Branco,Moda,Saia,FORN-002,14,22.19,39.45,383,13,370,86,2024-02-10,Em Estoque,448,0.0502,8210.3,14596.5,1.78,False,False
SKU-03670,Sombra Urban Verde,Beleza,Sombra,FORN-042,51,226.2,672.26,196,35,161,19,2024-03-20,Em Estoque,709,0.0258,36418.2,108233.86,2.97,False,False
SKU-03671,Regata Exclusivo Branco,Moda,Regata,FORN-049,13,138.15,251.97,479,50,429,15,2025-10-02,Em Estoque,448,0.0097,59266.35,108095.13,1.82,False,False
SKU-03672,Moletom Slim Rosa,Moda,Moletom,FORN-044,5,109.72,291.94,386,33,353,101,2025-12-04,Em Estoque,448,0.3077,38731.16,103054.82,2.66,False,False
SKU-03673,Perfume Sustentável Azul,Beleza,Perfume,FORN-028,5,30.84,73.67,421,48,373,71,2025-03-26,Em Estoque,367,0.084,11503.32,27478.91,2.39,False,False
SKU-03674,Garrafa Térmica Luxo Vermelho,Lifestyle,Garrafa Térmica,FORN-079,10,42.52,124.58,74,20,54,108,2023-06-19,Estoque Crítico,448,0.025,2296.08,6727.32,2.93,True,False
SKU-03675,Óleo Corporal Moderno Verde,Beleza,Óleo Corporal,FORN-019,7,178.96,522.39,466,93,373,76,2025-04-02,Em Estoque,532,0.4307,66752.08,194851.47,2.92,False,False
SKU-03676,Chapéu Sustentável Azul,Acessórios,Chapéu,FORN-099,9,340.52,597.44,346,84,262,98,2025-10-14,Em Estoque,448,0.211,89216.24,156529.28,1.75,False,False
SKU-03677,Sérum Facial Sport Preto,Beleza,Sérum Facial,FORN-079,13,256.42,598.34,239,32,207,12,2025-06-03,Em Estoque,428,0.0581,53078.94,123856.38,2.33,False,False
SKU-03678,Colar Básico Branco,Acessórios,Colar,FORN-078,14,344.76,938.41,222,46,176,117,2024-12-02,Em Estoque,448,0.489,60677.76,165160.16,2.72,False,False
SKU-03679,Blusa de Tricô Slim Bege,Moda,Blusa de Tricô,FORN-055,46,36.02,64.96,770,168,602,56,2023-04-17,Em Estoque,448,0.1806,21684.04,39105.92,1.8,False,False
SKU-03680,Kit Skincare Moderno Prata,Beleza,Kit Skincare,FORN-083,14,141.29,355.63,188,56,132,52,2023-06-03,Em Estoque,465,0.4337,18650.28,46943.16,2.52,False,False
SKU-03681,Camisa Social Slim Nude,Moda,Camisa Social,FORN-057,12,155.04,338.91,1195,262,933,95,2024-04-18,Em Estoque,448,0.2457,144652.32,316203.03,2.19,False,False
SKU-03682,Condicionador Sustentável Preto,Beleza,Condicionador,FORN-027,6,299.37,516.49,65,2,63,72,2023-11-25,Estoque Crítico,708,0.247,18860.31,32538.87,1.73,True,False
SKU-03683,Relógio de Parede Delicado Rosa,Lifestyle,Relógio de Parede,FORN-023,6,134.5,373.82,109,21,88,83,2025-06-25,Em Estoque,448,0.145,11836.0,32896.16,2.78,False,False
SKU-03684,Sombra Urban Azul,Beleza,Sombra,FORN-080,11,356.52,1124.08,287,16,271,102,2023-06-28,Em Estoque,216,0.312,96616.92,304625.68,3.15,False,False
SKU-03685,Blusa de Tricô Sport Azul,Moda,Blusa de Tricô,FORN-097,10,85.69,145.89,64,9,55,107,2024-01-26,Estoque Crítico,448,0.2168,4712.95,8023.95,1.7,True,False
SKU-03686,Kit Skincare Urban Nude,Beleza,Kit Skincare,FORN-092,49,389.41,782.41,0,0,0,131,2024-07-04,Ruptura,227,0.3326,0.0,0.0,2.01,True,False
SKU-03687,Jaqueta Luxo Preto,Moda,Jaqueta,FORN-021,50,358.26,983.49,214,46,168,37,2023-02-28,Em Estoque,448,0.2986,60187.68,165226.32,2.75,False,False
SKU-03688,Jaqueta Clássico Prata,Moda,Jaqueta,FORN-046,53,57.51,181.84,168,14,154,44,2024-12-24,Em Estoque,448,0.1482,8856.54,28003.36,3.16,False,False
SKU-03689,Saia Básico Verde,Moda,Saia,FORN-083,5,121.34,218.34,632,139,493,122,2024-09-17,Em Estoque,448,0.3831,59820.62,107641.62,1.8,False,False
SKU-03690,Cinto Básico Verde,Acessórios,Cinto,FORN-098,48,99.06,225.49,152,11,141,60,2023-12-22,Em Estoque,448,0.1695,13967.46,31794.09,2.28,False,False
SKU-03691,Luminária Artesanal Preto,Lifestyle,Luminária,FORN-027,8,292.56,853.08,288,24,264,32,2023-06-15,Em Estoque,448,0.228,77235.84,225213.12,2.92,False,False
SKU-03692,Legging Exclusivo Branco,Moda,Legging,FORN-046,54,149.48,272.09,572,111,461,51,2025-07-01,Em Estoque,448,0.4395,68910.28,125433.49,1.82,False,False
SKU-03693,Shorts Premium Nude,Moda,Shorts,FORN-030,5,256.56,722.41,546,155,391,30,2025-12-12,Descontinuado,448,0.3482,100314.96,282462.31,2.82,False,True
SKU-03694,Kit Skincare Edição Limitada Nude,Beleza,Kit Skincare,FORN-074,51,273.8,854.56,291,82,209,41,2025-10-10,Em Estoque,651,0.1372,57224.2,178603.04,3.12,False,False
SKU-03695,Jaqueta Urban Branco,Moda,Jaqueta,FORN-077,45,33.72,69.55,370,63,307,93,2025-07-07,Em Estoque,448,0.4607,10352.04,21351.85,2.06,False,False
SKU-03696,Jaqueta Moderno Bege,Moda,Jaqueta,FORN-061,46,69.61,197.71,607,104,503,121,2025-07-26,Em Estoque,448,0.267,35013.83,99448.13,2.84,False,False
SKU-03697,Almofada Moderno Branco,Lifestyle,Almofada,FORN-012,11,81.4,138.97,364,85,279,113,2024-02-10,Em Estoque,448,0.1273,22710.6,38772.63,1.71,False,False
SKU-03698,Condicionador Artesanal Vermelho,Beleza,Condicionador,FORN-094,56,280.08,578.17,102,2,100,14,2024-06-15,Em Estoque,389,0.3405,28008.0,57817.0,2.06,False,False
SKU-03699,Óculos de Sol Sustentável Verde,Acessórios,Óculos de Sol,FORN-074,58,35.77,109.92,279,74,205,94,2025-07-20,Em Estoque,448,0.0953,7332.85,22533.6,3.07,False,False
SKU-03700,Regata Slim Azul,Moda,Regata,FORN-033,50,91.57,184.86,283,21,262,35,2023-06-23,Em Estoque,448,0.4666,23991.34,48433.32,2.02,False,False
SKU-03701,Batom Clássico Preto,Beleza,Batom,FORN-097,14,360.24,638.34,22,5,17,79,2023-11-19,Estoque Crítico,298,0.1592,6124.08,10851.78,1.77,True,False
SKU-03702,Almofada Sport Branco,Lifestyle,Almofada,FORN-038,5,156.14,264.71,178,0,178,30,2025-04-22,Em Estoque,448,0.315,27792.92,47118.38,1.7,False,False
SKU-03703,Espelho de Mesa Sport Vermelho,Lifestyle,Espelho de Mesa,FORN-029,58,116.77,352.93,87,25,62,115,2024-08-05,Estoque Crítico,448,0.1608,7239.74,21881.66,3.02,True,False
SKU-03704,Jaqueta Sport Nude,Moda,Jaqueta,FORN-095,7,128.44,249.05,741,216,525,84,2023-05-01,Em Estoque,448,0.0427,67431.0,130751.25,1.94,False,False
SKU-03705,Top Slim Bege,Moda,Top,FORN-048,15,110.17,276.96,718,206,512,112,2025-11-11,Em Estoque,448,0.0937,56407.04,141803.52,2.51,False,False
SKU-03706,Luminária Exclusivo Bege,Lifestyle,Luminária,FORN-003,14,57.2,150.78,52,5,47,49,2024-07-13,Estoque Crítico,448,0.0623,2688.4,7086.66,2.64,True,False
SKU-03707,Vestido Delicado Prata,Moda,Vestido,FORN-006,60,20.61,33.24,780,150,630,13,2025-07-22,Em Estoque,448,0.4335,12984.3,20941.2,1.61,False,False
SKU-03708,Top Oversize Nude,Moda,Top,FORN-010,47,198.29,523.29,456,34,422,99,2023-04-16,Em Estoque,448,0.0019,83678.38,220828.38,2.64,False,False
SKU-03709,Creme Hidratante Urban Azul,Beleza,Creme Hidratante,FORN-060,12,369.99,917.78,92,24,68,104,2023-08-03,Estoque Crítico,684,0.07,25159.32,62409.04,2.48,True,False
SKU-03710,Caderno Moderno Azul,Lifestyle,Caderno,FORN-030,5,22.81,70.25,95,10,85,107,2025-07-09,Estoque Crítico,448,0.2231,1938.85,5971.25,3.08,True,False
SKU-03711,Calça Jeans Moderno Azul,Moda,Calça Jeans,FORN-009,6,155.58,397.0,697,138,559,87,2023-03-14,Em Estoque,448,0.0996,86969.22,221923.0,2.55,False,False
SKU-03712,Protetor Solar Premium Nude,Beleza,Protetor Solar,FORN-079,5,398.79,1047.72,334,39,295,40,2023-02-12,Em Estoque,530,0.0988,117643.05,309077.4,2.63,False,False
SKU-03713,Luminária Edição Limitada Dourado,Lifestyle,Luminária,FORN-012,8,172.36,391.25,464,50,414,94,2023-12-10,Em Estoque,448,0.0927,71357.04,161977.5,2.27,False,False
SKU-03714,Porta-Retrato Moderno Bege,Lifestyle,Porta-Retrato,FORN-042,51,335.67,811.79,164,46,118,57,2025-10-15,Em Estoque,448,0.2845,39609.06,95791.22,2.42,False,False
SKU-03715,Espelho de Mesa Luxo Vermelho,Lifestyle,Espelho de Mesa,FORN-046,59,193.31,479.34,328,28,300,98,2023-02-22,Em Estoque,448,0.0011,57993.0,143802.0,2.48,False,False
SKU-03716,Almofada Premium Vermelho,Lifestyle,Almofada,FORN-037,6,74.59,230.29,483,19,464,92,2024-01-05,Em Estoque,448,0.49,34609.76,106854.56,3.09,False,False
SKU-03717,Sérum Facial Sustentável Verde,Beleza,Sérum Facial,FORN-002,6,171.95,314.12,324,2,322,58,2025-05-19,Em Estoque,284,0.433,55367.9,101146.64,1.83,False,False
SKU-03718,Porta-Retrato Edição Limitada Nude,Lifestyle,Porta-Retrato,FORN-081,57,96.38,297.4,478,76,402,52,2024-03-24,Em Estoque,448,0.4557,38744.76,119554.8,3.09,False,False
SKU-03719,Creme Hidratante Urban Verde,Beleza,Creme Hidratante,FORN-037,8,167.26,379.53,331,98,233,133,2025-07-16,Em Estoque,579,0.2402,38971.58,88430.49,2.27,False,False
SKU-03720,Óculos de Sol Edição Limitada Nude,Acessórios,Óculos de Sol,FORN-066,11,289.52,465.44,403,11,392,69,2023-04-05,Em Estoque,448,0.3877,113491.84,182452.48,1.61,False,False
SKU-03721,Planta Artificial Clássico Branco,Lifestyle,Planta Artificial,FORN-058,45,84.99,265.17,341,61,280,40,2025-10-13,Em Estoque,448,0.4285,23797.2,74247.6,3.12,False,False
SKU-03722,Calça Jeans Luxo Prata,Moda,Calça Jeans,FORN-046,48,137.11,320.21,432,106,326,20,2023-09-10,Em Estoque,448,0.1638,44697.86,104388.46,2.34,False,False
SKU-03723,Luminária Premium Vermelho,Lifestyle,Luminária,FORN-066,7,339.46,1070.35,234,40,194,113,2023-05-25,Em Estoque,448,0.0064,65855.24,207647.9,3.15,False,False
SKU-03724,Mochila Básico Verde,Acessórios,Mochila,FORN-079,7,255.85,487.13,374,43,331,125,2025-10-02,Em Estoque,448,0.2528,84686.35,161240.03,1.9,False,False
SKU-03725,Vela Aromática Edição Limitada Nude,Lifestyle,Vela Aromática,FORN-002,8,40.84,111.31,394,28,366,83,2025-12-16,Em Estoque,448,0.4093,14947.44,40739.46,2.73,False,False
SKU-03726,Meias Básico Branco,Acessórios,Meias,FORN-024,46,72.18,140.04,425,35,390,69,2025-11-27,Em Estoque,448,0.3196,28150.2,54615.6,1.94,False,False
SKU-03727,Difusor Sport Bege,Lifestyle,Difusor,FORN-076,49,392.99,650.91,78,4,74,60,2023-04-08,Em Estoque,448,0.2772,29081.26,48167.34,1.66,False,False
SKU-03728,Camisa Social Exclusivo Nude,Moda,Camisa Social,FORN-087,10,45.7,124.21,246,63,183,130,2023-09-27,Em Estoque,448,0.3012,8363.1,22730.43,2.72,False,False
SKU-03729,Blush Edição Limitada Dourado,Beleza,Blush,FORN-069,7,113.43,182.88,282,37,245,56,2023-10-25,Em Estoque,597,0.1652,27790.35,44805.6,1.61,False,False
SKU-03730,Top Slim Prata,Moda,Top,FORN-049,10,194.61,373.01,423,48,375,145,2023-05-22,Em Estoque,448,0.4223,72978.75,139878.75,1.92,False,False
SKU-03731,Condicionador Artesanal Nude,Beleza,Condicionador,FORN-081,48,243.29,662.93,0,0,0,54,2025-09-03,Ruptura,190,0.3798,0.0,0.0,2.72,True,False
SKU-03732,Protetor Solar Urban Azul,Beleza,Protetor Solar,FORN-075,48,399.88,1214.63,296,70,226,39,2023-12-21,Em Estoque,379,0.0116,90372.88,274506.38,3.04,False,False
SKU-03733,Camiseta Sustentável Rosa,Moda,Camiseta,FORN-074,55,40.06,82.19,244,21,223,122,2023-10-06,Em Estoque,448,0.4435,8933.38,18328.37,2.05,False,False
SKU-03734,Óculos de Sol Sport Prata,Acessórios,Óculos de Sol,FORN-036,15,120.21,370.44,407,100,307,114,2023-11-13,Em Estoque,448,0.4895,36904.47,113725.08,3.08,False,False
SKU-03735,Óculos de Sol Slim Preto,Acessórios,Óculos de Sol,FORN-067,55,393.06,701.0,456,109,347,69,2023-04-17,Em Estoque,448,0.2455,136391.82,243247.0,1.78,False,False
SKU-03736,Meias Oversize Dourado,Acessórios,Meias,FORN-092,54,49.05,97.54,210,20,190,54,2024-12-11,Em Estoque,448,0.062,9319.5,18532.6,1.99,False,False
SKU-03737,Blusa de Tricô Delicado Prata,Moda,Blusa de Tricô,FORN-027,13,152.97,441.16,239,66,173,28,2023-07-10,Em Estoque,448,0.1397,26463.81,76320.68,2.88,False,False
SKU-03738,Perfume Slim Dourado,Beleza,Perfume,FORN-014,8,84.83,259.33,30,1,29,25,2023-10-21,Em Estoque,526,0.2612,2460.07,7520.57,3.06,False,False
SKU-03739,Cinto Luxo Verde,Acessórios,Cinto,FORN-088,6,338.84,840.82,269,10,259,40,2023-02-10,Em Estoque,448,0.0667,87759.56,217772.38,2.48,False,False
SKU-03740,Caderno Moderno Verde,Lifestyle,Caderno,FORN-082,57,213.56,516.05,7,0,7,79,2023-09-04,Estoque Crítico,448,0.4247,1494.92,3612.35,2.42,True,False
SKU-03741,Caderno Edição Limitada Azul,Lifestyle,Caderno,FORN-011,11,208.17,460.49,25,2,23,125,2023-07-18,Estoque Crítico,448,0.2919,4787.91,10591.27,2.21,True,False
SKU-03742,Esfoliante Exclusivo Prata,Beleza,Esfoliante,FORN-036,12,214.78,579.53,235,11,224,149,2023-10-07,Em Estoque,724,0.1155,48110.72,129814.72,2.7,False,False
SKU-03743,Blush Sport Preto,Beleza,Blush,FORN-045,6,24.8,72.14,379,91,288,75,2024-04-01,Em Estoque,211,0.0932,7142.4,20776.32,2.91,False,False
SKU-03744,Base Líquida Moderno Branco,Beleza,Base Líquida,FORN-091,47,284.95,838.25,88,9,79,33,2025-05-24,Em Estoque,482,0.1553,22511.05,66221.75,2.94,False,False
SKU-03745,Perfume Urban Nude,Beleza,Perfume,FORN-038,7,322.63,806.64,113,19,94,14,2023-02-19,Em Estoque,718,0.3603,30327.22,75824.16,2.5,False,False
SKU-03746,Protetor Solar Slim Verde,Beleza,Protetor Solar,FORN-001,5,118.16,305.98,45,10,35,32,2023-11-02,Em Estoque,633,0.3883,4135.6,10709.3,2.59,False,False
SKU-03747,Carteira Sustentável Preto,Acessórios,Carteira,FORN-050,48,167.34,461.41,284,34,250,115,2024-12-18,Em Estoque,448,0.0686,41835.0,115352.5,2.76,False,False
SKU-03748,Sérum Facial Artesanal Prata,Beleza,Sérum Facial,FORN-063,7,221.75,627.42,470,18,452,141,2023-09-13,Em Estoque,323,0.1139,100231.0,283593.84,2.83,False,False
SKU-03749,Shorts Premium Verde,Moda,Shorts,FORN-048,12,74.03,227.88,510,43,467,31,2023-10-14,Em Estoque,448,0.3254,34572.01,106419.96,3.08,False,False
SKU-03750,Sérum Facial Sport Nude,Beleza,Sérum Facial,FORN-010,58,22.89,60.83,139,37,102,85,2023-08-24,Em Estoque,249,0.4472,2334.78,6204.66,2.66,False,False
SKU-03751,Saia Premium Vermelho,Moda,Saia,FORN-055,57,112.26,258.27,102,25,77,102,2025-10-07,Estoque Crítico,448,0.4213,8644.02,19886.79,2.3,True,False
SKU-03752,Creme Hidratante Sport Preto,Beleza,Creme Hidratante,FORN-040,12,34.97,104.32,187,44,143,126,2023-03-27,Em Estoque,577,0.4807,5000.71,14917.76,2.98,False,False
SKU-03753,Sombra Slim Branco,Beleza,Sombra,FORN-088,11,139.9,311.08,234,12,222,95,2024-02-03,Em Estoque,323,0.0205,31057.8,69059.76,2.22,False,False
SKU-03754,Base Líquida Exclusivo Preto,Beleza,Base Líquida,FORN-089,10,257.88,729.5,98,24,74,104,2025-07-16,Estoque Crítico,370,0.4022,19083.12,53983.0,2.83,True,False
SKU-03755,Óculos de Sol Oversize Verde,Acessórios,Óculos de Sol,FORN-018,56,194.96,336.32,14,1,13,58,2024-10-26,Estoque Crítico,448,0.3144,2534.48,4372.16,1.73,True,False
SKU-03756,Perfume Premium Prata,Beleza,Perfume,FORN-054,47,211.51,565.93,0,0,0,142,2025-04-25,Ruptura,438,0.1029,0.0,0.0,2.68,True,False
SKU-03757,Óculos de Sol Artesanal Nude,Acessórios,Óculos de Sol,FORN-086,12,225.27,438.61,423,111,312,41,2025-12-01,Em Estoque,448,0.121,70284.24,136846.32,1.95,False,False
SKU-03758,Lenço Artesanal Azul,Acessórios,Lenço,FORN-002,14,25.2,40.62,126,31,95,117,2024-09-10,Estoque Crítico,448,0.417,2394.0,3858.9,1.61,True,False
SKU-03759,Cinto Artesanal Preto,Acessórios,Cinto,FORN-014,9,36.1,77.35,170,47,123,10,2023-06-15,Em Estoque,448,0.0196,4440.3,9514.05,2.14,False,False
SKU-03760,Espelho de Mesa Premium Nude,Lifestyle,Espelho de Mesa,FORN-042,46,74.35,228.06,376,77,299,11,2024-07-07,Em Estoque,448,0.4295,22230.65,68189.94,3.07,False,False
SKU-03761,Espelho de Mesa Básico Prata,Lifestyle,Espelho de Mesa,FORN-098,51,311.98,708.81,136,33,103,148,2023-07-05,Estoque Crítico,448,0.2049,32133.94,73007.43,2.27,True,False
SKU-03762,Mochila Básico Vermelho,Acessórios,Mochila,FORN-090,8,167.76,387.88,494,121,373,27,2024-12-15,Em Estoque,448,0.2993,62574.48,144679.24,2.31,False,False
SKU-03763,Relógio de Parede Artesanal Rosa,Lifestyle,Relógio de Parede,FORN-087,7,281.8,731.68,183,54,129,79,2025-09-21,Em Estoque,448,0.4626,36352.2,94386.72,2.6,False,False
SKU-03764,Base Líquida Urban Rosa,Beleza,Base Líquida,FORN-013,7,117.97,345.87,407,56,351,130,2023-06-02,Em Estoque,663,0.1696,41407.47,121400.37,2.93,False,False
SKU-03765,Blusa de Tricô Edição Limitada Bege,Moda,Blusa de Tricô,FORN-034,54,340.19,835.11,556,137,419,146,2025-07-15,Em Estoque,448,0.2963,142539.61,349911.09,2.45,False,False
SKU-03766,Sérum Facial Básico Azul,Beleza,Sérum Facial,FORN-074,48,369.65,710.26,236,7,229,122,2024-12-03,Em Estoque,283,0.1211,84649.85,162649.54,1.92,False,False
SKU-03767,Relógio de Parede Delicado Prata,Lifestyle,Relógio de Parede,FORN-040,8,229.8,693.94,89,17,72,29,2024-01-10,Em Estoque,448,0.1567,16545.6,49963.68,3.02,False,False
SKU-03768,Esfoliante Sport Azul,Beleza,Esfoliante,FORN-046,59,372.26,705.78,210,20,190,133,2023-04-02,Em Estoque,427,0.1536,70729.4,134098.2,1.9,False,False
SKU-03769,Almofada Edição Limitada Prata,Lifestyle,Almofada,FORN-037,8,386.39,728.66,32,0,32,92,2024-10-13,Estoque Crítico,448,0.2815,12364.48,23317.12,1.89,True,False
SKU-03770,Saia Delicado Azul,Moda,Saia,FORN-008,60,235.18,377.41,1138,292,846,138,2024-07-15,Em Estoque,448,0.2332,198962.28,319288.86,1.6,False,False
SKU-03771,Óleo Corporal Básico Branco,Beleza,Óleo Corporal,FORN-097,5,101.85,299.84,206,46,160,51,2024-08-23,Em Estoque,250,0.0293,16296.0,47974.4,2.94,False,False
SKU-03772,Cinto Artesanal Preto,Acessórios,Cinto,FORN-019,13,29.82,69.36,468,87,381,105,2023-01-26,Em Estoque,448,0.1291,11361.42,26426.16,2.33,False,False
SKU-03773,Blusa de Tricô Edição Limitada Vermelho,Moda,Blusa de Tricô,FORN-088,8,35.68,108.9,744,40,704,137,2024-07-05,Em Estoque,448,0.4527,25118.72,76665.6,3.05,False,False
SKU-03774,Vestido Básico Dourado,Moda,Vestido,FORN-041,13,235.93,687.93,1117,11,1106,92,2023-08-01,Em Estoque,448,0.1142,260938.58,760850.58,2.92,False,False
SKU-03775,Batom Sport Preto,Beleza,Batom,FORN-086,12,90.2,241.27,110,9,101,81,2025-10-07,Em Estoque,324,0.1145,9110.2,24368.27,2.67,False,False
SKU-03776,Blush Oversize Vermelho,Beleza,Blush,FORN-063,12,252.31,513.09,192,24,168,149,2024-04-27,Em Estoque,299,0.4838,42388.08,86199.12,2.03,False,False
SKU-03777,Shorts Clássico Vermelho,Moda,Shorts,FORN-084,13,249.64,787.88,898,225,673,101,2024-11-10,Em Estoque,448,0.1729,168007.72,530243.24,3.16,False,False
SKU-03778,Legging Sustentável Prata,Moda,Legging,FORN-048,11,332.2,726.42,794,45,749,80,2023-08-19,Em Estoque,448,0.1936,248817.8,544088.58,2.19,False,False
SKU-03779,Relógio de Parede Artesanal Prata,Lifestyle,Relógio de Parede,FORN-047,6,171.43,313.89,341,66,275,135,2023-06-04,Em Estoque,448,0.234,47143.25,86319.75,1.83,False,False
SKU-03780,Protetor Solar Slim Branco,Beleza,Protetor Solar,FORN-036,9,232.72,550.5,248,56,192,86,2024-07-25,Em Estoque,636,0.3298,44682.24,105696.0,2.37,False,False
SKU-03781,Camiseta Moderno Branco,Moda,Camiseta,FORN-068,13,186.76,530.71,183,36,147,117,2023-07-22,Em Estoque,448,0.3975,27453.72,78014.37,2.84,False,False
SKU-03782,Kit Chá Urban Rosa,Lifestyle,Kit Chá,FORN-094,50,381.62,812.4,359,3,356,93,2024-09-10,Em Estoque,448,0.073,135856.72,289214.4,2.13,False,False
SKU-03783,Jaqueta Slim Vermelho,Moda,Jaqueta,FORN-043,6,221.88,498.68,325,44,281,69,2023-03-03,Em Estoque,448,0.0368,62348.28,140129.08,2.25,False,False
SKU-03784,Meias Exclusivo Bege,Acessórios,Meias,FORN-081,60,256.94,629.67,425,110,315,140,2024-06-26,Em Estoque,448,0.3199,80936.1,198346.05,2.45,False,False
SKU-03785,Batom Delicado Preto,Beleza,Batom,FORN-014,12,25.35,71.64,179,36,143,70,2025-07-15,Descontinuado,522,0.1854,3625.05,10244.52,2.83,False,True
SKU-03786,Óculos de Sol Edição Limitada Rosa,Acessórios,Óculos de Sol,FORN-010,49,119.93,265.93,461,95,366,95,2023-12-22,Em Estoque,448,0.3009,43894.38,97330.38,2.22,False,False
SKU-03787,Planta Artificial Sustentável Azul,Lifestyle,Planta Artificial,FORN-041,6,164.17,325.32,2,0,2,50,2024-12-04,Estoque Crítico,448,0.0422,328.34,650.64,1.98,True,False
SKU-03788,Planta Artificial Premium Preto,Lifestyle,Planta Artificial,FORN-019,6,303.75,777.97,26,0,26,146,2024-08-22,Estoque Crítico,448,0.1582,7897.5,20227.22,2.56,True,False
SKU-03789,Brinco Sustentável Dourado,Acessórios,Brinco,FORN-032,9,280.93,546.85,286,23,263,68,2025-02-07,Em Estoque,448,0.3316,73884.59,143821.55,1.95,False,False
SKU-03790,Lenço Delicado Azul,Acessórios,Lenço,FORN-054,57,240.46,664.21,134,39,95,142,2023-06-19,Estoque Crítico,448,0.257,22843.7,63099.95,2.76,True,False
SKU-03791,Shorts Edição Limitada Nude,Moda,Shorts,FORN-067,60,98.4,248.38,800,80,720,140,2024-06-14,Em Estoque,448,0.0544,70848.0,178833.6,2.52,False,False
SKU-03792,Blush Premium Bege,Beleza,Blush,FORN-034,54,169.1,435.64,141,22,119,148,2025-12-01,Estoque Crítico,568,0.2002,20122.9,51841.16,2.58,True,False
SKU-03793,Espelho de Mesa Slim Dourado,Lifestyle,Espelho de Mesa,FORN-068,8,389.99,1133.39,75,13,62,84,2024-12-11,Estoque Crítico,448,0.2515,24179.38,70270.18,2.91,True,False
SKU-03794,Kit Skincare Artesanal Prata,Beleza,Kit Skincare,FORN-064,7,394.66,800.63,153,24,129,72,2023-03-24,Em Estoque,466,0.3985,50911.14,103281.27,2.03,False,False
SKU-03795,Vela Aromática Artesanal Bege,Lifestyle,Vela Aromática,FORN-059,9,242.65,654.37,423,5,418,142,2023-11-03,Em Estoque,448,0.02,101427.7,273526.66,2.7,False,False
SKU-03796,Carteira Oversize Branco,Acessórios,Carteira,FORN-018,56,49.74,110.09,142,2,140,93,2024-02-23,Em Estoque,448,0.1666,6963.6,15412.6,2.21,False,False
SKU-03797,Pochete Premium Preto,Acessórios,Pochete,FORN-099,13,346.65,805.35,243,47,196,29,2025-01-25,Descontinuado,448,0.0888,67943.4,157848.6,2.32,False,True
SKU-03798,Mochila Premium Dourado,Acessórios,Mochila,FORN-031,9,308.85,723.6,382,36,346,71,2023-07-15,Em Estoque,448,0.4404,106862.1,250365.6,2.34,False,False
SKU-03799,Shorts Urban Azul,Moda,Shorts,FORN-010,46,330.48,1051.83,637,139,498,100,2024-04-15,Em Estoque,448,0.4793,164579.04,523811.34,3.18,False,False
SKU-03800,Sérum Facial Sport Verde,Beleza,Sérum Facial,FORN-071,10,224.46,386.85,216,35,181,97,2025-10-14,Em Estoque,321,0.1364,40627.26,70019.85,1.72,False,False
SKU-03801,Vestido Urban Branco,Moda,Vestido,FORN-020,56,382.01,834.73,513,133,380,60,2025-10-06,Em Estoque,448,0.0115,145163.8,317197.4,2.19,False,False
SKU-03802,Creme Hidratante Básico Bege,Beleza,Creme Hidratante,FORN-100,55,197.6,525.77,230,7,223,127,2024-10-23,Em Estoque,370,0.421,44064.8,117246.71,2.66,False,False
SKU-03803,Legging Luxo Verde,Moda,Legging,FORN-039,12,143.83,368.78,636,28,608,105,2025-07-26,Em Estoque,448,0.2437,87448.64,224218.24,2.56,False,False
SKU-03804,Camiseta Clássico Rosa,Moda,Camiseta,FORN-021,57,325.64,686.34,742,59,683,81,2024-09-10,Em Estoque,448,0.1076,222412.12,468770.22,2.11,False,False
SKU-03805,Camiseta Delicado Nude,Moda,Camiseta,FORN-002,8,345.62,859.79,353,60,293,44,2024-04-22,Em Estoque,448,0.4016,101266.66,251918.47,2.49,False,False
SKU-03806,Vestido Sustentável Branco,Moda,Vestido,FORN-078,7,167.77,317.89,640,140,500,122,2023-09-27,Em Estoque,448,0.2448,83885.0,158945.0,1.89,False,False
SKU-03807,Batom Sport Rosa,Beleza,Batom,FORN-073,60,35.91,94.73,422,40,382,10,2025-12-22,Em Estoque,594,0.3319,13717.62,36186.86,2.64,False,False
SKU-03808,Garrafa Térmica Sport Azul,Lifestyle,Garrafa Térmica,FORN-045,11,74.55,188.6,403,3,400,54,2023-02-28,Em Estoque,448,0.467,29820.0,75440.0,2.53,False,False
SKU-03809,Sérum Facial Urban Preto,Beleza,Sérum Facial,FORN-001,5,224.28,409.09,65,1,64,101,2023-03-24,Estoque Crítico,350,0.0222,14353.92,26181.76,1.82,True,False
SKU-03810,Kit Skincare Sport Verde,Beleza,Kit Skincare,FORN-050,46,221.07,540.59,149,27,122,108,2023-08-04,Descontinuado,274,0.1437,26970.54,65951.98,2.45,False,True
SKU-03811,Óculos de Sol Slim Dourado,Acessórios,Óculos de Sol,FORN-046,48,312.21,951.4,98,18,80,21,2024-07-11,Em Estoque,448,0.202,24976.8,76112.0,3.05,False,False
SKU-03812,Sombra Exclusivo Verde,Beleza,Sombra,FORN-060,11,315.96,597.95,485,50,435,41,2024-01-08,Em Estoque,536,0.0275,137442.6,260108.25,1.89,False,False
SKU-03813,Caderno Premium Vermelho,Lifestyle,Caderno,FORN-026,49,301.96,862.2,487,15,472,99,2023-05-03,Em Estoque,448,0.4719,142525.12,406958.4,2.86,False,False
SKU-03814,Creme Hidratante Delicado Verde,Beleza,Creme Hidratante,FORN-056,9,165.0,373.74,239,50,189,75,2024-10-28,Em Estoque,464,0.0837,31185.0,70636.86,2.27,False,False
SKU-03815,Sérum Facial Premium Preto,Beleza,Sérum Facial,FORN-002,6,100.46,311.95,227,33,194,58,2024-09-09,Em Estoque,279,0.0096,19489.24,60518.3,3.11,False,False
SKU-03816,Perfume Delicado Bege,Beleza,Perfume,FORN-025,7,75.96,224.49,482,138,344,67,2023-08-14,Em Estoque,348,0.3215,26130.24,77224.56,2.96,False,False
SKU-03817,Jaqueta Sport Azul,Moda,Jaqueta,FORN-035,10,36.87,79.19,121,25,96,104,2024-09-14,Estoque Crítico,448,0.4993,3539.52,7602.24,2.15,True,False
SKU-03818,Sérum Facial Sport Preto,Beleza,Sérum Facial,FORN-005,45,357.13,913.37,436,31,405,145,2024-03-21,Em Estoque,424,0.312,144637.65,369914.85,2.56,False,False
SKU-03819,Protetor Solar Slim Prata,Beleza,Protetor Solar,FORN-086,14,52.39,88.53,202,37,165,109,2023-02-11,Em Estoque,535,0.317,8644.35,14607.45,1.69,False,False
SKU-03820,Vela Aromática Urban Preto,Lifestyle,Vela Aromática,FORN-065,12,160.8,455.98,235,42,193,35,2025-04-04,Em Estoque,448,0.3814,31034.4,88004.14,2.84,False,False
SKU-03821,Planta Artificial Clássico Azul,Lifestyle,Planta Artificial,FORN-063,5,272.81,671.11,140,16,124,109,2025-11-11,Descontinuado,448,0.3341,33828.44,83217.64,2.46,False,True
SKU-03822,Base Líquida Moderno Prata,Beleza,Base Líquida,FORN-047,15,133.37,236.68,481,79,402,55,2025-04-06,Em Estoque,466,0.4954,53614.74,95145.36,1.77,False,False
SKU-03823,Base Líquida Sustentável Dourado,Beleza,Base Líquida,FORN-032,8,339.57,807.99,19,0,19,22,2024-06-07,Estoque Crítico,591,0.0231,6451.83,15351.81,2.38,True,False
SKU-03824,Legging Luxo Nude,Moda,Legging,FORN-063,6,89.86,226.82,80,17,63,49,2024-03-21,Em Estoque,448,0.2345,5661.18,14289.66,2.52,False,False
SKU-03825,Condicionador Sport Nude,Beleza,Condicionador,FORN-078,14,304.82,699.51,11,2,9,39,2025-07-20,Estoque Crítico,577,0.0063,2743.38,6295.59,2.29,True,False
SKU-03826,Mochila Edição Limitada Branco,Acessórios,Mochila,FORN-011,13,91.01,229.67,442,22,420,14,2024-06-17,Em Estoque,448,0.1105,38224.2,96461.4,2.52,False,False
SKU-03827,Protetor Solar Premium Nude,Beleza,Protetor Solar,FORN-064,10,104.82,200.95,193,12,181,38,2024-10-28,Em Estoque,317,0.2513,18972.42,36371.95,1.92,False,False
SKU-03828,Kit Skincare Básico Prata,Beleza,Kit Skincare,FORN-088,11,65.63,154.87,331,50,281,149,2024-04-09,Em Estoque,461,0.3995,18442.03,43518.47,2.36,False,False
SKU-03829,Colar Urban Bege,Acessórios,Colar,FORN-023,5,178.1,520.72,290,73,217,49,2024-06-17,Em Estoque,448,0.0282,38647.7,112996.24,2.92,False,False
SKU-03830,Blusa de Tricô Exclusivo Preto,Moda,Blusa de Tricô,FORN-085,59,159.93,416.17,251,37,214,34,2025-01-17,Em Estoque,448,0.4216,34225.02,89060.38,2.6,False,False
SKU-03831,Regata Exclusivo Azul,Moda,Regata,FORN-011,14,336.84,1025.66,451,41,410,125,2024-09-26,Em Estoque,448,0.0245,138104.4,420520.6,3.04,False,False
SKU-03832,Esfoliante Urban Azul,Beleza,Esfoliante,FORN-018,47,376.77,656.44,0,0,0,32,2024-08-22,Ruptura,186,0.1137,0.0,0.0,1.74,True,False
SKU-03833,Camiseta Sustentável Azul,Moda,Camiseta,FORN-056,6,209.28,441.78,775,27,748,131,2025-10-03,Em Estoque,448,0.3198,156541.44,330451.44,2.11,False,False
SKU-03834,Camiseta Premium Preto,Moda,Camiseta,FORN-012,8,110.74,324.87,703,184,519,40,2024-09-19,Descontinuado,448,0.4579,57474.06,168607.53,2.93,False,True
SKU-03835,Legging Luxo Azul,Moda,Legging,FORN-099,15,236.87,420.28,676,185,491,29,2025-03-15,Em Estoque,448,0.4696,116303.17,206357.48,1.77,False,False
SKU-03836,Jaqueta Urban Dourado,Moda,Jaqueta,FORN-091,58,381.22,806.54,77,23,54,89,2024-09-19,Estoque Crítico,448,0.4449,20585.88,43553.16,2.12,True,False
SKU-03837,Sombra Urban Prata,Beleza,Sombra,FORN-096,8,98.42,220.02,168,39,129,123,2024-08-02,Em Estoque,286,0.1465,12696.18,28382.58,2.24,False,False
SKU-03838,Sombra Básico Nude,Beleza,Sombra,FORN-024,45,348.97,998.53,114,33,81,43,2025-07-12,Em Estoque,727,0.3179,28266.57,80880.93,2.86,False,False
SKU-03839,Luminária Exclusivo Branco,Lifestyle,Luminária,FORN-018,57,173.2,466.53,297,15,282,108,2025-10-28,Em Estoque,448,0.0798,48842.4,131561.46,2.69,False,False
SKU-03840,Kit Chá Luxo Dourado,Lifestyle,Kit Chá,FORN-087,5,276.53,664.72,324,54,270,106,2024-08-26,Em Estoque,448,0.27,74663.1,179474.4,2.4,False,False
SKU-03841,Kit Skincare Sustentável Dourado,Beleza,Kit Skincare,FORN-085,55,248.18,758.3,251,55,196,133,2023-12-22,Em Estoque,196,0.0206,48643.28,148626.8,3.06,False,False
SKU-03842,Sérum Facial Sport Vermelho,Beleza,Sérum Facial,FORN-068,7,93.01,257.6,399,60,339,70,2023-10-08,Em Estoque,469,0.3459,31530.39,87326.4,2.77,False,False
SKU-03843,Meias Clássico Vermelho,Acessórios,Meias,FORN-064,13,210.04,610.27,229,6,223,124,2023-11-27,Em Estoque,448,0.4698,46838.92,136090.21,2.91,False,False
SKU-03844,Moletom Premium Verde,Moda,Moletom,FORN-020,47,389.76,1244.11,654,55,599,10,2025-06-17,Em Estoque,448,0.3405,233466.24,745221.89,3.19,False,False
SKU-03845,Condicionador Urban Prata,Beleza,Condicionador,FORN-068,5,393.59,1248.9,397,86,311,50,2025-11-27,Em Estoque,691,0.1998,122406.49,388407.9,3.17,False,False
SKU-03846,Vela Aromática Exclusivo Prata,Lifestyle,Vela Aromática,FORN-069,8,209.3,563.83,224,8,216,12,2024-03-07,Em Estoque,448,0.325,45208.8,121787.28,2.69,False,False
SKU-03847,Shorts Moderno Rosa,Moda,Shorts,FORN-038,14,49.92,145.9,317,58,259,10,2025-09-10,Em Estoque,448,0.1991,12929.28,37788.1,2.92,False,False
SKU-03848,Legging Sustentável Bege,Moda,Legging,FORN-038,14,220.8,464.99,599,65,534,61,2024-06-27,Em Estoque,448,0.3624,117907.2,248304.66,2.11,False,False
SKU-03849,Camisa Social Slim Branco,Moda,Camisa Social,FORN-054,49,259.83,739.73,790,116,674,55,2024-01-17,Em Estoque,448,0.0828,175125.42,498578.02,2.85,False,False
SKU-03850,Vela Aromática Básico Azul,Lifestyle,Vela Aromática,FORN-019,6,161.43,478.62,217,57,160,25,2023-11-28,Em Estoque,448,0.2559,25828.8,76579.2,2.96,False,False
SKU-03851,Calça Jeans Premium Rosa,Moda,Calça Jeans,FORN-043,14,237.46,607.36,733,121,612,30,2025-10-18,Em Estoque,448,0.4887,145325.52,371704.32,2.56,False,False
SKU-03852,Calça Jeans Moderno Branco,Moda,Calça Jeans,FORN-072,14,266.18,439.67,719,98,621,37,2025-02-16,Em Estoque,448,0.0459,165297.78,273035.07,1.65,False,False
SKU-03853,Meias Slim Branco,Acessórios,Meias,FORN-036,11,337.46,726.46,153,20,133,31,2023-04-28,Em Estoque,448,0.4923,44882.18,96619.18,2.15,False,False
SKU-03854,Base Líquida Edição Limitada Rosa,Beleza,Base Líquida,FORN-096,14,53.11,140.71,207,12,195,16,2025-04-13,Em Estoque,704,0.2066,10356.45,27438.45,2.65,False,False
SKU-03855,Moletom Oversize Preto,Moda,Moletom,FORN-007,12,376.15,759.47,724,216,508,10,2023-10-03,Em Estoque,448,0.1163,191084.2,385810.76,2.02,False,False
SKU-03856,Camiseta Delicado Vermelho,Moda,Camiseta,FORN-084,11,253.07,746.73,640,122,518,134,2025-11-04,Em Estoque,448,0.1048,131090.26,386806.14,2.95,False,False
SKU-03857,Blusa de Tricô Clássico Rosa,Moda,Blusa de Tricô,FORN-036,13,375.87,766.6,723,55,668,98,2023-10-01,Em Estoque,448,0.099,251081.16,512088.8,2.04,False,False
SKU-03858,Condicionador Básico Prata,Beleza,Condicionador,FORN-036,5,380.06,838.33,106,9,97,75,2025-12-13,Em Estoque,389,0.0732,36865.82,81318.01,2.21,False,False
SKU-03859,Sérum Facial Premium Rosa,Beleza,Sérum Facial,FORN-080,15,241.48,720.82,219,35,184,70,2025-05-25,Em Estoque,206,0.3667,44432.32,132630.88,2.99,False,False
SKU-03860,Kit Skincare Delicado Bege,Beleza,Kit Skincare,FORN-083,5,157.7,486.93,48,6,42,64,2023-10-22,Estoque Crítico,335,0.3297,6623.4,20451.06,3.09,True,False
SKU-03861,Luminária Clássico Verde,Lifestyle,Luminária,FORN-075,52,70.96,176.25,184,31,153,40,2023-12-28,Em Estoque,448,0.0852,10856.88,26966.25,2.48,False,False
SKU-03862,Camisa Social Sport Branco,Moda,Camisa Social,FORN-018,51,20.99,34.48,177,48,129,146,2023-09-07,Estoque Crítico,448,0.4558,2707.71,4447.92,1.64,True,False
SKU-03863,Chapéu Clássico Rosa,Acessórios,Chapéu,FORN-047,6,177.49,446.0,252,57,195,112,2023-11-23,Em Estoque,448,0.0049,34610.55,86970.0,2.51,False,False
SKU-03864,Base Líquida Básico Dourado,Beleza,Base Líquida,FORN-019,14,380.55,1136.87,121,14,107,93,2025-02-08,Em Estoque,550,0.1039,40718.85,121645.09,2.99,False,False
SKU-03865,Pulseira Oversize Vermelho,Acessórios,Pulseira,FORN-022,59,293.42,806.72,181,44,137,15,2024-12-23,Descontinuado,448,0.1276,40198.54,110520.64,2.75,False,True
SKU-03866,Saia Urban Dourado,Moda,Saia,FORN-012,11,229.23,561.84,624,19,605,147,2025-03-10,Em Estoque,448,0.2742,138684.15,339913.2,2.45,False,False
SKU-03867,Difusor Edição Limitada Azul,Lifestyle,Difusor,FORN-049,7,247.2,397.07,267,55,212,82,2025-12-22,Em Estoque,448,0.2202,52406.4,84178.84,1.61,False,False
SKU-03868,Legging Clássico Azul,Moda,Legging,FORN-018,49,115.84,344.01,204,55,149,64,2024-09-24,Em Estoque,448,0.1709,17260.16,51257.49,2.97,False,False
SKU-03869,Blusa de Tricô Clássico Prata,Moda,Blusa de Tricô,FORN-100,60,377.73,931.63,488,1,487,81,2024-08-10,Em Estoque,448,0.2219,183954.51,453703.81,2.47,False,False
SKU-03870,Shorts Slim Branco,Moda,Shorts,FORN-001,10,194.13,403.65,1107,164,943,56,2024-04-06,Em Estoque,448,0.3164,183064.59,380641.95,2.08,False,False
SKU-03871,Shorts Urban Prata,Moda,Shorts,FORN-097,8,125.55,276.05,590,94,496,91,2023-09-21,Em Estoque,448,0.2253,62272.8,136920.8,2.2,False,False
SKU-03872,Shorts Sustentável Bege,Moda,Shorts,FORN-092,48,302.68,808.18,28,6,22,55,2024-12-01,Estoque Crítico,448,0.0527,6658.96,17779.96,2.67,True,False
SKU-03873,Máscara de Cílios Clássico Preto,Beleza,Máscara de Cílios,FORN-039,8,270.56,627.09,63,8,55,83,2025-08-06,Estoque Crítico,468,0.2595,14880.8,34489.95,2.32,True,False
SKU-03874,Máscara de Cílios Edição Limitada Branco,Beleza,Máscara de Cílios,FORN-045,7,371.75,1113.17,350,86,264,70,2023-06-25,Em Estoque,316,0.3643,98142.0,293876.88,2.99,False,False
SKU-03875,Lenço Luxo Preto,Acessórios,Lenço,FORN-066,7,28.11,66.29,257,0,257,138,2025-03-06,Em Estoque,448,0.2906,7224.27,17036.53,2.36,False,False
SKU-03876,Vestido Urban Branco,Moda,Vestido,FORN-001,15,287.29,732.42,1050,176,874,76,2024-10-03,Em Estoque,448,0.3651,251091.46,640135.08,2.55,False,False
SKU-03877,Condicionador Artesanal Bege,Beleza,Condicionador,FORN-076,45,83.66,145.49,7,2,5,52,2023-08-20,Estoque Crítico,319,0.4221,418.3,727.45,1.74,True,False
SKU-03878,Espelho de Mesa Delicado Nude,Lifestyle,Espelho de Mesa,FORN-066,13,114.1,326.57,353,103,250,74,2023-03-14,Em Estoque,448,0.1168,28525.0,81642.5,2.86,False,False
SKU-03879,Almofada Premium Prata,Lifestyle,Almofada,FORN-001,15,197.76,519.5,6,0,6,133,2025-02-16,Estoque Crítico,448,0.0538,1186.56,3117.0,2.63,True,False
SKU-03880,Moletom Exclusivo Verde,Moda,Moletom,FORN-019,9,164.87,397.34,575,94,481,51,2025-01-18,Em Estoque,448,0.4731,79302.47,191120.54,2.41,False,False
SKU-03881,Vestido Clássico Prata,Moda,Vestido,FORN-054,57,385.69,630.39,586,116,470,84,2025-05-04,Em Estoque,448,0.2216,181274.3,296283.3,1.63,False,False
SKU-03882,Kit Skincare Premium Azul,Beleza,Kit Skincare,FORN-052,54,336.47,807.97,250,31,219,130,2023-12-12,Em Estoque,201,0.3777,73686.93,176945.43,2.4,False,False
SKU-03883,Camisa Social Artesanal Vermelho,Moda,Camisa Social,FORN-065,9,218.03,419.93,538,144,394,123,2025-11-14,Em Estoque,448,0.0381,85903.82,165452.42,1.93,False,False
SKU-03884,Top Luxo Bege,Moda,Top,FORN-094,55,275.8,848.64,609,82,527,134,2023-10-10,Em Estoque,448,0.4349,145346.6,447233.28,3.08,False,False
SKU-03885,Sérum Facial Sustentável Branco,Beleza,Sérum Facial,FORN-077,47,301.85,823.33,471,12,459,69,2024-04-08,Em Estoque,537,0.3124,138549.15,377908.47,2.73,False,False
SKU-03886,Saia Clássico Azul,Moda,Saia,FORN-035,5,383.91,1076.97,88,17,71,149,2025-07-14,Estoque Crítico,448,0.1246,27257.61,76464.87,2.81,True,False
SKU-03887,Cinto Urban Rosa,Acessórios,Cinto,FORN-086,8,225.95,381.94,56,2,54,97,2024-03-28,Estoque Crítico,448,0.4509,12201.3,20624.76,1.69,True,False
SKU-03888,Legging Exclusivo Prata,Moda,Legging,FORN-080,10,252.49,645.33,117,24,93,93,2025-10-11,Estoque Crítico,448,0.0597,23481.57,60015.69,2.56,False,False
SKU-03889,Moletom Urban Vermelho,Moda,Moletom,FORN-055,54,228.51,467.48,861,135,726,15,2025-01-23,Em Estoque,448,0.2739,165898.26,339390.48,2.05,False,False
SKU-03890,Carteira Premium Vermelho,Acessórios,Carteira,FORN-032,13,82.56,168.25,138,15,123,50,2024-06-25,Em Estoque,448,0.4599,10154.88,20694.75,2.04,False,False
SKU-03891,Caderno Básico Prata,Lifestyle,Caderno,FORN-078,15,269.41,483.0,296,62,234,138,2025-11-11,Em Estoque,448,0.0335,63041.94,113022.0,1.79,False,False
SKU-03892,Base Líquida Oversize Rosa,Beleza,Base Líquida,FORN-031,11,240.06,730.93,20,5,15,64,2024-06-20,Estoque Crítico,442,0.2674,3600.9,10963.95,3.04,True,False
SKU-03893,Sérum Facial Slim Nude,Beleza,Sérum Facial,FORN-035,5,219.31,564.34,35,0,35,11,2024-10-11,Em Estoque,275,0.3018,7675.85,19751.9,2.57,False,False
SKU-03894,Garrafa Térmica Moderno Branco,Lifestyle,Garrafa Térmica,FORN-051,12,243.86,686.05,199,51,148,108,2024-01-25,Em Estoque,448,0.3503,36091.28,101535.4,2.81,False,False
SKU-03895,Kit Chá Oversize Preto,Lifestyle,Kit Chá,FORN-044,14,331.1,830.07,335,55,280,81,2023-09-04,Em Estoque,448,0.2243,92708.0,232419.6,2.51,False,False
SKU-03896,Calça Jeans Sustentável Nude,Moda,Calça Jeans,FORN-049,10,57.22,165.21,333,3,330,148,2024-06-07,Em Estoque,448,0.1454,18882.6,54519.3,2.89,False,False
SKU-03897,Legging Oversize Prata,Moda,Legging,FORN-026,51,52.34,114.25,748,187,561,95,2024-10-08,Em Estoque,448,0.2316,29362.74,64094.25,2.18,False,False
SKU-03898,Condicionador Clássico Vermelho,Beleza,Condicionador,FORN-067,48,22.75,59.25,408,80,328,106,2025-11-22,Em Estoque,655,0.0209,7462.0,19434.0,2.6,False,False
SKU-03899,Vela Aromática Sustentável Prata,Lifestyle,Vela Aromática,FORN-016,59,300.66,542.91,493,44,449,93,2024-09-18,Em Estoque,448,0.3238,134996.34,243766.59,1.81,False,False
SKU-03900,Espelho de Mesa Urban Branco,Lifestyle,Espelho de Mesa,FORN-022,59,196.08,344.63,185,54,131,34,2025-01-15,Em Estoque,448,0.43,25686.48,45146.53,1.76,False,False
SKU-03901,Shorts Edição Limitada Dourado,Moda,Shorts,FORN-056,5,43.22,129.3,142,22,120,123,2024-06-16,Estoque Crítico,448,0.0471,5186.4,15516.0,2.99,True,False
SKU-03902,Shorts Luxo Verde,Moda,Shorts,FORN-070,54,323.02,744.47,680,90,590,32,2025-07-03,Em Estoque,448,0.427,190581.8,439237.3,2.3,False,False
SKU-03903,Base Líquida Luxo Rosa,Beleza,Base Líquida,FORN-004,45,147.2,454.75,153,19,134,118,2023-11-24,Em Estoque,292,0.2111,19724.8,60936.5,3.09,False,False
SKU-03904,Camisa Social Sustentável Azul,Moda,Camisa Social,FORN-075,46,193.85,435.37,760,91,669,48,2024-11-10,Em Estoque,448,0.4837,129685.65,291262.53,2.25,False,False
SKU-03905,Blusa de Tricô Sustentável Nude,Moda,Blusa de Tricô,FORN-076,60,23.44,72.05,355,8,347,36,2023-05-12,Em Estoque,448,0.3981,8133.68,25001.35,3.07,False,False
SKU-03906,Protetor Solar Edição Limitada Azul,Beleza,Protetor Solar,FORN-042,46,276.73,719.03,376,65,311,22,2023-10-05,Em Estoque,608,0.2081,86063.03,223618.33,2.6,False,False
SKU-03907,Camisa Social Urban Azul,Moda,Camisa Social,FORN-046,50,363.39,582.14,472,114,358,54,2024-06-11,Em Estoque,448,0.4191,130093.62,208406.12,1.6,False,False
SKU-03908,Moletom Básico Azul,Moda,Moletom,FORN-043,15,321.79,997.68,463,1,462,31,2025-09-05,Em Estoque,448,0.3234,148666.98,460928.16,3.1,False,False
SKU-03909,Relógio de Parede Urban Preto,Lifestyle,Relógio de Parede,FORN-007,7,143.23,439.44,114,2,112,80,2025-07-16,Em Estoque,448,0.0095,16041.76,49217.28,3.07,False,False
SKU-03910,Perfume Delicado Verde,Beleza,Perfume,FORN-029,52,63.01,108.63,206,18,188,139,2023-06-28,Em Estoque,651,0.1704,11845.88,20422.44,1.72,False,False
SKU-03911,Planta Artificial Slim Prata,Lifestyle,Planta Artificial,FORN-031,8,163.91,409.83,56,11,45,48,2025-10-14,Estoque Crítico,448,0.1275,7375.95,18442.35,2.5,True,False
SKU-03912,Pochete Delicado Branco,Acessórios,Pochete,FORN-049,11,93.76,241.75,367,6,361,63,2023-03-04,Em Estoque,448,0.4911,33847.36,87271.75,2.58,False,False
SKU-03913,Planta Artificial Premium Dourado,Lifestyle,Planta Artificial,FORN-001,6,214.52,641.62,42,11,31,95,2024-08-09,Estoque Crítico,448,0.4845,6650.12,19890.22,2.99,True,False
SKU-03914,Difusor Clássico Verde,Lifestyle,Difusor,FORN-013,7,59.46,147.09,492,49,443,84,2023-11-03,Em Estoque,448,0.357,26340.78,65160.87,2.47,False,False
SKU-03915,Creme Hidratante Slim Verde,Beleza,Creme Hidratante,FORN-081,56,355.46,1078.04,377,49,328,106,2023-06-07,Em Estoque,284,0.2433,116590.88,353597.12,3.03,False,False
SKU-03916,Vela Aromática Moderno Rosa,Lifestyle,Vela Aromática,FORN-047,12,282.94,508.0,495,113,382,97,2024-06-28,Em Estoque,448,0.3608,108083.08,194056.0,1.8,False,False
SKU-03917,Camiseta Premium Bege,Moda,Camiseta,FORN-024,54,391.65,707.52,794,79,715,68,2023-11-24,Em Estoque,448,0.3999,280029.75,505876.8,1.81,False,False
SKU-03918,Brinco Básico Nude,Acessórios,Brinco,FORN-080,14,191.63,534.63,469,16,453,26,2023-06-05,Em Estoque,448,0.3072,86808.39,242187.39,2.79,False,False
SKU-03919,Sérum Facial Luxo Nude,Beleza,Sérum Facial,FORN-088,14,100.68,170.04,415,60,355,119,2025-05-05,Descontinuado,299,0.3641,35741.4,60364.2,1.69,False,True
SKU-03920,Legging Luxo Azul,Moda,Legging,FORN-010,46,49.56,127.87,1097,134,963,110,2023-01-27,Em Estoque,448,0.3245,47726.28,123138.81,2.58,False,False
SKU-03921,Camisa Social Oversize Vermelho,Moda,Camisa Social,FORN-054,57,289.83,504.97,205,38,167,101,2023-08-22,Em Estoque,448,0.0686,48401.61,84329.99,1.74,False,False
SKU-03922,Planta Artificial Moderno Nude,Lifestyle,Planta Artificial,FORN-024,45,83.28,238.41,92,9,83,78,2025-09-18,Em Estoque,448,0.0121,6912.24,19788.03,2.86,False,False
SKU-03923,Luminária Artesanal Vermelho,Lifestyle,Luminária,FORN-046,59,199.78,447.16,159,13,146,100,2025-03-18,Em Estoque,448,0.1289,29167.88,65285.36,2.24,False,False
SKU-03924,Calça Jeans Clássico Rosa,Moda,Calça Jeans,FORN-044,15,109.85,255.48,595,16,579,29,2024-01-24,Em Estoque,448,0.3398,63603.15,147922.92,2.33,False,False
SKU-03925,Esfoliante Básico Prata,Beleza,Esfoliante,FORN-021,49,82.07,215.73,136,17,119,84,2024-08-26,Em Estoque,728,0.1526,9766.33,25671.87,2.63,False,False
SKU-03926,Esfoliante Edição Limitada Nude,Beleza,Esfoliante,FORN-095,9,134.46,285.82,358,33,325,55,2023-11-12,Em Estoque,275,0.1291,43699.5,92891.5,2.13,False,False
SKU-03927,Sérum Facial Sustentável Branco,Beleza,Sérum Facial,FORN-029,51,319.93,555.56,119,34,85,43,2024-07-26,Em Estoque,315,0.1066,27194.05,47222.6,1.74,False,False
SKU-03928,Óleo Corporal Slim Verde,Beleza,Óleo Corporal,FORN-095,15,369.8,1122.02,370,73,297,38,2023-08-06,Em Estoque,190,0.4122,109830.6,333239.94,3.03,False,False
SKU-03929,Kit Chá Urban Azul,Lifestyle,Kit Chá,FORN-008,59,233.42,463.55,313,78,235,64,2024-07-18,Em Estoque,448,0.0264,54853.7,108934.25,1.99,False,False
SKU-03930,Protetor Solar Artesanal Branco,Beleza,Protetor Solar,FORN-077,47,309.09,881.85,298,24,274,150,2023-09-22,Em Estoque,395,0.4418,84690.66,241626.9,2.85,False,False
SKU-03931,Vela Aromática Sustentável Azul,Lifestyle,Vela Aromática,FORN-080,13,135.29,354.69,164,21,143,12,2024-01-13,Em Estoque,448,0.1735,19346.47,50720.67,2.62,False,False
SKU-03932,Almofada Edição Limitada Bege,Lifestyle,Almofada,FORN-059,13,146.79,415.61,324,52,272,51,2023-08-23,Em Estoque,448,0.4631,39926.88,113045.92,2.83,False,False
SKU-03933,Porta-Retrato Slim Azul,Lifestyle,Porta-Retrato,FORN-065,6,384.18,802.18,446,92,354,114,2024-02-23,Em Estoque,448,0.135,135999.72,283971.72,2.09,False,False
SKU-03934,Óleo Corporal Moderno Preto,Beleza,Óleo Corporal,FORN-009,9,118.64,332.11,124,34,90,76,2024-06-10,Em Estoque,183,0.0455,10677.6,29889.9,2.8,False,False
SKU-03935,Porta-Retrato Básico Nude,Lifestyle,Porta-Retrato,FORN-088,13,265.88,639.3,286,12,274,62,2023-03-02,Em Estoque,448,0.4381,72851.12,175168.2,2.4,False,False
SKU-03936,Regata Artesanal Prata,Moda,Regata,FORN-080,8,29.04,72.76,155,11,144,48,2025-01-06,Em Estoque,448,0.4614,4181.76,10477.44,2.51,False,False
SKU-03937,Pochete Edição Limitada Vermelho,Acessórios,Pochete,FORN-076,59,37.34,107.46,418,87,331,113,2025-04-23,Em Estoque,448,0.2768,12359.54,35569.26,2.88,False,False
SKU-03938,Batom Sustentável Rosa,Beleza,Batom,FORN-008,45,273.17,698.59,339,61,278,134,2023-06-23,Em Estoque,599,0.0935,75941.26,194208.02,2.56,False,False
SKU-03939,Espelho de Mesa Oversize Nude,Lifestyle,Espelho de Mesa,FORN-003,6,73.63,143.42,170,12,158,23,2023-03-11,Em Estoque,448,0.3426,11633.54,22660.36,1.95,False,False
SKU-03940,Legging Slim Vermelho,Moda,Legging,FORN-055,52,196.7,448.85,649,111,538,86,2024-01-07,Em Estoque,448,0.1347,105824.6,241481.3,2.28,False,False
SKU-03941,Calça Jeans Básico Nude,Moda,Calça Jeans,FORN-094,53,365.7,778.49,772,46,726,14,2024-06-11,Em Estoque,448,0.0822,265498.2,565183.74,2.13,False,False
SKU-03942,Sombra Sport Prata,Beleza,Sombra,FORN-042,56,140.54,259.52,421,118,303,82,2024-01-12,Em Estoque,581,0.0278,42583.62,78634.56,1.85,False,False
SKU-03943,Regata Exclusivo Rosa,Moda,Regata,FORN-075,51,385.12,973.56,746,162,584,114,2024-09-19,Em Estoque,448,0.0499,224910.08,568559.04,2.53,False,False
SKU-03944,Esfoliante Oversize Bege,Beleza,Esfoliante,FORN-068,10,128.34,269.34,100,1,99,90,2023-11-07,Em Estoque,615,0.0525,12705.66,26664.66,2.1,False,False
SKU-03945,Calça Jeans Edição Limitada Azul,Moda,Calça Jeans,FORN-084,12,26.79,70.21,508,35,473,17,2023-11-27,Em Estoque,448,0.1754,12671.67,33209.33,2.62,False,False
SKU-03946,Camisa Social Slim Preto,Moda,Camisa Social,FORN-057,14,253.23,497.06,453,131,322,31,2023-05-17,Em Estoque,448,0.051,81540.06,160053.32,1.96,False,False
SKU-03947,Camisa Social Premium Verde,Moda,Camisa Social,FORN-034,50,355.17,736.43,775,72,703,21,2024-02-25,Em Estoque,448,0.4839,249684.51,517710.29,2.07,False,False
SKU-03948,Top Exclusivo Prata,Moda,Top,FORN-060,12,329.63,927.92,79,12,67,51,2023-10-04,Em Estoque,448,0.1006,22085.21,62170.64,2.82,False,False
SKU-03949,Kit Skincare Premium Branco,Beleza,Kit Skincare,FORN-051,13,218.93,586.49,157,44,113,132,2024-12-08,Estoque Crítico,415,0.0067,24739.09,66273.37,2.68,True,False
SKU-03950,Kit Skincare Slim Dourado,Beleza,Kit Skincare,FORN-100,48,135.81,413.68,335,73,262,57,2025-05-05,Em Estoque,569,0.2457,35582.22,108384.16,3.05,False,False
SKU-03951,Almofada Básico Vermelho,Lifestyle,Almofada,FORN-044,8,315.87,646.86,208,47,161,106,2024-09-11,Em Estoque,448,0.1038,50855.07,104144.46,2.05,False,False
SKU-03952,Batom Slim Azul,Beleza,Batom,FORN-051,6,268.16,731.93,48,6,42,142,2024-10-26,Estoque Crítico,560,0.4953,11262.72,30741.06,2.73,True,False
SKU-03953,Calça Jeans Sustentável Branco,Moda,Calça Jeans,FORN-056,13,207.69,495.36,167,40,127,73,2024-12-24,Em Estoque,448,0.163,26376.63,62910.72,2.39,False,False
SKU-03954,Calça Jeans Premium Bege,Moda,Calça Jeans,FORN-085,51,283.58,809.88,585,17,568,79,2023-01-03,Em Estoque,448,0.0655,161073.44,460011.84,2.86,False,False
SKU-03955,Relógio de Parede Sustentável Rosa,Lifestyle,Relógio de Parede,FORN-060,9,286.1,500.44,160,43,117,131,2025-07-04,Estoque Crítico,448,0.497,33473.7,58551.48,1.75,True,False
SKU-03956,Colar Clássico Azul,Acessórios,Colar,FORN-100,46,90.72,154.98,131,20,111,147,2023-05-28,Estoque Crítico,448,0.3901,10069.92,17202.78,1.71,True,False
SKU-03957,Planta Artificial Premium Dourado,Lifestyle,Planta Artificial,FORN-006,50,195.31,513.67,185,28,157,78,2025-04-14,Em Estoque,448,0.0826,30663.67,80646.19,2.63,False,False
SKU-03958,Top Slim Dourado,Moda,Top,FORN-008,50,166.74,501.0,644,169,475,84,2024-07-14,Em Estoque,448,0.0667,79201.5,237975.0,3.0,False,False
SKU-03959,Pochete Delicado Bege,Acessórios,Pochete,FORN-074,59,76.67,218.81,396,30,366,39,2025-09-21,Em Estoque,448,0.0137,28061.22,80084.46,2.85,False,False
SKU-03960,Meias Moderno Azul,Acessórios,Meias,FORN-039,9,153.15,387.69,484,92,392,21,2025-03-19,Em Estoque,448,0.0112,60034.8,151974.48,2.53,False,False
SKU-03961,Regata Sport Verde,Moda,Regata,FORN-050,46,383.42,955.25,557,115,442,142,2023-07-23,Em Estoque,448,0.1899,169471.64,422220.5,2.49,False,False
SKU-03962,Meias Slim Nude,Acessórios,Meias,FORN-038,6,280.17,752.43,150,29,121,24,2024-05-15,Em Estoque,448,0.1738,33900.57,91044.03,2.69,False,False
SKU-03963,Cinto Artesanal Bege,Acessórios,Cinto,FORN-052,45,337.87,773.74,458,33,425,73,2025-09-05,Descontinuado,448,0.3418,143594.75,328839.5,2.29,False,True
SKU-03964,Top Clássico Nude,Moda,Top,FORN-061,45,180.07,426.9,674,108,566,90,2025-06-07,Descontinuado,448,0.0746,101919.62,241625.4,2.37,False,True
SKU-03965,Vestido Básico Bege,Moda,Vestido,FORN-066,13,59.33,154.11,209,20,189,147,2023-03-23,Em Estoque,448,0.1146,11213.37,29126.79,2.6,False,False
SKU-03966,Protetor Solar Slim Rosa,Beleza,Protetor Solar,FORN-018,53,47.13,133.42,200,54,146,24,2025-04-18,Em Estoque,263,0.1279,6880.98,19479.32,2.83,False,False
SKU-03967,Esfoliante Artesanal Rosa,Beleza,Esfoliante,FORN-070,50,396.5,738.49,351,24,327,42,2023-09-24,Em Estoque,584,0.0606,129655.5,241486.23,1.86,False,False
SKU-03968,Blush Básico Preto,Beleza,Blush,FORN-066,6,311.11,696.9,75,3,72,71,2025-04-15,Em Estoque,505,0.3581,22399.92,50176.8,2.24,False,False
SKU-03969,Porta-Retrato Básico Rosa,Lifestyle,Porta-Retrato,FORN-045,15,155.73,324.4,228,16,212,49,2024-01-23,Em Estoque,448,0.1328,33014.76,68772.8,2.08,False,False
SKU-03970,Kit Skincare Urban Nude,Beleza,Kit Skincare,FORN-064,9,313.46,584.44,89,21,68,97,2025-11-28,Estoque Crítico,643,0.1011,21315.28,39741.92,1.86,True,False
SKU-03971,Shorts Exclusivo Verde,Moda,Shorts,FORN-083,5,219.37,625.92,448,56,392,47,2025-01-25,Em Estoque,448,0.4976,85993.04,245360.64,2.85,False,False
SKU-03972,Top Premium Prata,Moda,Top,FORN-032,5,262.84,611.73,249,48,201,133,2024-09-12,Em Estoque,448,0.2214,52830.84,122957.73,2.33,False,False
SKU-03973,Base Líquida Sport Verde,Beleza,Base Líquida,FORN-060,8,105.99,225.95,113,32,81,64,2024-10-02,Em Estoque,726,0.362,8585.19,18301.95,2.13,False,False
SKU-03974,Chapéu Slim Preto,Acessórios,Chapéu,FORN-042,58,245.77,507.05,425,117,308,107,2023-10-06,Em Estoque,448,0.3694,75697.16,156171.4,2.06,False,False
SKU-03975,Máscara de Cílios Sport Preto,Beleza,Máscara de Cílios,FORN-060,14,260.15,480.65,276,4,272,100,2023-03-09,Em Estoque,645,0.1645,70760.8,130736.8,1.85,False,False
SKU-03976,Saia Sport Azul,Moda,Saia,FORN-058,49,40.66,96.02,744,5,739,26,2023-08-11,Em Estoque,448,0.1671,30047.74,70958.78,2.36,False,False
SKU-03977,Blush Luxo Rosa,Beleza,Blush,FORN-062,8,159.98,267.01,214,58,156,87,2024-05-23,Em Estoque,700,0.2823,24956.88,41653.56,1.67,False,False
SKU-03978,Legging Sustentável Branco,Moda,Legging,FORN-090,11,205.52,490.51,756,13,743,70,2023-03-10,Em Estoque,448,0.2882,152701.36,364448.93,2.39,False,False
SKU-03979,Top Urban Preto,Moda,Top,FORN-002,13,101.47,211.49,546,30,516,91,2025-06-26,Em Estoque,448,0.4963,52358.52,109128.84,2.08,False,False
SKU-03980,Top Moderno Preto,Moda,Top,FORN-100,52,213.63,634.41,778,68,710,62,2023-04-15,Em Estoque,448,0.0556,151677.3,450431.1,2.97,False,False
SKU-03981,Chapéu Oversize Preto,Acessórios,Chapéu,FORN-100,53,229.32,555.82,439,27,412,148,2024-12-12,Em Estoque,448,0.4945,94479.84,228997.84,2.42,False,False
SKU-03982,Máscara de Cílios Sport Bege,Beleza,Máscara de Cílios,FORN-083,14,70.61,207.15,268,4,264,46,2025-04-26,Em Estoque,585,0.1061,18641.04,54687.6,2.93,False,False
SKU-03983,Esfoliante Premium Vermelho,Beleza,Esfoliante,FORN-023,5,125.04,285.87,235,53,182,60,2023-04-18,Em Estoque,576,0.2898,22757.28,52028.34,2.29,False,False
SKU-03984,Colar Exclusivo Vermelho,Acessórios,Colar,FORN-062,5,197.72,436.51,313,68,245,114,2024-05-27,Em Estoque,448,0.0331,48441.4,106944.95,2.21,False,False
SKU-03985,Base Líquida Premium Branco,Beleza,Base Líquida,FORN-044,9,274.18,631.86,497,44,453,92,2024-08-08,Descontinuado,284,0.496,124203.54,286232.58,2.3,False,True
SKU-03986,Planta Artificial Sustentável Bege,Lifestyle,Planta Artificial,FORN-044,13,134.54,399.16,8,0,8,51,2025-12-16,Estoque Crítico,448,0.4638,1076.32,3193.28,2.97,True,False
SKU-03987,Óculos de Sol Sustentável Verde,Acessórios,Óculos de Sol,FORN-021,48,281.15,828.87,86,15,71,47,2023-02-28,Em Estoque,448,0.1339,19961.65,58849.77,2.95,False,False
SKU-03988,Legging Edição Limitada Vermelho,Moda,Legging,FORN-030,13,80.3,187.84,775,149,626,122,2023-08-15,Em Estoque,448,0.3271,50267.8,117587.84,2.34,False,False
SKU-03989,Creme Hidratante Edição Limitada Preto,Beleza,Creme Hidratante,FORN-046,51,286.93,597.37,201,58,143,94,2025-08-10,Em Estoque,570,0.3964,41030.99,85423.91,2.08,False,False
SKU-03990,Legging Urban Prata,Moda,Legging,FORN-056,15,246.28,587.03,437,102,335,50,2025-03-19,Em Estoque,448,0.2493,82503.8,196655.05,2.38,False,False
SKU-03991,Luminária Delicado Preto,Lifestyle,Luminária,FORN-042,52,307.33,785.31,468,139,329,26,2023-01-01,Descontinuado,448,0.425,101111.57,258366.99,2.56,False,True
SKU-03992,Protetor Solar Básico Prata,Beleza,Protetor Solar,FORN-021,58,97.28,255.16,0,0,0,148,2024-11-24,Ruptura,367,0.0938,0.0,0.0,2.62,True,False
SKU-03993,Regata Básico Nude,Moda,Regata,FORN-026,52,257.49,473.82,486,66,420,84,2024-05-22,Em Estoque,448,0.3635,108145.8,199004.4,1.84,False,False
SKU-03994,Shorts Sustentável Bege,Moda,Shorts,FORN-057,13,367.19,1004.05,178,51,127,122,2025-12-22,Em Estoque,448,0.408,46633.13,127514.35,2.73,False,False
SKU-03995,Sérum Facial Edição Limitada Vermelho,Beleza,Sérum Facial,FORN-072,11,190.76,540.45,381,33,348,42,2023-11-25,Em Estoque,403,0.2367,66384.48,188076.6,2.83,False,False
SKU-03996,Perfume Luxo Bege,Beleza,Perfume,FORN-025,12,162.82,474.7,67,10,57,62,2023-09-16,Estoque Crítico,710,0.4299,9280.74,27057.9,2.92,True,False
SKU-03997,Sérum Facial Artesanal Branco,Beleza,Sérum Facial,FORN-023,13,393.45,740.43,42,2,40,113,2023-06-26,Estoque Crítico,294,0.1833,15738.0,29617.2,1.88,True,False
SKU-03998,Sérum Facial Clássico Vermelho,Beleza,Sérum Facial,FORN-022,50,289.57,813.55,0,0,0,61,2023-06-14,Ruptura,699,0.4328,0.0,0.0,2.81,True,False
SKU-03999,Saia Urban Bege,Moda,Saia,FORN-070,50,355.67,853.63,28,1,27,52,2024-12-05,Estoque Crítico,448,0.0301,9603.09,23048.01,2.4,True,False
SKU-04000,Vestido Premium Nude,Moda,Vestido,FORN-009,13,79.53,224.2,893,203,690,117,2024-11-15,Em Estoque,448,0.014,54875.7,154698.0,2.82,False,False
SKU-04001,Pochete Clássico Nude,Acessórios,Pochete,FORN-096,9,39.08,100.63,448,121,327,99,2023-04-16,Em Estoque,448,0.4454,12779.16,32906.01,2.57,False,False
SKU-04002,Condicionador Slim Prata,Beleza,Condicionador,FORN-015,54,299.98,528.79,304,48,256,136,2025-10-28,Em Estoque,477,0.4068,76794.88,135370.24,1.76,False,False
SKU-04003,Vestido Premium Prata,Moda,Vestido,FORN-093,9,396.92,1110.94,925,172,753,33,2025-05-02,Em Estoque,448,0.2022,298880.76,836537.82,2.8,False,False
SKU-04004,Top Oversize Nude,Moda,Top,FORN-028,9,40.71,122.4,48,5,43,54,2025-08-23,Estoque Crítico,448,0.4072,1750.53,5263.2,3.01,True,False
SKU-04005,Blush Clássico Bege,Beleza,Blush,FORN-044,12,318.45,845.04,164,3,161,42,2023-06-20,Em Estoque,300,0.3314,51270.45,136051.44,2.65,False,False
SKU-04006,Óculos de Sol Sustentável Bege,Acessórios,Óculos de Sol,FORN-048,9,354.5,951.45,291,46,245,90,2025-01-08,Em Estoque,448,0.227,86852.5,233105.25,2.68,False,False
SKU-04007,Vestido Oversize Rosa,Moda,Vestido,FORN-055,60,387.37,711.84,633,170,463,134,2025-04-19,Descontinuado,448,0.2225,179352.31,329581.92,1.84,False,True
SKU-04008,Mochila Moderno Prata,Acessórios,Mochila,FORN-001,11,181.96,408.85,247,38,209,13,2025-12-19,Em Estoque,448,0.4797,38029.64,85449.65,2.25,False,False
SKU-04009,Blush Sport Bege,Beleza,Blush,FORN-022,48,209.82,427.77,7,0,7,112,2023-05-21,Estoque Crítico,544,0.1525,1468.74,2994.39,2.04,True,False
SKU-04010,Legging Clássico Nude,Moda,Legging,FORN-011,14,157.59,336.08,681,191,490,143,2024-09-10,Em Estoque,448,0.32,77219.1,164679.2,2.13,False,False
SKU-04011,Condicionador Clássico Prata,Beleza,Condicionador,FORN-029,55,290.99,481.39,68,4,64,69,2024-02-03,Estoque Crítico,487,0.4392,18623.36,30808.96,1.65,True,False
SKU-04012,Cinto Edição Limitada Azul,Acessórios,Cinto,FORN-054,52,371.73,1032.08,179,34,145,74,2024-01-16,Descontinuado,448,0.4729,53900.85,149651.6,2.78,False,True
SKU-04013,Garrafa Térmica Oversize Branco,Lifestyle,Garrafa Térmica,FORN-063,10,250.37,432.79,82,13,69,26,2023-09-22,Em Estoque,448,0.164,17275.53,29862.51,1.73,False,False
SKU-04014,Top Básico Rosa,Moda,Top,FORN-058,57,59.52,112.33,948,249,699,102,2024-09-27,Em Estoque,448,0.444,41604.48,78518.67,1.89,False,False
SKU-04015,Esfoliante Sustentável Prata,Beleza,Esfoliante,FORN-066,6,181.82,412.88,325,5,320,113,2024-02-04,Em Estoque,699,0.2773,58182.4,132121.6,2.27,False,False
SKU-04016,Shorts Sport Dourado,Moda,Shorts,FORN-025,7,51.73,135.78,521,75,446,91,2024-05-16,Em Estoque,448,0.2316,23071.58,60557.88,2.62,False,False
SKU-04017,Perfume Delicado Verde,Beleza,Perfume,FORN-095,10,229.8,554.28,97,9,88,148,2024-07-10,Estoque Crítico,417,0.4645,20222.4,48776.64,2.41,True,False
SKU-04018,Meias Oversize Rosa,Acessórios,Meias,FORN-011,6,295.89,625.75,186,9,177,131,2024-01-03,Em Estoque,448,0.1728,52372.53,110757.75,2.11,False,False
SKU-04019,Mochila Clássico Vermelho,Acessórios,Mochila,FORN-052,47,225.14,656.41,64,14,50,48,2023-01-18,Em Estoque,448,0.1996,11257.0,32820.5,2.92,False,False
SKU-04020,Luminária Sport Rosa,Lifestyle,Luminária,FORN-092,58,34.85,110.15,205,40,165,89,2025-04-28,Em Estoque,448,0.2429,5750.25,18174.75,3.16,False,False
SKU-04021,Regata Moderno Prata,Moda,Regata,FORN-067,51,295.76,579.63,995,127,868,49,2024-05-17,Em Estoque,448,0.2894,256719.68,503118.84,1.96,False,False
SKU-04022,Top Clássico Preto,Moda,Top,FORN-051,11,185.21,357.87,511,22,489,18,2025-01-01,Em Estoque,448,0.2689,90567.69,174998.43,1.93,False,False
SKU-04023,Camiseta Premium Azul,Moda,Camiseta,FORN-022,58,171.69,507.95,477,130,347,140,2024-05-10,Em Estoque,448,0.4595,59576.43,176258.65,2.96,False,False
SKU-04024,Base Líquida Edição Limitada Bege,Beleza,Base Líquida,FORN-064,12,315.7,679.73,75,19,56,85,2023-06-02,Estoque Crítico,267,0.0779,17679.2,38064.88,2.15,True,False
SKU-04025,Espelho de Mesa Básico Verde,Lifestyle,Espelho de Mesa,FORN-026,56,97.05,206.16,299,20,279,133,2023-10-15,Em Estoque,448,0.3729,27076.95,57518.64,2.12,False,False
SKU-04026,Mochila Clássico Rosa,Acessórios,Mochila,FORN-018,51,100.79,165.28,419,85,334,22,2024-11-02,Em Estoque,448,0.231,33663.86,55203.52,1.64,False,False
SKU-04027,Colar Slim Vermelho,Acessórios,Colar,FORN-003,13,104.0,331.24,466,96,370,77,2025-02-16,Em Estoque,448,0.0058,38480.0,122558.8,3.18,False,False
SKU-04028,Protetor Solar Básico Bege,Beleza,Protetor Solar,FORN-027,8,63.81,134.65,349,28,321,79,2025-08-13,Em Estoque,681,0.1441,20483.01,43222.65,2.11,False,False
SKU-04029,Condicionador Urban Azul,Beleza,Condicionador,FORN-058,56,59.74,105.76,143,35,108,114,2025-07-17,Estoque Crítico,371,0.4595,6451.92,11422.08,1.77,True,False
SKU-04030,Legging Sustentável Azul,Moda,Legging,FORN-083,7,189.2,421.73,163,18,145,115,2023-06-12,Em Estoque,448,0.3281,27434.0,61150.85,2.23,False,False
SKU-04031,Carteira Clássico Branco,Acessórios,Carteira,FORN-085,47,119.77,321.32,366,75,291,99,2023-06-07,Em Estoque,448,0.1691,34853.07,93504.12,2.68,False,False
SKU-04032,Sérum Facial Básico Nude,Beleza,Sérum Facial,FORN-050,56,123.2,341.09,29,5,24,84,2024-06-22,Estoque Crítico,282,0.1306,2956.8,8186.16,2.77,True,False
SKU-04033,Calça Jeans Premium Bege,Moda,Calça Jeans,FORN-005,51,211.67,564.3,1,0,1,73,2025-11-14,Estoque Crítico,448,0.0121,211.67,564.3,2.67,True,False
SKU-04034,Vestido Básico Bege,Moda,Vestido,FORN-013,5,32.88,74.03,496,90,406,46,2023-01-02,Em Estoque,448,0.2761,13349.28,30056.18,2.25,False,False
SKU-04035,Vestido Oversize Verde,Moda,Vestido,FORN-091,58,377.58,916.59,1032,28,1004,92,2024-05-26,Em Estoque,448,0.0452,379090.32,920256.36,2.43,False,False
SKU-04036,Moletom Sustentável Azul,Moda,Moletom,FORN-077,49,255.62,694.47,660,146,514,18,2024-01-27,Em Estoque,448,0.3401,131388.68,356957.58,2.72,False,False
SKU-04037,Máscara de Cílios Sport Azul,Beleza,Máscara de Cílios,FORN-043,13,386.01,1229.78,388,93,295,58,2025-11-19,Em Estoque,521,0.0422,113872.95,362785.1,3.19,False,False
SKU-04038,Cinto Clássico Preto,Acessórios,Cinto,FORN-039,12,203.59,338.72,266,25,241,11,2025-08-13,Em Estoque,448,0.4378,49065.19,81631.52,1.66,False,False
SKU-04039,Brinco Oversize Azul,Acessórios,Brinco,FORN-070,50,194.82,539.19,110,14,96,49,2025-07-25,Em Estoque,448,0.4332,18702.72,51762.24,2.77,False,False
SKU-04040,Moletom Luxo Azul,Moda,Moletom,FORN-039,13,100.15,198.0,764,35,729,69,2023-02-09,Em Estoque,448,0.206,73009.35,144342.0,1.98,False,False
SKU-04041,Óleo Corporal Delicado Preto,Beleza,Óleo Corporal,FORN-032,13,41.35,106.0,167,47,120,85,2023-09-11,Em Estoque,243,0.1068,4962.0,12720.0,2.56,False,False
SKU-04042,Sérum Facial Luxo Branco,Beleza,Sérum Facial,FORN-089,5,124.98,254.04,111,2,109,103,2023-10-18,Em Estoque,427,0.4102,13622.82,27690.36,2.03,False,False
SKU-04043,Camisa Social Luxo Vermelho,Moda,Camisa Social,FORN-090,5,40.84,99.91,492,103,389,138,2024-11-17,Em Estoque,448,0.1644,15886.76,38864.99,2.45,False,False
SKU-04044,Porta-Retrato Clássico Verde,Lifestyle,Porta-Retrato,FORN-024,59,187.14,455.89,239,42,197,103,2025-07-27,Em Estoque,448,0.1473,36866.58,89810.33,2.44,False,False
SKU-04045,Chapéu Clássico Dourado,Acessórios,Chapéu,FORN-064,10,28.76,73.76,74,11,63,43,2025-07-27,Em Estoque,448,0.3053,1811.88,4646.88,2.56,False,False
SKU-04046,Vestido Delicado Bege,Moda,Vestido,FORN-012,11,166.44,429.58,921,52,869,80,2025-09-15,Em Estoque,448,0.1446,144636.36,373305.02,2.58,False,False
SKU-04047,Garrafa Térmica Urban Verde,Lifestyle,Garrafa Térmica,FORN-059,12,190.77,372.51,90,8,82,22,2024-10-08,Em Estoque,448,0.3559,15643.14,30545.82,1.95,False,False
SKU-04048,Vestido Delicado Azul,Moda,Vestido,FORN-009,12,148.42,320.88,223,25,198,86,2024-08-21,Em Estoque,448,0.0321,29387.16,63534.24,2.16,False,False
SKU-04049,Luminária Oversize Prata,Lifestyle,Luminária,FORN-046,49,192.53,555.67,182,19,163,109,2025-10-03,Em Estoque,448,0.3188,31382.39,90574.21,2.89,False,False
SKU-04050,Blush Moderno Preto,Beleza,Blush,FORN-082,52,290.73,815.53,474,82,392,145,2023-05-22,Em Estoque,499,0.3191,113966.16,319687.76,2.81,False,False
SKU-04051,Camisa Social Exclusivo Azul,Moda,Camisa Social,FORN-053,13,197.64,352.42,21,0,21,91,2024-02-04,Estoque Crítico,448,0.4649,4150.44,7400.82,1.78,True,False
SKU-04052,Blusa de Tricô Oversize Branco,Moda,Blusa de Tricô,FORN-006,60,373.72,1080.26,640,143,497,143,2024-10-28,Em Estoque,448,0.0531,185738.84,536889.22,2.89,False,False
SKU-04053,Perfume Artesanal Preto,Beleza,Perfume,FORN-009,12,47.33,113.8,426,32,394,126,2023-02-24,Em Estoque,604,0.254,18648.02,44837.2,2.4,False,False
SKU-04054,Óleo Corporal Delicado Vermelho,Beleza,Óleo Corporal,FORN-022,53,90.72,201.81,191,40,151,27,2023-07-20,Em Estoque,190,0.1723,13698.72,30473.31,2.22,False,False
SKU-04055,Vestido Luxo Vermelho,Moda,Vestido,FORN-071,7,299.09,849.64,619,76,543,124,2023-10-24,Descontinuado,448,0.0664,162405.87,461354.52,2.84,False,True
SKU-04056,Saia Sport Branco,Moda,Saia,FORN-005,60,317.04,571.18,462,35,427,40,2023-04-26,Descontinuado,448,0.4909,135376.08,243893.86,1.8,False,True
SKU-04057,Lenço Artesanal Nude,Acessórios,Lenço,FORN-098,46,143.36,392.88,489,52,437,30,2024-03-25,Em Estoque,448,0.3688,62648.32,171688.56,2.74,False,False
SKU-04058,Creme Hidratante Luxo Vermelho,Beleza,Creme Hidratante,FORN-027,6,320.37,781.71,197,48,149,126,2023-11-03,Em Estoque,686,0.2677,47735.13,116474.79,2.44,False,False
SKU-04059,Brinco Premium Verde,Acessórios,Brinco,FORN-039,9,157.42,299.62,280,13,267,66,2023-03-12,Em Estoque,448,0.2222,42031.14,79998.54,1.9,False,False
SKU-04060,Chapéu Artesanal Dourado,Acessórios,Chapéu,FORN-025,9,332.77,658.07,333,2,331,97,2024-12-01,Em Estoque,448,0.4273,110146.87,217821.17,1.98,False,False
SKU-04061,Saia Básico Prata,Moda,Saia,FORN-088,11,282.89,737.75,961,56,905,58,2023-05-11,Em Estoque,448,0.4714,256015.45,667663.75,2.61,False,False
SKU-04062,Almofada Exclusivo Preto,Lifestyle,Almofada,FORN-100,59,335.65,956.49,419,105,314,122,2025-05-24,Em Estoque,448,0.3336,105394.1,300337.86,2.85,False,False
SKU-04063,Óleo Corporal Exclusivo Rosa,Beleza,Óleo Corporal,FORN-007,7,70.22,162.18,247,48,199,11,2023-02-18,Em Estoque,613,0.379,13973.78,32273.82,2.31,False,False
SKU-04064,Óculos de Sol Oversize Bege,Acessórios,Óculos de Sol,FORN-058,51,305.44,845.5,145,16,129,79,2024-02-23,Em Estoque,448,0.0201,39401.76,109069.5,2.77,False,False
SKU-04065,Creme Hidratante Urban Bege,Beleza,Creme Hidratante,FORN-009,5,343.28,1080.08,98,0,98,116,2023-12-09,Estoque Crítico,482,0.1008,33641.44,105847.84,3.15,True,False
SKU-04066,Difusor Premium Prata,Lifestyle,Difusor,FORN-033,50,146.04,438.21,177,17,160,57,2023-08-08,Em Estoque,448,0.3445,23366.4,70113.6,3.0,False,False
SKU-04067,Blush Clássico Rosa,Beleza,Blush,FORN-067,58,217.68,684.8,429,49,380,52,2023-06-28,Em Estoque,524,0.0141,82718.4,260224.0,3.15,False,False
SKU-04068,Óculos de Sol Sustentável Dourado,Acessórios,Óculos de Sol,FORN-034,57,263.08,424.01,117,33,84,75,2024-02-08,Em Estoque,448,0.4435,22098.72,35616.84,1.61,False,False
SKU-04069,Saia Urban Dourado,Moda,Saia,FORN-094,55,73.35,138.77,84,20,64,51,2025-01-02,Em Estoque,448,0.0071,4694.4,8881.28,1.89,False,False
SKU-04070,Top Slim Bege,Moda,Top,FORN-007,8,105.92,309.72,490,141,349,87,2024-04-12,Em Estoque,448,0.3971,36966.08,108092.28,2.92,False,False
SKU-04071,Blusa de Tricô Urban Vermelho,Moda,Blusa de Tricô,FORN-031,13,95.34,210.14,579,48,531,114,2024-09-13,Em Estoque,448,0.4602,50625.54,111584.34,2.2,False,False
SKU-04072,Kit Skincare Artesanal Dourado,Beleza,Kit Skincare,FORN-070,55,343.77,612.85,112,19,93,85,2024-12-11,Em Estoque,579,0.2495,31970.61,56995.05,1.78,False,False
SKU-04073,Blusa de Tricô Artesanal Rosa,Moda,Blusa de Tricô,FORN-020,51,53.72,141.59,537,27,510,111,2024-07-08,Em Estoque,448,0.1504,27397.2,72210.9,2.64,False,False
SKU-04074,Vela Aromática Artesanal Branco,Lifestyle,Vela Aromática,FORN-013,10,118.64,211.16,261,22,239,85,2025-08-15,Descontinuado,448,0.1788,28354.96,50467.24,1.78,False,True
SKU-04075,Cinto Artesanal Branco,Acessórios,Cinto,FORN-010,53,355.86,1106.64,219,47,172,79,2024-07-12,Em Estoque,448,0.0916,61207.92,190342.08,3.11,False,False
SKU-04076,Pochete Urban Rosa,Acessórios,Pochete,FORN-077,45,194.05,559.92,178,6,172,61,2025-04-09,Em Estoque,448,0.2072,33376.6,96306.24,2.89,False,False
SKU-04077,Garrafa Térmica Moderno Rosa,Lifestyle,Garrafa Térmica,FORN-086,14,143.58,424.03,55,10,45,146,2023-03-23,Estoque Crítico,448,0.4764,6461.1,19081.35,2.95,True,False
SKU-04078,Camiseta Artesanal Rosa,Moda,Camiseta,FORN-063,11,33.81,84.8,458,93,365,120,2023-03-09,Em Estoque,448,0.2745,12340.65,30952.0,2.51,False,False
SKU-04079,Shorts Slim Branco,Moda,Shorts,FORN-040,11,204.59,517.21,393,94,299,62,2025-10-05,Em Estoque,448,0.0833,61172.41,154645.79,2.53,False,False
SKU-04080,Condicionador Slim Nude,Beleza,Condicionador,FORN-029,60,383.16,1075.02,327,83,244,50,2025-01-17,Em Estoque,262,0.3512,93491.04,262304.88,2.81,False,False
SKU-04081,Planta Artificial Edição Limitada Dourado,Lifestyle,Planta Artificial,FORN-089,9,356.59,720.94,419,57,362,144,2024-09-15,Em Estoque,448,0.0026,129085.58,260980.28,2.02,False,False
SKU-04082,Calça Jeans Básico Vermelho,Moda,Calça Jeans,FORN-079,9,115.39,205.79,561,100,461,137,2025-02-17,Em Estoque,448,0.234,53194.79,94869.19,1.78,False,False
SKU-04083,Calça Jeans Oversize Azul,Moda,Calça Jeans,FORN-093,14,231.32,541.22,21,2,19,29,2025-02-19,Estoque Crítico,448,0.4032,4395.08,10283.18,2.34,True,False
SKU-04084,Espelho de Mesa Slim Nude,Lifestyle,Espelho de Mesa,FORN-069,15,140.98,403.43,433,31,402,133,2024-03-13,Em Estoque,448,0.0664,56673.96,162178.86,2.86,False,False
SKU-04085,Colar Premium Rosa,Acessórios,Colar,FORN-046,47,394.46,1157.93,268,42,226,138,2025-11-25,Em Estoque,448,0.3252,89147.96,261692.18,2.94,False,False
SKU-04086,Calça Jeans Premium Azul,Moda,Calça Jeans,FORN-045,12,279.73,547.72,89,3,86,19,2023-05-21,Em Estoque,448,0.4645,24056.78,47103.92,1.96,False,False
SKU-04087,Camiseta Luxo Branco,Moda,Camiseta,FORN-020,56,118.63,314.09,588,163,425,127,2023-07-25,Em Estoque,448,0.051,50417.75,133488.25,2.65,False,False
SKU-04088,Regata Básico Preto,Moda,Regata,FORN-071,11,186.23,548.48,274,16,258,101,2025-08-20,Descontinuado,448,0.1072,48047.34,141507.84,2.95,False,True
SKU-04089,Camiseta Luxo Vermelho,Moda,Camiseta,FORN-035,7,303.33,741.7,227,64,163,81,2025-09-16,Em Estoque,448,0.3119,49442.79,120897.1,2.45,False,False
SKU-04090,Legging Delicado Vermelho,Moda,Legging,FORN-037,13,283.71,582.15,643,72,571,107,2023-06-20,Em Estoque,448,0.1029,161998.41,332407.65,2.05,False,False
SKU-04091,Sombra Edição Limitada Bege,Beleza,Sombra,FORN-060,7,105.81,192.87,138,13,125,107,2023-02-08,Em Estoque,710,0.3979,13226.25,24108.75,1.82,False,False
SKU-04092,Sérum Facial Sport Verde,Beleza,Sérum Facial,FORN-061,48,360.24,825.64,428,71,357,137,2025-06-10,Em Estoque,233,0.2848,128605.68,294753.48,2.29,False,False
SKU-04093,Calça Jeans Slim Vermelho,Moda,Calça Jeans,FORN-074,53,215.49,684.04,524,90,434,113,2025-01-04,Em Estoque,448,0.2119,93522.66,296873.36,3.17,False,False
SKU-04094,Moletom Sustentável Dourado,Moda,Moletom,FORN-068,14,146.52,406.34,314,43,271,65,2025-04-02,Em Estoque,448,0.196,39706.92,110118.14,2.77,False,False
SKU-04095,Camisa Social Artesanal Nude,Moda,Camisa Social,FORN-027,7,163.67,267.53,554,101,453,38,2025-06-24,Em Estoque,448,0.3214,74142.51,121191.09,1.63,False,False
SKU-04096,Óculos de Sol Luxo Azul,Acessórios,Óculos de Sol,FORN-051,13,95.89,266.42,4,0,4,125,2023-08-03,Estoque Crítico,448,0.2754,383.56,1065.68,2.78,True,False
SKU-04097,Regata Premium Dourado,Moda,Regata,FORN-037,11,317.51,858.68,40,6,34,96,2024-06-13,Estoque Crítico,448,0.1594,10795.34,29195.12,2.7,True,False
SKU-04098,Sombra Edição Limitada Azul,Beleza,Sombra,FORN-051,8,390.63,969.94,386,14,372,63,2025-03-26,Em Estoque,323,0.4424,145314.36,360817.68,2.48,False,False
SKU-04099,Camiseta Slim Bege,Moda,Camiseta,FORN-013,5,107.75,274.89,584,47,537,17,2024-11-18,Em Estoque,448,0.4691,57861.75,147615.93,2.55,False,False
SKU-04100,Kit Chá Sport Preto,Lifestyle,Kit Chá,FORN-097,6,86.28,165.78,395,57,338,65,2025-08-21,Em Estoque,448,0.3686,29162.64,56033.64,1.92,False,False
SKU-04101,Base Líquida Clássico Nude,Beleza,Base Líquida,FORN-017,49,255.25,771.06,34,3,31,63,2024-01-24,Estoque Crítico,665,0.4413,7912.75,23902.86,3.02,True,False
SKU-04102,Relógio de Parede Exclusivo Verde,Lifestyle,Relógio de Parede,FORN-007,12,288.24,738.78,40,1,39,67,2025-03-18,Estoque Crítico,448,0.0681,11241.36,28812.42,2.56,True,False
SKU-04103,Mochila Artesanal Vermelho,Acessórios,Mochila,FORN-096,9,256.82,635.28,75,13,62,67,2023-04-18,Estoque Crítico,448,0.0079,15922.84,39387.36,2.47,True,False
SKU-04104,Top Moderno Azul,Moda,Top,FORN-072,8,335.63,1029.89,767,196,571,60,2025-07-03,Em Estoque,448,0.4711,191644.73,588067.19,3.07,False,False
SKU-04105,Top Edição Limitada Branco,Moda,Top,FORN-078,9,356.38,1076.98,1085,163,922,147,2023-09-04,Em Estoque,448,0.0068,328582.36,992975.56,3.02,False,False
SKU-04106,Espelho de Mesa Artesanal Rosa,Lifestyle,Espelho de Mesa,FORN-085,49,323.52,980.27,296,23,273,52,2023-02-24,Em Estoque,448,0.3719,88320.96,267613.71,3.03,False,False
SKU-04107,Óleo Corporal Sport Prata,Beleza,Óleo Corporal,FORN-075,51,264.81,486.06,32,0,32,142,2025-02-01,Estoque Crítico,415,0.0748,8473.92,15553.92,1.84,True,False
SKU-04108,Relógio de Parede Luxo Dourado,Lifestyle,Relógio de Parede,FORN-039,12,217.16,625.74,46,9,37,89,2024-02-01,Estoque Crítico,448,0.255,8034.92,23152.38,2.88,True,False
SKU-04109,Creme Hidratante Delicado Rosa,Beleza,Creme Hidratante,FORN-033,49,148.93,354.04,70,8,62,86,2023-08-17,Estoque Crítico,449,0.2383,9233.66,21950.48,2.38,True,False
SKU-04110,Máscara de Cílios Moderno Nude,Beleza,Máscara de Cílios,FORN-017,51,51.01,130.83,191,28,163,27,2025-02-01,Em Estoque,635,0.3849,8314.63,21325.29,2.56,False,False
SKU-04111,Porta-Retrato Moderno Rosa,Lifestyle,Porta-Retrato,FORN-012,5,274.41,818.87,435,77,358,46,2024-01-11,Em Estoque,448,0.1956,98238.78,293155.46,2.98,False,False
SKU-04112,Moletom Delicado Bege,Moda,Moletom,FORN-055,54,127.01,216.68,561,119,442,120,2025-09-20,Em Estoque,448,0.3452,56138.42,95772.56,1.71,False,False
SKU-04113,Cinto Exclusivo Dourado,Acessórios,Cinto,FORN-090,7,233.94,530.4,370,111,259,15,2024-03-25,Em Estoque,448,0.1841,60590.46,137373.6,2.27,False,False
SKU-04114,Relógio de Parede Básico Preto,Lifestyle,Relógio de Parede,FORN-012,9,44.08,121.48,269,19,250,98,2025-11-06,Em Estoque,448,0.1941,11020.0,30370.0,2.76,False,False
SKU-04115,Saia Edição Limitada Prata,Moda,Saia,FORN-021,55,360.52,761.41,155,32,123,141,2023-01-10,Estoque Crítico,448,0.3048,44343.96,93653.43,2.11,True,False
SKU-04116,Sérum Facial Luxo Verde,Beleza,Sérum Facial,FORN-036,11,234.28,514.81,22,4,18,86,2025-11-19,Estoque Crítico,522,0.3294,4217.04,9266.58,2.2,True,False
SKU-04117,Legging Premium Rosa,Moda,Legging,FORN-017,46,308.69,730.67,22,6,16,122,2025-09-27,Estoque Crítico,448,0.2212,4939.04,11690.72,2.37,True,False
SKU-04118,Mochila Moderno Bege,Acessórios,Mochila,FORN-022,53,132.31,261.01,347,24,323,92,2025-11-02,Em Estoque,448,0.342,42736.13,84306.23,1.97,False,False
SKU-04119,Jaqueta Sustentável Dourado,Moda,Jaqueta,FORN-002,5,73.94,215.95,325,25,300,94,2023-07-06,Em Estoque,448,0.3349,22182.0,64785.0,2.92,False,False
SKU-04120,Caderno Sustentável Preto,Lifestyle,Caderno,FORN-066,13,96.64,233.1,201,54,147,19,2024-02-13,Em Estoque,448,0.1132,14206.08,34265.7,2.41,False,False
SKU-04121,Garrafa Térmica Delicado Rosa,Lifestyle,Garrafa Térmica,FORN-075,48,291.77,769.27,257,73,184,48,2024-06-22,Em Estoque,448,0.3649,53685.68,141545.68,2.64,False,False
SKU-04122,Relógio de Parede Slim Azul,Lifestyle,Relógio de Parede,FORN-026,52,41.45,120.48,111,2,109,96,2025-02-17,Em Estoque,448,0.3317,4518.05,13132.32,2.91,False,False
SKU-04123,Pulseira Oversize Preto,Acessórios,Pulseira,FORN-056,7,248.88,541.83,429,8,421,80,2025-02-19,Em Estoque,448,0.3833,104778.48,228110.43,2.18,False,False
SKU-04124,Kit Chá Moderno Azul,Lifestyle,Kit Chá,FORN-028,6,86.94,276.73,314,26,288,145,2024-12-28,Em Estoque,448,0.1688,25038.72,79698.24,3.18,False,False
SKU-04125,Caderno Luxo Preto,Lifestyle,Caderno,FORN-021,49,23.71,58.09,191,12,179,149,2025-05-25,Em Estoque,448,0.4086,4244.09,10398.11,2.45,False,False
SKU-04126,Porta-Retrato Sustentável Nude,Lifestyle,Porta-Retrato,FORN-048,6,100.69,190.77,398,95,303,81,2024-06-03,Em Estoque,448,0.342,30509.07,57803.31,1.89,False,False
SKU-04127,Chapéu Básico Rosa,Acessórios,Chapéu,FORN-056,6,259.18,433.18,373,33,340,20,2025-08-19,Em Estoque,448,0.4646,88121.2,147281.2,1.67,False,False
SKU-04128,Camiseta Sustentável Dourado,Moda,Camiseta,FORN-010,58,259.87,457.37,31,3,28,38,2024-04-10,Estoque Crítico,448,0.4164,7276.36,12806.36,1.76,True,False
SKU-04129,Luminária Moderno Bege,Lifestyle,Luminária,FORN-013,10,156.57,413.48,123,29,94,92,2023-02-16,Em Estoque,448,0.0665,14717.58,38867.12,2.64,False,False
SKU-04130,Lenço Edição Limitada Branco,Acessórios,Lenço,FORN-024,50,117.04,191.58,459,12,447,18,2023-06-19,Em Estoque,448,0.4197,52316.88,85636.26,1.64,False,False
SKU-04131,Regata Básico Prata,Moda,Regata,FORN-030,10,34.56,57.79,148,17,131,13,2025-09-19,Em Estoque,448,0.4905,4527.36,7570.49,1.67,False,False
SKU-04132,Sombra Exclusivo Rosa,Beleza,Sombra,FORN-018,52,151.64,395.06,0,0,0,50,2024-05-06,Ruptura,488,0.2931,0.0,0.0,2.61,True,False
SKU-04133,Meias Exclusivo Rosa,Acessórios,Meias,FORN-010,57,294.34,913.65,363,35,328,83,2024-08-21,Em Estoque,448,0.0943,96543.52,299677.2,3.1,False,False
SKU-04134,Batom Artesanal Azul,Beleza,Batom,FORN-080,15,346.24,637.48,177,23,154,30,2024-12-21,Em Estoque,437,0.4066,53320.96,98171.92,1.84,False,False
SKU-04135,Pulseira Sport Azul,Acessórios,Pulseira,FORN-002,9,103.26,268.23,284,14,270,102,2025-09-17,Em Estoque,448,0.3456,27880.2,72422.1,2.6,False,False
SKU-04136,Creme Hidratante Slim Azul,Beleza,Creme Hidratante,FORN-031,15,207.14,646.86,57,8,49,12,2023-10-01,Em Estoque,200,0.0263,10149.86,31696.14,3.12,False,False
SKU-04137,Top Delicado Preto,Moda,Top,FORN-029,47,46.69,122.73,12,2,10,129,2025-07-06,Estoque Crítico,448,0.0369,466.9,1227.3,2.63,True,False
SKU-04138,Protetor Solar Slim Prata,Beleza,Protetor Solar,FORN-040,9,109.03,184.8,109,19,90,76,2025-08-11,Em Estoque,201,0.3966,9812.7,16632.0,1.69,False,False
SKU-04139,Jaqueta Exclusivo Bege,Moda,Jaqueta,FORN-068,15,222.65,390.96,868,43,825,93,2025-09-18,Em Estoque,448,0.0154,183686.25,322542.0,1.76,False,False
SKU-04140,Vestido Sustentável Branco,Moda,Vestido,FORN-040,11,104.84,225.32,145,27,118,143,2024-04-25,Estoque Crítico,448,0.4561,12371.12,26587.76,2.15,True,False
SKU-04141,Planta Artificial Sustentável Bege,Lifestyle,Planta Artificial,FORN-007,8,383.78,716.49,268,28,240,49,2023-08-02,Em Estoque,448,0.1315,92107.2,171957.6,1.87,False,False
SKU-04142,Óculos de Sol Sustentável Rosa,Acessórios,Óculos de Sol,FORN-004,50,164.31,353.03,165,39,126,56,2024-06-18,Em Estoque,448,0.0836,20703.06,44481.78,2.15,False,False
SKU-04143,Garrafa Térmica Básico Preto,Lifestyle,Garrafa Térmica,FORN-065,6,211.66,558.01,369,68,301,16,2024-12-22,Em Estoque,448,0.1273,63709.66,167961.01,2.64,False,False
SKU-04144,Planta Artificial Sport Bege,Lifestyle,Planta Artificial,FORN-061,52,205.47,583.26,136,37,99,21,2025-10-09,Em Estoque,448,0.2492,20341.53,57742.74,2.84,False,False
SKU-04145,Top Delicado Branco,Moda,Top,FORN-093,8,334.18,611.81,553,18,535,82,2024-02-08,Em Estoque,448,0.1311,178786.3,327318.35,1.83,False,False
SKU-04146,Legging Moderno Dourado,Moda,Legging,FORN-008,50,347.73,735.3,355,96,259,110,2023-05-21,Em Estoque,448,0.4508,90062.07,190442.7,2.11,False,False
SKU-04147,Top Oversize Dourado,Moda,Top,FORN-059,15,62.09,154.81,765,64,701,44,2023-11-21,Em Estoque,448,0.4415,43525.09,108521.81,2.49,False,False
SKU-04148,Batom Edição Limitada Verde,Beleza,Batom,FORN-018,56,287.04,752.67,54,0,54,141,2023-08-09,Estoque Crítico,643,0.1383,15500.16,40644.18,2.62,True,False
SKU-04149,Kit Skincare Urban Nude,Beleza,Kit Skincare,FORN-020,56,26.76,61.2,97,7,90,131,2025-04-14,Estoque Crítico,386,0.1875,2408.4,5508.0,2.29,True,False
SKU-04150,Pochete Básico Bege,Acessórios,Pochete,FORN-013,9,169.77,286.04,30,0,30,94,2025-04-26,Estoque Crítico,448,0.0113,5093.1,8581.2,1.68,True,False
SKU-04151,Regata Edição Limitada Azul,Moda,Regata,FORN-020,52,45.17,85.07,367,63,304,82,2024-05-22,Em Estoque,448,0.1008,13731.68,25861.28,1.88,False,False
SKU-04152,Protetor Solar Oversize Bege,Beleza,Protetor Solar,FORN-013,11,26.12,52.12,23,1,22,139,2025-08-26,Estoque Crítico,466,0.3905,574.64,1146.64,2.0,True,False
SKU-04153,Condicionador Luxo Nude,Beleza,Condicionador,FORN-027,9,365.72,943.88,448,100,348,81,2024-10-07,Em Estoque,524,0.4341,127270.56,328470.24,2.58,False,False
SKU-04154,Calça Jeans Sport Verde,Moda,Calça Jeans,FORN-038,7,287.88,652.57,423,10,413,144,2025-10-27,Em Estoque,448,0.0798,118894.44,269511.41,2.27,False,False
SKU-04155,Blush Premium Branco,Beleza,Blush,FORN-027,11,44.82,78.33,198,28,170,66,2023-03-04,Em Estoque,648,0.325,7619.4,13316.1,1.75,False,False
SKU-04156,Brinco Artesanal Rosa,Acessórios,Brinco,FORN-009,9,120.83,285.96,91,0,91,81,2024-04-08,Em Estoque,448,0.2218,10995.53,26022.36,2.37,False,False
SKU-04157,Espelho de Mesa Delicado Dourado,Lifestyle,Espelho de Mesa,FORN-077,48,284.47,517.8,204,9,195,79,2023-10-14,Em Estoque,448,0.026,55471.65,100971.0,1.82,False,False
SKU-04158,Sérum Facial Premium Dourado,Beleza,Sérum Facial,FORN-076,50,98.96,192.56,394,105,289,29,2024-09-16,Em Estoque,553,0.432,28599.44,55649.84,1.95,False,False
SKU-04159,Vestido Básico Branco,Moda,Vestido,FORN-065,12,230.57,647.01,759,98,661,144,2024-08-08,Em Estoque,448,0.3364,152406.77,427673.61,2.81,False,False
SKU-04160,Brinco Luxo Nude,Acessórios,Brinco,FORN-060,8,133.58,380.6,210,43,167,10,2023-10-10,Em Estoque,448,0.3385,22307.86,63560.2,2.85,False,False
SKU-04161,Esfoliante Delicado Nude,Beleza,Esfoliante,FORN-021,52,344.12,770.1,478,25,453,109,2024-03-24,Em Estoque,221,0.2728,155886.36,348855.3,2.24,False,False
SKU-04162,Máscara de Cílios Artesanal Vermelho,Beleza,Máscara de Cílios,FORN-070,57,108.28,312.99,218,62,156,125,2024-04-20,Em Estoque,561,0.0649,16891.68,48826.44,2.89,False,False
SKU-04163,Camiseta Premium Dourado,Moda,Camiseta,FORN-047,10,24.25,39.15,572,50,522,140,2023-09-19,Em Estoque,448,0.0341,12658.5,20436.3,1.61,False,False
SKU-04164,Vestido Delicado Prata,Moda,Vestido,FORN-083,7,21.7,68.94,657,3,654,137,2024-11-19,Em Estoque,448,0.3634,14191.8,45086.76,3.18,False,False
SKU-04165,Batom Básico Prata,Beleza,Batom,FORN-023,10,177.41,303.34,218,33,185,20,2023-09-21,Descontinuado,206,0.0732,32820.85,56117.9,1.71,False,True
SKU-04166,Óculos de Sol Urban Rosa,Acessórios,Óculos de Sol,FORN-038,11,184.59,582.54,211,41,170,33,2024-12-27,Em Estoque,448,0.217,31380.3,99031.8,3.16,False,False
SKU-04167,Máscara de Cílios Luxo Vermelho,Beleza,Máscara de Cílios,FORN-046,60,329.46,684.6,111,33,78,61,2023-10-06,Em Estoque,714,0.1333,25697.88,53398.8,2.08,False,False
SKU-04168,Sombra Básico Bege,Beleza,Sombra,FORN-100,57,358.24,617.71,207,49,158,75,2025-09-12,Em Estoque,483,0.0846,56601.92,97598.18,1.72,False,False
SKU-04169,Blusa de Tricô Artesanal Prata,Moda,Blusa de Tricô,FORN-034,46,278.05,747.49,729,76,653,129,2023-01-25,Em Estoque,448,0.2172,181566.65,488110.97,2.69,False,False
SKU-04170,Luminária Sport Verde,Lifestyle,Luminária,FORN-019,14,381.17,889.99,304,32,272,130,2023-09-20,Em Estoque,448,0.0398,103678.24,242077.28,2.33,False,False
SKU-04171,Perfume Premium Dourado,Beleza,Perfume,FORN-030,6,295.94,495.29,473,20,453,124,2025-08-16,Em Estoque,227,0.0271,134060.82,224366.37,1.67,False,False
SKU-04172,Camiseta Urban Azul,Moda,Camiseta,FORN-089,11,137.02,247.89,654,87,567,91,2023-03-01,Em Estoque,448,0.0516,77690.34,140553.63,1.81,False,False
SKU-04173,Brinco Urban Vermelho,Acessórios,Brinco,FORN-024,48,76.19,229.47,11,1,10,102,2024-11-27,Estoque Crítico,448,0.0141,761.9,2294.7,3.01,True,False
SKU-04174,Calça Jeans Moderno Nude,Moda,Calça Jeans,FORN-052,55,119.17,221.04,711,113,598,109,2024-07-23,Em Estoque,448,0.1109,71263.66,132181.92,1.85,False,False
SKU-04175,Camisa Social Oversize Preto,Moda,Camisa Social,FORN-077,50,174.89,422.88,630,94,536,135,2023-01-24,Em Estoque,448,0.0966,93741.04,226663.68,2.42,False,False
SKU-04176,Colar Sport Azul,Acessórios,Colar,FORN-002,11,58.44,115.6,90,16,74,138,2024-09-19,Estoque Crítico,448,0.3113,4324.56,8554.4,1.98,True,False
SKU-04177,Kit Skincare Urban Nude,Beleza,Kit Skincare,FORN-003,11,247.12,683.68,280,14,266,42,2023-08-03,Em Estoque,490,0.2897,65733.92,181858.88,2.77,False,False
SKU-04178,Esfoliante Básico Azul,Beleza,Esfoliante,FORN-085,58,116.48,287.09,314,6,308,108,2025-09-17,Em Estoque,206,0.0955,35875.84,88423.72,2.46,False,False
SKU-04179,Top Delicado Dourado,Moda,Top,FORN-062,14,319.34,682.8,687,127,560,95,2023-12-23,Em Estoque,448,0.4162,178830.4,382368.0,2.14,False,False
SKU-04180,Legging Delicado Rosa,Moda,Legging,FORN-024,59,263.73,444.68,582,118,464,136,2023-04-17,Descontinuado,448,0.0162,122370.72,206331.52,1.69,False,True
SKU-04181,Colar Urban Azul,Acessórios,Colar,FORN-022,58,296.96,781.61,312,39,273,87,2023-01-27,Em Estoque,448,0.0675,81070.08,213379.53,2.63,False,False
SKU-04182,Vestido Premium Preto,Moda,Vestido,FORN-090,15,229.6,509.43,559,48,511,67,2024-09-16,Em Estoque,448,0.3081,117325.6,260318.73,2.22,False,False
SKU-04183,Vestido Básico Branco,Moda,Vestido,FORN-037,12,265.01,592.26,322,62,260,66,2023-12-11,Em Estoque,448,0.3144,68902.6,153987.6,2.23,False,False
SKU-04184,Moletom Básico Dourado,Moda,Moletom,FORN-025,6,87.46,171.58,118,29,89,49,2024-08-26,Em Estoque,448,0.1999,7783.94,15270.62,1.96,False,False
SKU-04185,Shorts Premium Azul,Moda,Shorts,FORN-042,51,288.96,480.41,340,66,274,79,2023-08-05,Em Estoque,448,0.1362,79175.04,131632.34,1.66,False,False
SKU-04186,Blush Delicado Verde,Beleza,Blush,FORN-034,48,106.33,301.73,196,12,184,11,2025-02-26,Em Estoque,236,0.4555,19564.72,55518.32,2.84,False,False
SKU-04187,Esfoliante Delicado Nude,Beleza,Esfoliante,FORN-017,49,253.07,486.76,302,19,283,47,2023-04-07,Descontinuado,509,0.3942,71618.81,137753.08,1.92,False,True
SKU-04188,Top Exclusivo Vermelho,Moda,Top,FORN-003,12,82.46,171.35,35,8,27,127,2023-05-11,Estoque Crítico,448,0.0626,2226.42,4626.45,2.08,True,False
SKU-04189,Base Líquida Artesanal Dourado,Beleza,Base Líquida,FORN-087,15,398.42,979.78,171,21,150,148,2024-08-20,Em Estoque,302,0.1903,59763.0,146967.0,2.46,False,False
SKU-04190,Cinto Clássico Dourado,Acessórios,Cinto,FORN-066,11,94.56,261.71,151,34,117,122,2024-06-24,Estoque Crítico,448,0.1966,11063.52,30620.07,2.77,True,False
SKU-04191,Carteira Clássico Prata,Acessórios,Carteira,FORN-008,58,250.34,758.46,476,81,395,50,2023-02-02,Em Estoque,448,0.2987,98884.3,299591.7,3.03,False,False
SKU-04192,Calça Jeans Edição Limitada Branco,Moda,Calça Jeans,FORN-043,11,327.54,771.39,566,157,409,123,2023-04-09,Em Estoque,448,0.4987,133963.86,315498.51,2.36,False,False
SKU-04193,Espelho de Mesa Clássico Prata,Lifestyle,Espelho de Mesa,FORN-088,13,45.5,92.46,435,54,381,93,2025-03-09,Em Estoque,448,0.2008,17335.5,35227.26,2.03,False,False
SKU-04194,Caderno Slim Verde,Lifestyle,Caderno,FORN-006,55,142.78,351.98,453,85,368,141,2025-12-28,Descontinuado,448,0.2873,52543.04,129528.64,2.47,False,True
SKU-04195,Camisa Social Delicado Prata,Moda,Camisa Social,FORN-061,54,256.2,751.25,311,0,311,111,2023-03-26,Em Estoque,448,0.3782,79678.2,233638.75,2.93,False,False
SKU-04196,Top Oversize Nude,Moda,Top,FORN-040,5,151.24,397.76,107,1,106,57,2023-08-15,Em Estoque,448,0.0265,16031.44,42162.56,2.63,False,False
SKU-04197,Lenço Básico Verde,Acessórios,Lenço,FORN-030,5,81.86,206.93,105,12,93,109,2024-08-02,Estoque Crítico,448,0.1735,7612.98,19244.49,2.53,True,False
SKU-04198,Kit Skincare Clássico Verde,Beleza,Kit Skincare,FORN-030,13,136.88,373.47,73,14,59,36,2023-03-12,Em Estoque,434,0.0708,8075.92,22034.73,2.73,False,False
SKU-04199,Condicionador Exclusivo Prata,Beleza,Condicionador,FORN-034,45,135.46,233.85,0,0,0,80,2023-03-04,Ruptura,294,0.0451,0.0,0.0,1.73,True,False
SKU-04200,Caderno Slim Rosa,Lifestyle,Caderno,FORN-040,15,369.8,1036.98,7,0,7,86,2024-12-03,Estoque Crítico,448,0.0101,2588.6,7258.86,2.8,True,False
SKU-04201,Luminária Luxo Prata,Lifestyle,Luminária,FORN-012,5,208.01,414.96,246,62,184,135,2023-01-20,Em Estoque,448,0.1681,38273.84,76352.64,1.99,False,False
SKU-04202,Shorts Urban Vermelho,Moda,Shorts,FORN-002,12,92.31,220.57,58,7,51,55,2025-05-01,Estoque Crítico,448,0.1426,4707.81,11249.07,2.39,True,False
SKU-04203,Carteira Clássico Branco,Acessórios,Carteira,FORN-057,13,150.12,342.21,362,81,281,62,2025-05-07,Em Estoque,448,0.1377,42183.72,96161.01,2.28,False,False
SKU-04204,Sérum Facial Básico Bege,Beleza,Sérum Facial,FORN-077,45,115.48,200.09,81,16,65,121,2025-07-14,Estoque Crítico,533,0.1923,7506.2,13005.85,1.73,True,False
SKU-04205,Kit Skincare Delicado Prata,Beleza,Kit Skincare,FORN-099,15,96.47,191.72,390,19,371,18,2025-05-17,Em Estoque,596,0.2542,35790.37,71128.12,1.99,False,False
SKU-04206,Base Líquida Artesanal Nude,Beleza,Base Líquida,FORN-085,45,281.36,662.72,416,4,412,27,2024-07-04,Em Estoque,238,0.3922,115920.32,273040.64,2.36,False,False
SKU-04207,Kit Chá Sport Azul,Lifestyle,Kit Chá,FORN-080,7,121.28,269.71,275,29,246,32,2024-12-26,Em Estoque,448,0.0797,29834.88,66348.66,2.22,False,False
SKU-04208,Planta Artificial Delicado Prata,Lifestyle,Planta Artificial,FORN-094,50,110.35,313.19,323,25,298,115,2025-07-28,Em Estoque,448,0.1533,32884.3,93330.62,2.84,False,False
SKU-04209,Kit Chá Urban Dourado,Lifestyle,Kit Chá,FORN-028,7,114.67,212.27,442,42,400,52,2025-02-08,Em Estoque,448,0.1536,45868.0,84908.0,1.85,False,False
SKU-04210,Moletom Básico Prata,Moda,Moletom,FORN-052,54,173.6,377.08,602,38,564,124,2024-06-01,Em Estoque,448,0.361,97910.4,212673.12,2.17,False,False
SKU-04211,Óleo Corporal Urban Prata,Beleza,Óleo Corporal,FORN-022,57,51.72,153.59,219,12,207,61,2024-04-21,Em Estoque,252,0.0789,10706.04,31793.13,2.97,False,False
SKU-04212,Camiseta Clássico Verde,Moda,Camiseta,FORN-051,7,51.68,119.27,486,76,410,86,2023-05-05,Em Estoque,448,0.145,21188.8,48900.7,2.31,False,False
SKU-04213,Luminária Oversize Vermelho,Lifestyle,Luminária,FORN-020,58,46.73,104.31,131,25,106,86,2023-01-24,Descontinuado,448,0.0809,4953.38,11056.86,2.23,False,True
SKU-04214,Batom Edição Limitada Preto,Beleza,Batom,FORN-046,51,47.27,92.1,360,61,299,145,2023-08-10,Em Estoque,409,0.247,14133.73,27537.9,1.95,False,False
SKU-04215,Porta-Retrato Slim Bege,Lifestyle,Porta-Retrato,FORN-033,50,203.42,426.98,354,9,345,55,2025-11-16,Em Estoque,448,0.3854,70179.9,147308.1,2.1,False,False
SKU-04216,Carteira Clássico Prata,Acessórios,Carteira,FORN-019,11,390.57,724.56,427,118,309,124,2025-10-20,Em Estoque,448,0.3297,120686.13,223889.04,1.86,False,False
SKU-04217,Planta Artificial Básico Nude,Lifestyle,Planta Artificial,FORN-040,5,174.68,433.61,90,27,63,127,2024-07-03,Estoque Crítico,448,0.362,11004.84,27317.43,2.48,True,False
SKU-04218,Camiseta Exclusivo Vermelho,Moda,Camiseta,FORN-061,51,74.42,213.28,402,34,368,143,2023-01-13,Em Estoque,448,0.1387,27386.56,78487.04,2.87,False,False
SKU-04219,Moletom Oversize Vermelho,Moda,Moletom,FORN-079,8,258.99,727.92,548,81,467,27,2023-01-11,Em Estoque,448,0.1781,120948.33,339938.64,2.81,False,False
SKU-04220,Camiseta Sport Dourado,Moda,Camiseta,FORN-065,11,354.57,737.16,784,29,755,117,2025-07-05,Em Estoque,448,0.4426,267700.35,556555.8,2.08,False,False
SKU-04221,Jaqueta Moderno Vermelho,Moda,Jaqueta,FORN-017,60,397.07,889.45,973,36,937,63,2024-09-19,Em Estoque,448,0.1942,372054.59,833414.65,2.24,False,False
SKU-04222,Jaqueta Oversize Rosa,Moda,Jaqueta,FORN-029,56,266.91,456.04,602,79,523,102,2025-10-26,Em Estoque,448,0.3542,139593.93,238508.92,1.71,False,False
SKU-04223,Kit Skincare Oversize Bege,Beleza,Kit Skincare,FORN-038,5,149.03,247.77,142,20,122,32,2025-01-24,Em Estoque,570,0.3823,18181.66,30227.94,1.66,False,False
SKU-04224,Regata Exclusivo Preto,Moda,Regata,FORN-075,55,236.13,620.1,216,64,152,31,2024-09-21,Em Estoque,448,0.0824,35891.76,94255.2,2.63,False,False
SKU-04225,Pochete Premium Bege,Acessórios,Pochete,FORN-015,48,176.45,493.77,206,42,164,21,2023-09-20,Em Estoque,448,0.3506,28937.8,80978.28,2.8,False,False
SKU-04226,Base Líquida Slim Nude,Beleza,Base Líquida,FORN-065,14,169.67,366.45,222,12,210,133,2025-02-25,Em Estoque,554,0.4956,35630.7,76954.5,2.16,False,False
SKU-04227,Planta Artificial Sport Azul,Lifestyle,Planta Artificial,FORN-050,47,301.34,515.38,123,35,88,66,2023-07-13,Em Estoque,448,0.4244,26517.92,45353.44,1.71,False,False
SKU-04228,Camisa Social Moderno Rosa,Moda,Camisa Social,FORN-060,9,106.91,210.87,876,137,739,97,2024-07-24,Em Estoque,448,0.0332,79006.49,155832.93,1.97,False,False
SKU-04229,Caderno Edição Limitada Prata,Lifestyle,Caderno,FORN-083,6,359.72,1105.07,305,49,256,88,2025-01-12,Em Estoque,448,0.2472,92088.32,282897.92,3.07,False,False
SKU-04230,Sérum Facial Delicado Branco,Beleza,Sérum Facial,FORN-061,50,276.9,718.94,436,24,412,82,2025-11-16,Em Estoque,209,0.0756,114082.8,296203.28,2.6,False,False
SKU-04231,Sombra Sport Bege,Beleza,Sombra,FORN-064,8,24.76,72.25,459,109,350,88,2024-06-26,Em Estoque,336,0.0537,8666.0,25287.5,2.92,False,False
SKU-04232,Blusa de Tricô Urban Vermelho,Moda,Blusa de Tricô,FORN-041,13,241.17,653.17,548,141,407,118,2025-05-27,Em Estoque,448,0.1139,98156.19,265840.19,2.71,False,False
SKU-04233,Esfoliante Edição Limitada Prata,Beleza,Esfoliante,FORN-036,6,333.61,733.33,456,90,366,98,2025-12-26,Em Estoque,381,0.2769,122101.26,268398.78,2.2,False,False
SKU-04234,Top Edição Limitada Dourado,Moda,Top,FORN-074,60,264.41,647.03,352,10,342,58,2025-01-05,Em Estoque,448,0.3139,90428.22,221284.26,2.45,False,False
SKU-04235,Pochete Luxo Vermelho,Acessórios,Pochete,FORN-028,14,360.13,803.4,323,79,244,82,2025-08-07,Em Estoque,448,0.4113,87871.72,196029.6,2.23,False,False
SKU-04236,Perfume Sustentável Vermelho,Beleza,Perfume,FORN-047,14,364.84,756.23,439,127,312,37,2025-02-22,Em Estoque,544,0.4853,113830.08,235943.76,2.07,False,False
SKU-04237,Camisa Social Edição Limitada Branco,Moda,Camisa Social,FORN-082,59,313.44,921.85,897,161,736,117,2023-05-27,Em Estoque,448,0.2068,230691.84,678481.6,2.94,False,False
SKU-04238,Camiseta Artesanal Branco,Moda,Camiseta,FORN-050,50,184.66,418.16,429,41,388,126,2025-12-27,Em Estoque,448,0.1202,71648.08,162246.08,2.26,False,False
SKU-04239,Vestido Edição Limitada Azul,Moda,Vestido,FORN-063,8,44.75,101.17,598,107,491,138,2023-03-02,Descontinuado,448,0.2369,21972.25,49674.47,2.26,False,True
SKU-04240,Kit Chá Clássico Vermelho,Lifestyle,Kit Chá,FORN-059,6,396.65,1247.12,299,11,288,87,2025-12-15,Em Estoque,448,0.0084,114235.2,359170.56,3.14,False,False
SKU-04241,Regata Moderno Nude,Moda,Regata,FORN-096,9,280.59,580.34,391,3,388,134,2025-02-12,Descontinuado,448,0.2163,108868.92,225171.92,2.07,False,True
SKU-04242,Luminária Oversize Bege,Lifestyle,Luminária,FORN-071,10,363.78,611.2,133,20,113,105,2024-12-21,Em Estoque,448,0.2006,41107.14,69065.6,1.68,False,False
SKU-04243,Brinco Artesanal Bege,Acessórios,Brinco,FORN-020,49,347.68,1037.88,499,13,486,14,2024-06-24,Em Estoque,448,0.4513,168972.48,504409.68,2.99,False,False
SKU-04244,Creme Hidratante Urban Branco,Beleza,Creme Hidratante,FORN-039,9,71.5,120.83,259,0,259,63,2024-03-01,Em Estoque,658,0.4241,18518.5,31294.97,1.69,False,False
SKU-04245,Saia Premium Rosa,Moda,Saia,FORN-093,11,178.75,570.38,657,169,488,40,2024-10-13,Em Estoque,448,0.0412,87230.0,278345.44,3.19,False,False
SKU-04246,Base Líquida Clássico Azul,Beleza,Base Líquida,FORN-006,53,168.04,361.07,0,0,0,103,2025-10-18,Ruptura,278,0.2038,0.0,0.0,2.15,True,False
SKU-04247,Perfume Luxo Branco,Beleza,Perfume,FORN-029,58,323.44,881.05,85,24,61,49,2023-09-13,Em Estoque,322,0.0511,19729.84,53744.05,2.72,False,False
SKU-04248,Meias Sport Verde,Acessórios,Meias,FORN-004,57,335.53,860.18,133,31,102,150,2023-05-17,Estoque Crítico,448,0.274,34224.06,87738.36,2.56,True,False
SKU-04249,Luminária Premium Prata,Lifestyle,Luminária,FORN-019,9,284.58,592.83,379,59,320,87,2023-05-10,Em Estoque,448,0.0573,91065.6,189705.6,2.08,False,False
SKU-04250,Brinco Edição Limitada Vermelho,Acessórios,Brinco,FORN-050,47,335.83,859.94,95,2,93,66,2023-04-19,Em Estoque,448,0.3107,31232.19,79974.42,2.56,False,False
SKU-04251,Top Luxo Nude,Moda,Top,FORN-062,11,51.2,144.51,137,25,112,96,2025-12-01,Em Estoque,448,0.2303,5734.4,16185.12,2.82,False,False
SKU-04252,Blush Urban Preto,Beleza,Blush,FORN-089,10,270.34,748.04,317,28,289,144,2025-04-22,Em Estoque,198,0.136,78128.26,216183.56,2.77,False,False
SKU-04253,Base Líquida Edição Limitada Dourado,Beleza,Base Líquida,FORN-024,47,248.28,493.81,138,8,130,18,2023-09-12,Em Estoque,343,0.2396,32276.4,64195.3,1.99,False,False
SKU-04254,Regata Sustentável Vermelho,Moda,Regata,FORN-045,11,206.69,392.11,922,199,723,95,2025-01-23,Em Estoque,448,0.4233,149436.87,283495.53,1.9,False,False
SKU-04255,Camiseta Básico Nude,Moda,Camiseta,FORN-046,50,80.65,163.18,182,17,165,75,2024-01-23,Em Estoque,448,0.2166,13307.25,26924.7,2.02,False,False
SKU-04256,Carteira Luxo Verde,Acessórios,Carteira,FORN-074,50,283.5,514.51,448,125,323,108,2025-11-09,Em Estoque,448,0.1939,91570.5,166186.73,1.81,False,False
SKU-04257,Sombra Exclusivo Bege,Beleza,Sombra,FORN-045,10,281.69,504.26,112,11,101,29,2023-12-16,Em Estoque,538,0.1893,28450.69,50930.26,1.79,False,False
SKU-04258,Blusa de Tricô Básico Prata,Moda,Blusa de Tricô,FORN-023,5,220.32,366.0,862,1,861,144,2024-02-07,Em Estoque,448,0.4807,189695.52,315126.0,1.66,False,False
SKU-04259,Kit Chá Luxo Azul,Lifestyle,Kit Chá,FORN-020,53,78.89,133.73,456,91,365,128,2023-12-08,Em Estoque,448,0.2848,28794.85,48811.45,1.7,False,False
SKU-04260,Máscara de Cílios Oversize Dourado,Beleza,Máscara de Cílios,FORN-004,60,296.54,849.04,245,73,172,50,2025-01-23,Em Estoque,730,0.3784,51004.88,146034.88,2.86,False,False
SKU-04261,Difusor Luxo Branco,Lifestyle,Difusor,FORN-094,59,74.49,129.42,116,30,86,23,2023-12-14,Em Estoque,448,0.1921,6406.14,11130.12,1.74,False,False
SKU-04262,Legging Sustentável Bege,Moda,Legging,FORN-064,5,77.41,214.35,569,106,463,51,2023-01-18,Em Estoque,448,0.2752,35840.83,99244.05,2.77,False,False
SKU-04263,Vela Aromática Delicado Nude,Lifestyle,Vela Aromática,FORN-012,9,289.58,758.62,428,60,368,147,2024-02-26,Em Estoque,448,0.4214,106565.44,279172.16,2.62,False,False
SKU-04264,Cinto Básico Prata,Acessórios,Cinto,FORN-077,50,107.32,254.44,118,5,113,68,2025-08-05,Em Estoque,448,0.2602,12127.16,28751.72,2.37,False,False
SKU-04265,Planta Artificial Sustentável Dourado,Lifestyle,Planta Artificial,FORN-010,51,367.51,1160.23,20,2,18,46,2023-09-16,Estoque Crítico,448,0.3356,6615.18,20884.14,3.16,True,False
SKU-04266,Sérum Facial Sport Nude,Beleza,Sérum Facial,FORN-001,5,301.67,716.35,345,94,251,127,2025-07-10,Em Estoque,651,0.4382,75719.17,179803.85,2.37,False,False
SKU-04267,Espelho de Mesa Sustentável Prata,Lifestyle,Espelho de Mesa,FORN-048,7,161.78,476.83,393,75,318,26,2023-09-11,Em Estoque,448,0.4743,51446.04,151631.94,2.95,False,False
SKU-04268,Legging Sustentável Rosa,Moda,Legging,FORN-033,55,327.29,587.26,596,71,525,53,2025-04-07,Em Estoque,448,0.0217,171827.25,308311.5,1.79,False,False
SKU-04269,Perfume Urban Prata,Beleza,Perfume,FORN-047,10,367.46,593.4,268,77,191,48,2025-02-15,Em Estoque,181,0.4461,70184.86,113339.4,1.61,False,False
SKU-04270,Almofada Exclusivo Verde,Lifestyle,Almofada,FORN-032,6,149.03,437.58,402,100,302,120,2024-11-27,Em Estoque,448,0.0065,45007.06,132149.16,2.94,False,False
SKU-04271,Relógio de Parede Clássico Verde,Lifestyle,Relógio de Parede,FORN-033,60,348.37,1099.9,169,15,154,140,2025-02-24,Em Estoque,448,0.218,53648.98,169384.6,3.16,False,False
SKU-04272,Jaqueta Clássico Rosa,Moda,Jaqueta,FORN-061,47,326.94,897.87,11,0,11,119,2023-02-20,Estoque Crítico,448,0.2606,3596.34,9876.57,2.75,True,False
SKU-04273,Pochete Slim Rosa,Acessórios,Pochete,FORN-054,51,54.21,135.29,45,12,33,98,2025-11-03,Estoque Crítico,448,0.1948,1788.93,4464.57,2.5,True,False
SKU-04274,Sombra Artesanal Preto,Beleza,Sombra,FORN-064,5,260.28,792.85,174,7,167,106,2024-10-28,Em Estoque,205,0.1908,43466.76,132405.95,3.05,False,False
SKU-04275,Carteira Luxo Nude,Acessórios,Carteira,FORN-002,6,201.94,410.88,265,37,228,51,2024-03-09,Em Estoque,448,0.4218,46042.32,93680.64,2.03,False,False
SKU-04276,Carteira Artesanal Azul,Acessórios,Carteira,FORN-008,57,291.62,919.53,410,37,373,134,2023-12-19,Descontinuado,448,0.265,108774.26,342984.69,3.15,False,True
SKU-04277,Óleo Corporal Exclusivo Nude,Beleza,Óleo Corporal,FORN-072,8,81.52,166.07,106,21,85,102,2023-04-07,Estoque Crítico,411,0.0355,6929.2,14115.95,2.04,True,False
SKU-04278,Luminária Sport Nude,Lifestyle,Luminária,FORN-048,9,94.62,188.44,141,26,115,66,2024-06-04,Em Estoque,448,0.2486,10881.3,21670.6,1.99,False,False
SKU-04279,Protetor Solar Urban Dourado,Beleza,Protetor Solar,FORN-061,60,322.74,908.88,157,14,143,137,2023-09-17,Em Estoque,656,0.423,46151.82,129969.84,2.82,False,False
SKU-04280,Espelho de Mesa Edição Limitada Verde,Lifestyle,Espelho de Mesa,FORN-054,54,373.09,811.47,111,10,101,143,2024-01-28,Estoque Crítico,448,0.1024,37682.09,81958.47,2.17,True,False
SKU-04281,Moletom Artesanal Vermelho,Moda,Moletom,FORN-039,10,283.62,875.92,802,132,670,86,2023-06-07,Em Estoque,448,0.0952,190025.4,586866.4,3.09,False,False
SKU-04282,Sérum Facial Luxo Prata,Beleza,Sérum Facial,FORN-004,47,57.26,152.87,276,62,214,54,2023-11-07,Em Estoque,197,0.4602,12253.64,32714.18,2.67,False,False
SKU-04283,Camiseta Delicado Verde,Moda,Camiseta,FORN-055,55,190.02,555.2,839,170,669,41,2024-12-02,Em Estoque,448,0.4109,127123.38,371428.8,2.92,False,False
SKU-04284,Calça Jeans Luxo Azul,Moda,Calça Jeans,FORN-099,11,277.34,876.86,706,85,621,148,2023-06-24,Em Estoque,448,0.2565,172228.14,544530.06,3.16,False,False
SKU-04285,Shorts Urban Dourado,Moda,Shorts,FORN-063,8,154.59,305.61,123,33,90,87,2025-08-27,Em Estoque,448,0.1945,13913.1,27504.9,1.98,False,False
SKU-04286,Regata Oversize Verde,Moda,Regata,FORN-053,8,332.18,653.82,417,113,304,11,2023-04-11,Em Estoque,448,0.4499,100982.72,198761.28,1.97,False,False
SKU-04287,Kit Chá Urban Nude,Lifestyle,Kit Chá,FORN-085,49,399.9,707.42,436,44,392,146,2025-02-08,Descontinuado,448,0.3505,156760.8,277308.64,1.77,False,True
SKU-04288,Vestido Sustentável Branco,Moda,Vestido,FORN-079,5,153.62,403.36,89,20,69,117,2025-01-23,Estoque Crítico,448,0.1671,10599.78,27831.84,2.63,True,False
SKU-04289,Jaqueta Premium Nude,Moda,Jaqueta,FORN-033,59,239.14,731.95,461,131,330,144,2024-12-09,Em Estoque,448,0.3958,78916.2,241543.5,3.06,False,False
SKU-04290,Creme Hidratante Oversize Prata,Beleza,Creme Hidratante,FORN-020,55,118.3,348.18,0,0,0,63,2023-04-01,Ruptura,187,0.1369,0.0,0.0,2.94,True,False
SKU-04291,Top Edição Limitada Bege,Moda,Top,FORN-031,9,399.06,751.25,253,5,248,40,2023-11-17,Em Estoque,448,0.4021,98966.88,186310.0,1.88,False,False
SKU-04292,Sérum Facial Delicado Preto,Beleza,Sérum Facial,FORN-014,6,71.7,154.18,26,7,19,138,2023-09-16,Estoque Crítico,479,0.0498,1362.3,2929.42,2.15,True,False
SKU-04293,Batom Luxo Vermelho,Beleza,Batom,FORN-084,8,191.22,456.97,323,33,290,70,2025-11-16,Em Estoque,646,0.3522,55453.8,132521.3,2.39,False,False
SKU-04294,Jaqueta Oversize Azul,Moda,Jaqueta,FORN-042,56,302.0,690.02,1097,274,823,86,2024-07-13,Descontinuado,448,0.306,248546.0,567886.46,2.28,False,True
SKU-04295,Camisa Social Premium Nude,Moda,Camisa Social,FORN-012,15,78.57,139.27,231,12,219,104,2023-05-04,Em Estoque,448,0.4343,17206.83,30500.13,1.77,False,False
SKU-04296,Creme Hidratante Premium Preto,Beleza,Creme Hidratante,FORN-040,13,398.98,1150.93,171,27,144,11,2025-05-13,Em Estoque,457,0.3355,57453.12,165733.92,2.88,False,False
SKU-04297,Óleo Corporal Edição Limitada Nude,Beleza,Óleo Corporal,FORN-060,12,157.01,358.84,449,17,432,51,2023-05-01,Descontinuado,263,0.3776,67828.32,155018.88,2.29,False,True
SKU-04298,Vestido Artesanal Preto,Moda,Vestido,FORN-038,5,258.99,562.45,494,69,425,53,2023-02-05,Em Estoque,448,0.23,110070.75,239041.25,2.17,False,False
SKU-04299,Vela Aromática Artesanal Rosa,Lifestyle,Vela Aromática,FORN-029,53,86.14,141.19,473,35,438,86,2023-11-20,Em Estoque,448,0.1804,37729.32,61841.22,1.64,False,False
SKU-04300,Perfume Sustentável Azul,Beleza,Perfume,FORN-037,6,274.38,544.13,228,19,209,63,2023-12-23,Em Estoque,502,0.247,57345.42,113723.17,1.98,False,False
SKU-04301,Batom Sport Branco,Beleza,Batom,FORN-065,12,197.21,497.88,263,75,188,102,2023-12-28,Em Estoque,552,0.454,37075.48,93601.44,2.52,False,False
SKU-04302,Regata Oversize Azul,Moda,Regata,FORN-041,10,261.45,677.0,676,26,650,84,2023-07-02,Em Estoque,448,0.2743,169942.5,440050.0,2.59,False,False
SKU-04303,Shorts Moderno Preto,Moda,Shorts,FORN-070,54,232.19,521.73,33,4,29,40,2024-05-24,Estoque Crítico,448,0.0779,6733.51,15130.17,2.25,True,False
SKU-04304,Vela Aromática Artesanal Vermelho,Lifestyle,Vela Aromática,FORN-075,51,114.32,273.8,358,62,296,22,2023-06-12,Em Estoque,448,0.2651,33838.72,81044.8,2.4,False,False
SKU-04305,Moletom Moderno Nude,Moda,Moletom,FORN-044,13,129.55,263.57,6,0,6,109,2024-04-16,Estoque Crítico,448,0.0239,777.3,1581.42,2.03,True,False
SKU-04306,Colar Sustentável Vermelho,Acessórios,Colar,FORN-093,13,356.9,918.38,181,25,156,150,2023-06-02,Em Estoque,448,0.4122,55676.4,143267.28,2.57,False,False
SKU-04307,Shorts Premium Bege,Moda,Shorts,FORN-059,10,157.86,412.83,682,45,637,96,2023-04-21,Em Estoque,448,0.2883,100556.82,262972.71,2.62,False,False
SKU-04308,Protetor Solar Slim Preto,Beleza,Protetor Solar,FORN-020,48,66.82,135.65,152,36,116,143,2023-11-21,Estoque Crítico,474,0.1951,7751.12,15735.4,2.03,True,False
SKU-04309,Protetor Solar Slim Nude,Beleza,Protetor Solar,FORN-028,5,255.69,577.17,223,25,198,89,2025-02-14,Em Estoque,235,0.1875,50626.62,114279.66,2.26,False,False
SKU-04310,Saia Moderno Nude,Moda,Saia,FORN-006,53,156.34,409.64,196,11,185,66,2023-02-20,Em Estoque,448,0.4945,28922.9,75783.4,2.62,False,False
SKU-04311,Legging Clássico Branco,Moda,Legging,FORN-092,46,231.02,413.08,900,241,659,58,2025-09-01,Em Estoque,448,0.4736,152242.18,272219.72,1.79,False,False
SKU-04312,Planta Artificial Artesanal Prata,Lifestyle,Planta Artificial,FORN-013,14,282.7,701.99,472,115,357,12,2025-07-28,Em Estoque,448,0.2155,100923.9,250610.43,2.48,False,False
SKU-04313,Almofada Moderno Azul,Lifestyle,Almofada,FORN-012,11,141.77,362.34,109,14,95,146,2023-11-06,Estoque Crítico,448,0.2457,13468.15,34422.3,2.56,True,False
SKU-04314,Espelho de Mesa Sport Preto,Lifestyle,Espelho de Mesa,FORN-014,9,40.7,84.97,305,29,276,81,2024-10-17,Em Estoque,448,0.1333,11233.2,23451.72,2.09,False,False
SKU-04315,Planta Artificial Slim Azul,Lifestyle,Planta Artificial,FORN-076,55,330.01,980.72,91,11,80,142,2023-02-27,Estoque Crítico,448,0.457,26400.8,78457.6,2.97,True,False
SKU-04316,Relógio de Parede Oversize Prata,Lifestyle,Relógio de Parede,FORN-037,14,177.02,528.32,18,1,17,56,2023-01-06,Estoque Crítico,448,0.0064,3009.34,8981.44,2.98,True,False
SKU-04317,Chapéu Clássico Vermelho,Acessórios,Chapéu,FORN-085,57,43.01,76.42,117,32,85,100,2024-12-12,Estoque Crítico,448,0.1824,3655.85,6495.7,1.78,True,False
SKU-04318,Calça Jeans Urban Prata,Moda,Calça Jeans,FORN-012,12,342.36,1054.48,93,12,81,117,2023-05-10,Estoque Crítico,448,0.1141,27731.16,85412.88,3.08,True,False
SKU-04319,Condicionador Sport Preto,Beleza,Condicionador,FORN-033,47,52.99,127.28,27,2,25,110,2024-10-04,Estoque Crítico,509,0.3285,1324.75,3182.0,2.4,True,False
SKU-04320,Perfume Artesanal Verde,Beleza,Perfume,FORN-052,53,73.07,134.46,173,47,126,64,2023-08-16,Em Estoque,186,0.182,9206.82,16941.96,1.84,False,False
SKU-04321,Vestido Oversize Vermelho,Moda,Vestido,FORN-045,11,105.12,203.24,202,12,190,88,2025-09-20,Em Estoque,448,0.0312,19972.8,38615.6,1.93,False,False
SKU-04322,Vela Aromática Premium Bege,Lifestyle,Vela Aromática,FORN-033,50,28.43,81.43,411,16,395,125,2024-07-26,Descontinuado,448,0.4808,11229.85,32164.85,2.86,False,True
SKU-04323,Óculos de Sol Oversize Nude,Acessórios,Óculos de Sol,FORN-048,12,226.74,470.11,56,3,53,43,2025-09-10,Em Estoque,448,0.0881,12017.22,24915.83,2.07,False,False
SKU-04324,Sombra Clássico Dourado,Beleza,Sombra,FORN-033,49,49.56,135.58,131,3,128,83,2024-09-24,Em Estoque,268,0.1021,6343.68,17354.24,2.74,False,False
SKU-04325,Batom Básico Vermelho,Beleza,Batom,FORN-068,9,308.59,823.74,257,72,185,29,2025-03-13,Em Estoque,723,0.3442,57089.15,152391.9,2.67,False,False
SKU-04326,Camisa Social Slim Branco,Moda,Camisa Social,FORN-040,10,265.22,759.36,3,0,3,64,2023-01-20,Estoque Crítico,448,0.4612,795.66,2278.08,2.86,True,False
SKU-04327,Protetor Solar Luxo Prata,Beleza,Protetor Solar,FORN-021,53,339.64,1038.17,279,46,233,49,2024-01-10,Em Estoque,416,0.1396,79136.12,241893.61,3.06,False,False
SKU-04328,Mochila Moderno Rosa,Acessórios,Mochila,FORN-050,53,202.76,509.1,435,86,349,41,2023-02-03,Descontinuado,448,0.4745,70763.24,177675.9,2.51,False,True
SKU-04329,Máscara de Cílios Sport Branco,Beleza,Máscara de Cílios,FORN-081,47,153.43,430.97,181,34,147,146,2023-03-07,Em Estoque,719,0.2065,22554.21,63352.59,2.81,False,False
SKU-04330,Top Exclusivo Bege,Moda,Top,FORN-030,7,110.12,241.64,999,168,831,52,2023-06-24,Em Estoque,448,0.3415,91509.72,200802.84,2.19,False,False
SKU-04331,Saia Premium Azul,Moda,Saia,FORN-011,12,172.81,458.73,57,2,55,64,2023-05-16,Estoque Crítico,448,0.0279,9504.55,25230.15,2.65,True,False
SKU-04332,Sérum Facial Exclusivo Branco,Beleza,Sérum Facial,FORN-038,6,125.41,391.01,224,45,179,122,2024-12-11,Em Estoque,563,0.4318,22448.39,69990.79,3.12,False,False
SKU-04333,Saia Delicado Azul,Moda,Saia,FORN-097,15,93.64,159.89,346,33,313,139,2024-07-12,Em Estoque,448,0.0461,29309.32,50045.57,1.71,False,False
SKU-04334,Espelho de Mesa Básico Vermelho,Lifestyle,Espelho de Mesa,FORN-051,10,147.59,395.03,47,12,35,122,2023-09-13,Estoque Crítico,448,0.126,5165.65,13826.05,2.68,True,False
SKU-04335,Jaqueta Edição Limitada Preto,Moda,Jaqueta,FORN-015,60,349.94,730.12,495,40,455,54,2025-03-20,Em Estoque,448,0.3977,159222.7,332204.6,2.09,False,False
SKU-04336,Caderno Moderno Branco,Lifestyle,Caderno,FORN-073,57,288.35,607.79,196,18,178,84,2023-09-22,Descontinuado,448,0.1674,51326.3,108186.62,2.11,False,True
SKU-04337,Bolsa de Couro Exclusivo Verde,Acessórios,Bolsa de Couro,FORN-093,8,216.74,627.02,6,1,5,50,2023-08-25,Estoque Crítico,448,0.3083,1083.7,3135.1,2.89,True,False
SKU-04338,Espelho de Mesa Artesanal Preto,Lifestyle,Espelho de Mesa,FORN-081,59,244.59,701.91,218,42,176,30,2023-02-04,Em Estoque,448,0.2503,43047.84,123536.16,2.87,False,False
SKU-04339,Cinto Exclusivo Dourado,Acessórios,Cinto,FORN-067,47,146.73,448.0,355,74,281,40,2024-08-03,Em Estoque,448,0.161,41231.13,125888.0,3.05,False,False
SKU-04340,Esfoliante Artesanal Prata,Beleza,Esfoliante,FORN-056,11,207.06,606.32,273,42,231,40,2025-07-18,Em Estoque,386,0.4827,47830.86,140059.92,2.93,False,False
SKU-04341,Brinco Clássico Prata,Acessórios,Brinco,FORN-047,12,252.55,730.7,33,5,28,83,2025-02-22,Estoque Crítico,448,0.1845,7071.4,20459.6,2.89,True,False
SKU-04342,Regata Delicado Nude,Moda,Regata,FORN-072,10,53.99,133.31,789,173,616,135,2025-08-07,Em Estoque,448,0.4942,33257.84,82118.96,2.47,False,False
SKU-04343,Óleo Corporal Básico Rosa,Beleza,Óleo Corporal,FORN-079,11,348.46,809.99,234,12,222,107,2025-06-10,Descontinuado,376,0.0478,77358.12,179817.78,2.32,False,True
SKU-04344,Garrafa Térmica Delicado Rosa,Lifestyle,Garrafa Térmica,FORN-024,57,232.87,601.0,398,85,313,107,2025-10-12,Em Estoque,448,0.4829,72888.31,188113.0,2.58,False,False
SKU-04345,Relógio de Parede Urban Nude,Lifestyle,Relógio de Parede,FORN-046,59,28.32,50.13,280,37,243,98,2023-11-05,Em Estoque,448,0.1362,6881.76,12181.59,1.77,False,False
SKU-04346,Sérum Facial Clássico Azul,Beleza,Sérum Facial,FORN-067,59,327.25,804.27,346,24,322,21,2023-09-04,Em Estoque,581,0.4738,105374.5,258974.94,2.46,False,False
SKU-04347,Camiseta Artesanal Vermelho,Moda,Camiseta,FORN-090,7,300.24,683.34,576,38,538,99,2025-12-12,Em Estoque,448,0.2135,161529.12,367636.92,2.28,False,False
SKU-04348,Camiseta Sport Nude,Moda,Camiseta,FORN-071,10,95.73,262.79,132,8,124,20,2024-07-15,Em Estoque,448,0.1378,11870.52,32585.96,2.75,False,False
SKU-04349,Sérum Facial Oversize Nude,Beleza,Sérum Facial,FORN-064,8,386.03,766.2,165,42,123,71,2024-05-12,Em Estoque,242,0.4741,47481.69,94242.6,1.98,False,False
SKU-04350,Planta Artificial Moderno Preto,Lifestyle,Planta Artificial,FORN-092,57,233.08,424.67,133,33,100,41,2024-01-09,Em Estoque,448,0.3449,23308.0,42467.0,1.82,False,False
SKU-04351,Kit Skincare Slim Bege,Beleza,Kit Skincare,FORN-058,47,365.84,1133.79,219,27,192,125,2025-10-17,Descontinuado,455,0.3778,70241.28,217687.68,3.1,False,True
SKU-04352,Sérum Facial Clássico Prata,Beleza,Sérum Facial,FORN-069,13,289.96,922.81,296,56,240,134,2023-09-15,Em Estoque,250,0.1587,69590.4,221474.4,3.18,False,False
SKU-04353,Legging Slim Bege,Moda,Legging,FORN-035,9,114.51,191.36,129,13,116,46,2023-01-07,Em Estoque,448,0.2364,13283.16,22197.76,1.67,False,False
SKU-04354,Bolsa de Couro Premium Nude,Acessórios,Bolsa de Couro,FORN-024,55,332.72,887.18,134,9,125,137,2023-10-17,Estoque Crítico,448,0.1084,41590.0,110897.5,2.67,True,False
SKU-04355,Planta Artificial Luxo Branco,Lifestyle,Planta Artificial,FORN-070,46,110.13,225.29,15,3,12,36,2024-09-26,Estoque Crítico,448,0.2758,1321.56,2703.48,2.05,True,False
SKU-04356,Camiseta Oversize Rosa,Moda,Camiseta,FORN-045,5,320.14,917.22,135,40,95,101,2025-10-18,Estoque Crítico,448,0.4048,30413.3,87135.9,2.87,True,False
SKU-04357,Óleo Corporal Exclusivo Branco,Beleza,Óleo Corporal,FORN-077,60,126.45,313.93,359,101,258,86,2024-11-15,Em Estoque,354,0.0958,32624.1,80993.94,2.48,False,False
SKU-04358,Luminária Slim Bege,Lifestyle,Luminária,FORN-043,5,135.05,276.29,236,11,225,134,2024-03-13,Em Estoque,448,0.4093,30386.25,62165.25,2.05,False,False
SKU-04359,Condicionador Slim Preto,Beleza,Condicionador,FORN-053,11,321.59,983.96,138,22,116,16,2023-02-14,Em Estoque,282,0.0793,37304.44,114139.36,3.06,False,False
SKU-04360,Sombra Luxo Branco,Beleza,Sombra,FORN-071,6,58.47,131.86,233,50,183,55,2025-02-01,Em Estoque,589,0.3056,10700.01,24130.38,2.26,False,False
SKU-04361,Óculos de Sol Edição Limitada Bege,Acessórios,Óculos de Sol,FORN-012,11,233.18,548.06,374,2,372,50,2023-07-07,Em Estoque,448,0.1567,86742.96,203878.32,2.35,False,False
SKU-04362,Espelho de Mesa Clássico Rosa,Lifestyle,Espelho de Mesa,FORN-033,51,89.16,193.63,462,76,386,11,2025-06-26,Em Estoque,448,0.266,34415.76,74741.18,2.17,False,False
SKU-04363,Máscara de Cílios Artesanal Vermelho,Beleza,Máscara de Cílios,FORN-096,6,289.03,689.77,392,35,357,127,2023-08-22,Em Estoque,717,0.4309,103183.71,246247.89,2.39,False,False
SKU-04364,Sérum Facial Edição Limitada Preto,Beleza,Sérum Facial,FORN-040,9,167.94,273.36,226,36,190,83,2025-06-16,Em Estoque,258,0.3338,31908.6,51938.4,1.63,False,False
SKU-04365,Garrafa Térmica Slim Bege,Lifestyle,Garrafa Térmica,FORN-081,47,116.61,364.24,50,8,42,16,2024-11-18,Em Estoque,448,0.4319,4897.62,15298.08,3.12,False,False
SKU-04366,Cinto Edição Limitada Rosa,Acessórios,Cinto,FORN-077,49,333.84,539.48,29,3,26,142,2023-10-10,Estoque Crítico,448,0.0873,8679.84,14026.48,1.62,True,False
SKU-04367,Legging Moderno Rosa,Moda,Legging,FORN-019,9,206.0,466.74,304,72,232,44,2023-03-11,Em Estoque,448,0.3994,47792.0,108283.68,2.27,False,False
SKU-04368,Luminária Sport Rosa,Lifestyle,Luminária,FORN-007,5,126.47,303.73,486,92,394,51,2024-02-09,Em Estoque,448,0.1411,49829.18,119669.62,2.4,False,False
SKU-04369,Caderno Edição Limitada Rosa,Lifestyle,Caderno,FORN-053,11,102.92,243.89,416,64,352,20,2023-03-24,Em Estoque,448,0.1934,36227.84,85849.28,2.37,False,False
SKU-04370,Saia Oversize Nude,Moda,Saia,FORN-079,12,255.45,652.98,323,58,265,101,2024-05-13,Em Estoque,448,0.2485,67694.25,173039.7,2.56,False,False
SKU-04371,Blush Delicado Rosa,Beleza,Blush,FORN-074,47,103.5,281.95,52,12,40,81,2023-04-06,Estoque Crítico,325,0.0815,4140.0,11278.0,2.72,True,False
SKU-04372,Sombra Slim Verde,Beleza,Sombra,FORN-026,49,351.45,721.85,0,0,0,44,2023-05-13,Ruptura,196,0.1427,0.0,0.0,2.05,True,False
SKU-04373,Óleo Corporal Artesanal Preto,Beleza,Óleo Corporal,FORN-007,10,340.26,598.99,316,71,245,59,2024-06-03,Em Estoque,589,0.291,83363.7,146752.55,1.76,False,False
SKU-04374,Top Básico Prata,Moda,Top,FORN-030,12,176.84,340.81,468,8,460,19,2024-08-18,Em Estoque,448,0.1285,81346.4,156772.6,1.93,False,False
SKU-04375,Camiseta Sustentável Verde,Moda,Camiseta,FORN-005,55,42.39,131.12,216,34,182,105,2023-04-14,Em Estoque,448,0.0196,7714.98,23863.84,3.09,False,False
SKU-04376,Espelho de Mesa Slim Bege,Lifestyle,Espelho de Mesa,FORN-094,49,281.6,470.2,346,71,275,95,2025-06-01,Em Estoque,448,0.4953,77440.0,129305.0,1.67,False,False
SKU-04377,Legging Luxo Branco,Moda,Legging,FORN-047,10,365.96,794.45,628,94,534,54,2024-02-20,Em Estoque,448,0.0565,195422.64,424236.3,2.17,False,False
SKU-04378,Óleo Corporal Delicado Azul,Beleza,Óleo Corporal,FORN-049,5,64.87,112.75,330,60,270,10,2023-03-18,Descontinuado,434,0.0764,17514.9,30442.5,1.74,False,True
SKU-04379,Perfume Moderno Vermelho,Beleza,Perfume,FORN-010,54,121.66,355.54,362,79,283,41,2024-10-05,Em Estoque,526,0.0376,34429.78,100617.82,2.92,False,False
SKU-04380,Planta Artificial Básico Branco,Lifestyle,Planta Artificial,FORN-013,9,361.05,813.62,255,22,233,107,2023-02-16,Em Estoque,448,0.0082,84124.65,189573.46,2.25,False,False
SKU-04381,Jaqueta Exclusivo Rosa,Moda,Jaqueta,FORN-045,5,348.63,760.03,642,101,541,128,2023-02-07,Em Estoque,448,0.0768,188608.83,411176.23,2.18,False,False
SKU-04382,Calça Jeans Sport Bege,Moda,Calça Jeans,FORN-040,8,116.96,311.84,388,16,372,38,2023-12-26,Em Estoque,448,0.09,43509.12,116004.48,2.67,False,False
SKU-04383,Camisa Social Slim Rosa,Moda,Camisa Social,FORN-002,11,20.84,61.34,298,14,284,43,2023-06-23,Em Estoque,448,0.1383,5918.56,17420.56,2.94,False,False
SKU-04384,Creme Hidratante Sustentável Verde,Beleza,Creme Hidratante,FORN-029,51,181.75,308.73,245,37,208,142,2023-04-28,Em Estoque,396,0.4804,37804.0,64215.84,1.7,False,False
SKU-04385,Moletom Artesanal Rosa,Moda,Moletom,FORN-009,12,153.05,367.67,1079,179,900,108,2024-09-05,Em Estoque,448,0.1646,137745.0,330903.0,2.4,False,False
SKU-04386,Protetor Solar Exclusivo Vermelho,Beleza,Protetor Solar,FORN-072,11,53.52,102.65,348,43,305,143,2024-10-01,Em Estoque,184,0.2402,16323.6,31308.25,1.92,False,False
SKU-04387,Legging Sport Nude,Moda,Legging,FORN-008,60,348.98,874.19,699,80,619,108,2023-07-14,Em Estoque,448,0.0977,216018.62,541123.61,2.5,False,False
SKU-04388,Pulseira Delicado Nude,Acessórios,Pulseira,FORN-095,11,304.47,823.21,203,15,188,62,2025-10-15,Em Estoque,448,0.2452,57240.36,154763.48,2.7,False,False
SKU-04389,Calça Jeans Clássico Branco,Moda,Calça Jeans,FORN-037,8,342.13,743.7,1032,116,916,76,2023-08-06,Em Estoque,448,0.3729,313391.08,681229.2,2.17,False,False
SKU-04390,Regata Exclusivo Branco,Moda,Regata,FORN-099,10,356.04,779.27,639,97,542,13,2024-01-06,Em Estoque,448,0.2329,192973.68,422364.34,2.19,False,False
SKU-04391,Saia Premium Vermelho,Moda,Saia,FORN-036,13,49.89,98.96,511,40,471,49,2024-12-10,Em Estoque,448,0.1167,23498.19,46610.16,1.98,False,False
SKU-04392,Camiseta Edição Limitada Prata,Moda,Camiseta,FORN-067,54,101.81,259.32,604,170,434,109,2023-07-23,Em Estoque,448,0.2117,44185.54,112544.88,2.55,False,False
SKU-04393,Máscara de Cílios Moderno Nude,Beleza,Máscara de Cílios,FORN-015,49,242.4,570.22,357,95,262,138,2025-11-16,Em Estoque,548,0.2104,63508.8,149397.64,2.35,False,False
SKU-04394,Vela Aromática Luxo Azul,Lifestyle,Vela Aromática,FORN-085,48,266.63,784.48,277,52,225,139,2024-06-19,Em Estoque,448,0.2991,59991.75,176508.0,2.94,False,False
SKU-04395,Creme Hidratante Exclusivo Branco,Beleza,Creme Hidratante,FORN-081,50,250.32,565.62,0,0,0,143,2023-08-16,Ruptura,535,0.3025,0.0,0.0,2.26,True,False
SKU-04396,Carteira Artesanal Nude,Acessórios,Carteira,FORN-034,48,334.85,657.54,152,19,133,124,2024-03-19,Em Estoque,448,0.2716,44535.05,87452.82,1.96,False,False
SKU-04397,Colar Premium Branco,Acessórios,Colar,FORN-033,59,316.16,506.83,90,6,84,32,2025-10-26,Em Estoque,448,0.2364,26557.44,42573.72,1.6,False,False
SKU-04398,Regata Luxo Prata,Moda,Regata,FORN-018,53,281.29,861.93,174,7,167,139,2023-05-12,Em Estoque,448,0.4676,46975.43,143942.31,3.06,False,False
SKU-04399,Lenço Luxo Nude,Acessórios,Lenço,FORN-073,56,64.04,113.65,423,86,337,132,2024-11-10,Em Estoque,448,0.4649,21581.48,38300.05,1.77,False,False
SKU-04400,Meias Sport Azul,Acessórios,Meias,FORN-051,10,67.17,161.61,401,99,302,130,2023-05-15,Descontinuado,448,0.0829,20285.34,48806.22,2.41,False,True
SKU-04401,Carteira Urban Bege,Acessórios,Carteira,FORN-047,5,163.18,394.13,56,4,52,11,2023-06-17,Em Estoque,448,0.1209,8485.36,20494.76,2.42,False,False
SKU-04402,Espelho de Mesa Urban Dourado,Lifestyle,Espelho de Mesa,FORN-080,15,145.8,378.48,439,110,329,56,2025-05-12,Em Estoque,448,0.0166,47968.2,124519.92,2.6,False,False
SKU-04403,Kit Skincare Sustentável Bege,Beleza,Kit Skincare,FORN-030,10,246.23,705.24,290,85,205,141,2025-06-25,Em Estoque,340,0.4247,50477.15,144574.2,2.86,False,False
SKU-04404,Kit Skincare Sustentável Dourado,Beleza,Kit Skincare,FORN-005,50,158.69,402.51,282,36,246,100,2025-06-11,Em Estoque,218,0.1614,39037.74,99017.46,2.54,False,False
SKU-04405,Planta Artificial Sport Dourado,Lifestyle,Planta Artificial,FORN-023,14,62.04,158.86,336,88,248,112,2024-04-08,Em Estoque,448,0.3384,15385.92,39397.28,2.56,False,False
SKU-04406,Kit Chá Premium Vermelho,Lifestyle,Kit Chá,FORN-096,8,75.53,127.03,320,9,311,122,2023-10-28,Em Estoque,448,0.4832,23489.83,39506.33,1.68,False,False
SKU-04407,Blush Delicado Vermelho,Beleza,Blush,FORN-025,7,246.26,541.45,425,30,395,110,2024-03-03,Em Estoque,613,0.318,97272.7,213872.75,2.2,False,False
SKU-04408,Almofada Delicado Prata,Lifestyle,Almofada,FORN-095,11,97.95,201.02,251,6,245,70,2025-01-07,Em Estoque,448,0.1224,23997.75,49249.9,2.05,False,False
SKU-04409,Mochila Urban Preto,Acessórios,Mochila,FORN-017,57,258.05,600.74,59,14,45,95,2025-05-01,Estoque Crítico,448,0.1675,11612.25,27033.3,2.33,True,False
SKU-04410,Carteira Exclusivo Prata,Acessórios,Carteira,FORN-053,10,227.55,430.52,259,65,194,130,2024-12-04,Em Estoque,448,0.2316,44144.7,83520.88,1.89,False,False
SKU-04411,Bolsa de Couro Premium Azul,Acessórios,Bolsa de Couro,FORN-038,6,20.02,44.0,287,71,216,54,2025-08-01,Em Estoque,448,0.1871,4324.32,9504.0,2.2,False,False
SKU-04412,Kit Skincare Artesanal Rosa,Beleza,Kit Skincare,FORN-086,14,189.06,404.95,432,5,427,132,2023-07-09,Em Estoque,444,0.0261,80728.62,172913.65,2.14,False,False
SKU-04413,Pochete Urban Branco,Acessórios,Pochete,FORN-082,50,278.61,547.74,147,26,121,37,2023-06-28,Em Estoque,448,0.3133,33711.81,66276.54,1.97,False,False
SKU-04414,Shorts Urban Preto,Moda,Shorts,FORN-018,59,232.85,625.74,770,141,629,26,2023-04-01,Em Estoque,448,0.4872,146462.65,393590.46,2.69,False,False
SKU-04415,Chapéu Oversize Azul,Acessórios,Chapéu,FORN-015,47,312.0,817.51,165,40,125,41,2024-03-05,Em Estoque,448,0.49,39000.0,102188.75,2.62,False,False
SKU-04416,Blusa de Tricô Delicado Preto,Moda,Blusa de Tricô,FORN-071,14,180.6,487.57,491,55,436,134,2024-07-26,Em Estoque,448,0.329,78741.6,212580.52,2.7,False,False
SKU-04417,Sérum Facial Edição Limitada Preto,Beleza,Sérum Facial,FORN-055,46,373.23,1025.28,0,0,0,84,2023-06-04,Ruptura,414,0.0898,0.0,0.0,2.75,True,False
SKU-04418,Vela Aromática Luxo Branco,Lifestyle,Vela Aromática,FORN-085,54,295.55,492.13,317,2,315,79,2023-09-19,Em Estoque,448,0.4088,93098.25,155020.95,1.67,False,False
SKU-04419,Calça Jeans Sustentável Azul,Moda,Calça Jeans,FORN-095,7,348.4,798.95,359,45,314,50,2023-05-21,Em Estoque,448,0.0343,109397.6,250870.3,2.29,False,False
SKU-04420,Carteira Slim Prata,Acessórios,Carteira,FORN-014,7,177.63,440.28,68,12,56,104,2025-12-08,Estoque Crítico,448,0.1646,9947.28,24655.68,2.48,True,False
SKU-04421,Blush Moderno Prata,Beleza,Blush,FORN-027,15,381.17,859.91,256,69,187,92,2024-01-23,Em Estoque,454,0.1632,71278.79,160803.17,2.26,False,False
SKU-04422,Esfoliante Luxo Rosa,Beleza,Esfoliante,FORN-057,5,385.11,1141.2,449,20,429,105,2024-10-22,Em Estoque,518,0.283,165212.19,489574.8,2.96,False,False
SKU-04423,Top Moderno Nude,Moda,Top,FORN-096,9,350.81,1020.84,663,155,508,75,2025-04-01,Em Estoque,448,0.3477,178211.48,518586.72,2.91,False,False
SKU-04424,Saia Luxo Prata,Moda,Saia,FORN-034,53,246.51,678.2,752,207,545,69,2023-08-27,Em Estoque,448,0.0581,134347.95,369619.0,2.75,False,False
SKU-04425,Colar Urban Vermelho,Acessórios,Colar,FORN-043,15,32.01,102.37,476,38,438,118,2023-02-03,Em Estoque,448,0.2228,14020.38,44838.06,3.2,False,False
SKU-04426,Difusor Premium Prata,Lifestyle,Difusor,FORN-010,48,284.13,798.16,242,67,175,24,2023-02-02,Em Estoque,448,0.0026,49722.75,139678.0,2.81,False,False
SKU-04427,Almofada Slim Rosa,Lifestyle,Almofada,FORN-033,55,345.74,680.58,431,34,397,99,2024-08-05,Em Estoque,448,0.4139,137258.78,270190.26,1.97,False,False
SKU-04428,Espelho de Mesa Urban Verde,Lifestyle,Espelho de Mesa,FORN-010,47,22.88,46.58,371,87,284,43,2024-06-25,Em Estoque,448,0.468,6497.92,13228.72,2.04,False,False
SKU-04429,Blusa de Tricô Oversize Branco,Moda,Blusa de Tricô,FORN-039,11,85.6,257.2,11,0,11,146,2025-09-24,Estoque Crítico,448,0.261,941.6,2829.2,3.0,True,False
SKU-04430,Pochete Urban Vermelho,Acessórios,Pochete,FORN-039,6,137.15,319.91,227,21,206,50,2023-09-12,Em Estoque,448,0.4758,28252.9,65901.46,2.33,False,False
SKU-04431,Relógio de Parede Moderno Branco,Lifestyle,Relógio de Parede,FORN-097,9,234.2,507.75,274,71,203,28,2025-01-24,Em Estoque,448,0.1012,47542.6,103073.25,2.17,False,False
SKU-04432,Sombra Luxo Branco,Beleza,Sombra,FORN-076,46,110.0,344.51,231,31,200,32,2023-01-26,Em Estoque,377,0.3915,22000.0,68902.0,3.13,False,False
SKU-04433,Brinco Luxo Nude,Acessórios,Brinco,FORN-029,51,145.48,359.35,58,11,47,27,2025-05-19,Em Estoque,448,0.3325,6837.56,16889.45,2.47,False,False
SKU-04434,Batom Luxo Dourado,Beleza,Batom,FORN-018,52,243.3,690.03,416,106,310,143,2025-02-04,Em Estoque,278,0.3785,75423.0,213909.3,2.84,False,False
SKU-04435,Vela Aromática Sustentável Vermelho,Lifestyle,Vela Aromática,FORN-099,15,32.21,85.87,392,73,319,103,2024-09-22,Em Estoque,448,0.3423,10274.99,27392.53,2.67,False,False
SKU-04436,Bolsa de Couro Slim Bege,Acessórios,Bolsa de Couro,FORN-048,8,283.07,864.58,208,37,171,114,2024-12-08,Em Estoque,448,0.1872,48404.97,147843.18,3.05,False,False
SKU-04437,Moletom Edição Limitada Preto,Moda,Moletom,FORN-063,5,86.89,227.2,219,63,156,42,2023-09-01,Em Estoque,448,0.0593,13554.84,35443.2,2.61,False,False
SKU-04438,Moletom Luxo Vermelho,Moda,Moletom,FORN-024,57,275.39,610.74,645,46,599,132,2023-05-06,Em Estoque,448,0.4347,164958.61,365833.26,2.22,False,False
SKU-04439,Almofada Clássico Vermelho,Lifestyle,Almofada,FORN-070,55,300.55,620.93,201,52,149,10,2025-11-21,Em Estoque,448,0.3308,44781.95,92518.57,2.07,False,False
SKU-04440,Lenço Artesanal Verde,Acessórios,Lenço,FORN-065,14,251.21,752.99,74,2,72,29,2025-12-08,Em Estoque,448,0.0167,18087.12,54215.28,3.0,False,False
SKU-04441,Vestido Básico Dourado,Moda,Vestido,FORN-078,10,398.33,828.3,707,88,619,116,2024-06-24,Descontinuado,448,0.1568,246566.27,512717.7,2.08,False,True
SKU-04442,Camiseta Luxo Rosa,Moda,Camiseta,FORN-088,15,130.65,396.91,414,11,403,118,2025-11-23,Em Estoque,448,0.1939,52651.95,159954.73,3.04,False,False
SKU-04443,Difusor Sustentável Preto,Lifestyle,Difusor,FORN-007,5,103.89,239.47,8,1,7,122,2024-03-04,Estoque Crítico,448,0.0672,727.23,1676.29,2.31,True,False
SKU-04444,Mochila Delicado Vermelho,Acessórios,Mochila,FORN-003,10,351.41,987.95,13,2,11,117,2025-01-25,Estoque Crítico,448,0.0668,3865.51,10867.45,2.81,True,False
SKU-04445,Kit Skincare Básico Dourado,Beleza,Kit Skincare,FORN-007,13,354.49,851.95,224,18,206,80,2023-01-16,Em Estoque,198,0.4808,73024.94,175501.7,2.4,False,False
SKU-04446,Sombra Sustentável Dourado,Beleza,Sombra,FORN-019,7,164.11,419.75,396,117,279,110,2024-04-09,Em Estoque,714,0.3485,45786.69,117110.25,2.56,False,False
SKU-04447,Vela Aromática Básico Verde,Lifestyle,Vela Aromática,FORN-092,46,37.03,81.26,284,41,243,79,2025-02-23,Em Estoque,448,0.1951,8998.29,19746.18,2.19,False,False
SKU-04448,Saia Delicado Nude,Moda,Saia,FORN-022,48,74.33,126.68,617,81,536,46,2024-02-16,Em Estoque,448,0.2101,39840.88,67900.48,1.7,False,False
SKU-04449,Camisa Social Edição Limitada Prata,Moda,Camisa Social,FORN-031,12,73.32,120.49,69,8,61,148,2025-06-09,Estoque Crítico,448,0.2318,4472.52,7349.89,1.64,True,False
SKU-04450,Vestido Urban Verde,Moda,Vestido,FORN-071,6,286.37,781.05,213,11,202,68,2023-01-10,Em Estoque,448,0.4804,57846.74,157772.1,2.73,False,False
SKU-04451,Óculos de Sol Oversize Vermelho,Acessórios,Óculos de Sol,FORN-073,48,273.92,545.98,382,82,300,71,2023-06-18,Em Estoque,448,0.0411,82176.0,163794.0,1.99,False,False
SKU-04452,Sombra Edição Limitada Bege,Beleza,Sombra,FORN-037,5,126.69,289.57,47,0,47,26,2023-07-22,Em Estoque,246,0.2868,5954.43,13609.79,2.29,False,False
SKU-04453,Difusor Delicado Vermelho,Lifestyle,Difusor,FORN-012,13,252.7,693.67,293,69,224,120,2024-04-14,Em Estoque,448,0.387,56604.8,155382.08,2.75,False,False
SKU-04454,Camiseta Urban Branco,Moda,Camiseta,FORN-071,6,233.34,582.07,58,14,44,87,2025-04-13,Estoque Crítico,448,0.3234,10266.96,25611.08,2.49,True,False
SKU-04455,Calça Jeans Slim Bege,Moda,Calça Jeans,FORN-098,57,352.5,1107.78,538,20,518,43,2024-02-11,Em Estoque,448,0.0808,182595.0,573830.04,3.14,False,False
SKU-04456,Top Delicado Nude,Moda,Top,FORN-031,8,227.6,439.48,46,0,46,70,2025-03-27,Estoque Crítico,448,0.4655,10469.6,20216.08,1.93,True,False
SKU-04457,Blush Artesanal Verde,Beleza,Blush,FORN-060,8,197.85,623.42,188,27,161,85,2025-02-01,Em Estoque,495,0.1856,31853.85,100370.62,3.15,False,False
SKU-04458,Vestido Delicado Verde,Moda,Vestido,FORN-078,9,302.82,578.04,394,38,356,30,2023-04-01,Em Estoque,448,0.2568,107803.92,205782.24,1.91,False,False
SKU-04459,Colar Sport Verde,Acessórios,Colar,FORN-047,7,291.36,529.17,191,20,171,84,2025-12-09,Em Estoque,448,0.0854,49822.56,90488.07,1.82,False,False
SKU-04460,Calça Jeans Slim Branco,Moda,Calça Jeans,FORN-031,11,299.84,550.7,322,55,267,37,2023-04-24,Em Estoque,448,0.3266,80057.28,147036.9,1.84,False,False
SKU-04461,Moletom Básico Azul,Moda,Moletom,FORN-014,6,67.06,177.71,249,26,223,117,2024-12-23,Em Estoque,448,0.2563,14954.38,39629.33,2.65,False,False
SKU-04462,Difusor Moderno Verde,Lifestyle,Difusor,FORN-093,15,86.85,267.4,39,1,38,29,2023-09-19,Descontinuado,448,0.2866,3300.3,10161.2,3.08,False,True
SKU-04463,Legging Premium Prata,Moda,Legging,FORN-062,14,236.59,713.58,1068,32,1036,58,2025-11-20,Em Estoque,448,0.3228,245107.24,739268.88,3.02,False,False
SKU-04464,Condicionador Edição Limitada Preto,Beleza,Condicionador,FORN-021,45,346.2,1009.64,261,19,242,114,2025-11-24,Em Estoque,302,0.1337,83780.4,244332.88,2.92,False,False
SKU-04465,Blusa de Tricô Urban Prata,Moda,Blusa de Tricô,FORN-054,50,394.02,786.87,378,71,307,12,2024-09-17,Em Estoque,448,0.2265,120964.14,241569.09,2.0,False,False
SKU-04466,Espelho de Mesa Edição Limitada Prata,Lifestyle,Espelho de Mesa,FORN-005,59,174.98,418.53,26,2,24,81,2024-07-09,Estoque Crítico,448,0.1374,4199.52,10044.72,2.39,True,False
SKU-04467,Cinto Oversize Nude,Acessórios,Cinto,FORN-068,15,294.23,598.72,139,1,138,57,2025-08-01,Em Estoque,448,0.2888,40603.74,82623.36,2.03,False,False
SKU-04468,Caderno Slim Bege,Lifestyle,Caderno,FORN-020,53,230.68,572.99,46,4,42,128,2024-09-19,Estoque Crítico,448,0.2755,9688.56,24065.58,2.48,True,False
SKU-04469,Garrafa Térmica Luxo Vermelho,Lifestyle,Garrafa Térmica,FORN-025,15,275.79,774.15,171,39,132,110,2024-09-13,Em Estoque,448,0.2629,36404.28,102187.8,2.81,False,False
SKU-04470,Colar Premium Azul,Acessórios,Colar,FORN-035,13,343.12,1036.25,493,70,423,93,2023-07-15,Em Estoque,448,0.442,145139.76,438333.75,3.02,False,False
SKU-04471,Vestido Edição Limitada Azul,Moda,Vestido,FORN-028,9,150.94,348.96,518,18,500,131,2024-10-13,Em Estoque,448,0.0444,75470.0,174480.0,2.31,False,False
SKU-04472,Almofada Urban Vermelho,Lifestyle,Almofada,FORN-050,56,217.38,441.06,299,7,292,144,2025-10-26,Em Estoque,448,0.1758,63474.96,128789.52,2.03,False,False
SKU-04473,Saia Premium Vermelho,Moda,Saia,FORN-015,48,117.6,190.83,619,163,456,96,2025-07-01,Em Estoque,448,0.176,53625.6,87018.48,1.62,False,False
SKU-04474,Blusa de Tricô Clássico Bege,Moda,Blusa de Tricô,FORN-098,56,28.7,76.76,419,102,317,79,2025-09-26,Em Estoque,448,0.2674,9097.9,24332.92,2.67,False,False
SKU-04475,Relógio de Parede Edição Limitada Branco,Lifestyle,Relógio de Parede,FORN-069,6,208.38,441.14,382,40,342,122,2024-09-05,Em Estoque,448,0.1076,71265.96,150869.88,2.12,False,False
SKU-04476,Sombra Urban Preto,Beleza,Sombra,FORN-082,46,366.3,926.56,243,29,214,22,2023-07-12,Em Estoque,215,0.2331,78388.2,198283.84,2.53,False,False
SKU-04477,Saia Delicado Rosa,Moda,Saia,FORN-028,8,133.03,214.23,723,13,710,92,2024-06-26,Descontinuado,448,0.3478,94451.3,152103.3,1.61,False,True
SKU-04478,Garrafa Térmica Moderno Azul,Lifestyle,Garrafa Térmica,FORN-100,54,348.41,1114.47,382,11,371,130,2025-03-22,Em Estoque,448,0.1451,129260.11,413468.37,3.2,False,False
SKU-04479,Meias Moderno Branco,Acessórios,Meias,FORN-065,13,155.35,433.74,10,1,9,110,2023-11-02,Estoque Crítico,448,0.0621,1398.15,3903.66,2.79,True,False
SKU-04480,Caderno Luxo Bege,Lifestyle,Caderno,FORN-049,8,363.08,701.78,42,0,42,123,2025-09-28,Estoque Crítico,448,0.3534,15249.36,29474.76,1.93,True,False
SKU-04481,Pochete Sustentável Prata,Acessórios,Pochete,FORN-089,13,126.9,231.68,16,2,14,84,2023-01-24,Estoque Crítico,448,0.3488,1776.6,3243.52,1.83,True,False
SKU-04482,Moletom Edição Limitada Prata,Moda,Moletom,FORN-023,12,82.59,162.12,1199,260,939,149,2023-05-19,Em Estoque,448,0.3586,77552.01,152230.68,1.96,False,False
SKU-04483,Difusor Exclusivo Branco,Lifestyle,Difusor,FORN-065,7,196.0,516.41,488,26,462,59,2023-10-09,Em Estoque,448,0.3703,90552.0,238581.42,2.63,False,False
SKU-04484,Máscara de Cílios Sustentável Vermelho,Beleza,Máscara de Cílios,FORN-090,8,122.64,352.3,134,27,107,69,2024-08-24,Em Estoque,721,0.2015,13122.48,37696.1,2.87,False,False
SKU-04485,Protetor Solar Oversize Rosa,Beleza,Protetor Solar,FORN-061,52,338.37,695.99,235,14,221,89,2025-08-06,Em Estoque,646,0.2981,74779.77,153813.79,2.06,False,False
SKU-04486,Legging Urban Nude,Moda,Legging,FORN-070,45,188.04,339.39,194,32,162,36,2025-03-24,Em Estoque,448,0.1779,30462.48,54981.18,1.8,False,False
SKU-04487,Óculos de Sol Luxo Azul,Acessórios,Óculos de Sol,FORN-057,8,243.86,621.01,231,2,229,79,2025-02-09,Em Estoque,448,0.1688,55843.94,142211.29,2.55,False,False
SKU-04488,Lenço Edição Limitada Branco,Acessórios,Lenço,FORN-028,11,122.61,225.77,188,36,152,18,2024-04-05,Em Estoque,448,0.2294,18636.72,34317.04,1.84,False,False
SKU-04489,Blusa de Tricô Slim Prata,Moda,Blusa de Tricô,FORN-037,5,340.3,698.43,69,19,50,134,2025-12-17,Estoque Crítico,448,0.2595,17015.0,34921.5,2.05,True,False
SKU-04490,Sombra Premium Branco,Beleza,Sombra,FORN-087,14,174.28,395.33,337,49,288,123,2025-04-27,Em Estoque,371,0.2472,50192.64,113855.04,2.27,False,False
SKU-04491,Protetor Solar Edição Limitada Preto,Beleza,Protetor Solar,FORN-100,60,241.0,615.92,365,108,257,134,2025-11-18,Em Estoque,196,0.2504,61937.0,158291.44,2.56,False,False
SKU-04492,Chapéu Exclusivo Azul,Acessórios,Chapéu,FORN-090,8,217.73,654.84,55,6,49,113,2023-05-01,Estoque Crítico,448,0.254,10668.77,32087.16,3.01,True,False
SKU-04493,Camisa Social Oversize Bege,Moda,Camisa Social,FORN-092,57,119.09,265.86,292,41,251,115,2025-04-24,Em Estoque,448,0.0898,29891.59,66730.86,2.23,False,False
SKU-04494,Meias Oversize Preto,Acessórios,Meias,FORN-047,9,266.5,625.13,267,66,201,83,2025-09-27,Em Estoque,448,0.0067,53566.5,125651.13,2.35,False,False
SKU-04495,Caderno Artesanal Verde,Lifestyle,Caderno,FORN-034,60,129.0,207.92,65,17,48,48,2023-05-26,Estoque Crítico,448,0.4978,6192.0,9980.16,1.61,False,False
SKU-04496,Difusor Slim Bege,Lifestyle,Difusor,FORN-091,54,93.16,224.08,263,7,256,41,2023-12-15,Em Estoque,448,0.0899,23848.96,57364.48,2.41,False,False
SKU-04497,Vestido Exclusivo Prata,Moda,Vestido,FORN-038,5,317.33,910.91,412,53,359,91,2024-04-17,Em Estoque,448,0.169,113921.47,327016.69,2.87,False,False
SKU-04498,Óleo Corporal Luxo Branco,Beleza,Óleo Corporal,FORN-023,7,24.53,44.63,422,109,313,91,2025-11-18,Em Estoque,228,0.1657,7677.89,13969.19,1.82,False,False
SKU-04499,Vestido Clássico Rosa,Moda,Vestido,FORN-064,15,33.48,62.61,1200,97,1103,128,2025-01-02,Em Estoque,448,0.1551,36928.44,69058.83,1.87,False,False
SKU-04500,Batom Slim Bege,Beleza,Batom,FORN-074,52,232.94,689.87,167,23,144,20,2024-11-19,Em Estoque,187,0.0199,33543.36,99341.28,2.96,False,False
SKU-04501,Planta Artificial Clássico Bege,Lifestyle,Planta Artificial,FORN-039,9,278.94,766.98,62,7,55,20,2025-07-27,Em Estoque,448,0.2564,15341.7,42183.9,2.75,False,False
SKU-04502,Saia Premium Rosa,Moda,Saia,FORN-016,51,174.87,280.3,771,70,701,35,2024-02-04,Em Estoque,448,0.0916,122583.87,196490.3,1.6,False,False
SKU-04503,Jaqueta Urban Bege,Moda,Jaqueta,FORN-096,14,161.63,278.76,599,40,559,40,2023-10-19,Em Estoque,448,0.0687,90351.17,155826.84,1.72,False,False
SKU-04504,Caderno Luxo Prata,Lifestyle,Caderno,FORN-016,54,392.8,939.52,162,2,160,54,2023-02-23,Em Estoque,448,0.4683,62848.0,150323.2,2.39,False,False
SKU-04505,Batom Luxo Branco,Beleza,Batom,FORN-007,6,247.89,732.62,173,14,159,46,2023-01-11,Em Estoque,694,0.3211,39414.51,116486.58,2.96,False,False
SKU-04506,Óculos de Sol Luxo Prata,Acessórios,Óculos de Sol,FORN-012,9,374.25,1116.73,325,41,284,40,2025-11-20,Em Estoque,448,0.3442,106287.0,317151.32,2.98,False,False
SKU-04507,Camisa Social Sustentável Nude,Moda,Camisa Social,FORN-069,6,204.49,406.22,1071,52,1019,37,2024-05-26,Em Estoque,448,0.3661,208375.31,413938.18,1.99,False,False
SKU-04508,Kit Chá Premium Branco,Lifestyle,Kit Chá,FORN-086,9,61.68,189.91,480,77,403,143,2023-01-14,Em Estoque,448,0.1746,24857.04,76533.73,3.08,False,False
SKU-04509,Cinto Urban Preto,Acessórios,Cinto,FORN-081,45,254.14,483.24,90,22,68,136,2023-07-25,Estoque Crítico,448,0.1847,17281.52,32860.32,1.9,True,False
SKU-04510,Esfoliante Artesanal Azul,Beleza,Esfoliante,FORN-079,12,69.71,221.53,373,89,284,42,2023-12-21,Em Estoque,539,0.2066,19797.64,62914.52,3.18,False,False
SKU-04511,Espelho de Mesa Sport Branco,Lifestyle,Espelho de Mesa,FORN-098,58,188.98,556.54,457,36,421,128,2025-05-26,Em Estoque,448,0.0104,79560.58,234303.34,2.94,False,False
SKU-04512,Blusa de Tricô Artesanal Dourado,Moda,Blusa de Tricô,FORN-017,55,323.17,645.34,1190,322,868,126,2023-08-22,Em Estoque,448,0.1986,280511.56,560155.12,2.0,False,False
SKU-04513,Perfume Exclusivo Dourado,Beleza,Perfume,FORN-071,11,334.43,842.42,482,15,467,44,2025-03-18,Em Estoque,475,0.0235,156178.81,393410.14,2.52,False,False
SKU-04514,Moletom Delicado Branco,Moda,Moletom,FORN-055,57,318.54,774.62,261,7,254,35,2024-07-24,Em Estoque,448,0.0838,80909.16,196753.48,2.43,False,False
SKU-04515,Almofada Exclusivo Branco,Lifestyle,Almofada,FORN-080,5,174.84,360.99,424,47,377,122,2025-02-10,Em Estoque,448,0.488,65914.68,136093.23,2.06,False,False
SKU-04516,Legging Edição Limitada Rosa,Moda,Legging,FORN-079,12,277.34,818.01,149,10,139,112,2025-09-04,Em Estoque,448,0.1227,38550.26,113703.39,2.95,False,False
SKU-04517,Blusa de Tricô Moderno Azul,Moda,Blusa de Tricô,FORN-070,54,330.9,540.51,1015,232,783,139,2025-11-07,Em Estoque,448,0.0261,259094.7,423219.33,1.63,False,False
SKU-04518,Vela Aromática Exclusivo Verde,Lifestyle,Vela Aromática,FORN-089,7,36.45,79.5,132,21,111,144,2023-04-09,Estoque Crítico,448,0.1285,4045.95,8824.5,2.18,True,False
SKU-04519,Blusa de Tricô Edição Limitada Verde,Moda,Blusa de Tricô,FORN-094,56,50.01,145.26,764,62,702,98,2023-05-10,Em Estoque,448,0.4983,35107.02,101972.52,2.9,False,False
SKU-04520,Creme Hidratante Luxo Nude,Beleza,Creme Hidratante,FORN-094,49,306.88,499.6,0,0,0,91,2024-05-20,Ruptura,718,0.1062,0.0,0.0,1.63,True,False
SKU-04521,Kit Chá Sport Nude,Lifestyle,Kit Chá,FORN-037,14,131.69,267.57,67,5,62,141,2023-03-20,Estoque Crítico,448,0.3182,8164.78,16589.34,2.03,True,False
SKU-04522,Regata Sustentável Rosa,Moda,Regata,FORN-020,59,381.12,1162.88,614,105,509,66,2023-05-20,Em Estoque,448,0.412,193990.08,591905.92,3.05,False,False
SKU-04523,Camisa Social Delicado Rosa,Moda,Camisa Social,FORN-057,13,267.86,591.36,844,50,794,149,2025-03-17,Em Estoque,448,0.0327,212680.84,469539.84,2.21,False,False
SKU-04524,Brinco Sport Nude,Acessórios,Brinco,FORN-098,50,152.14,283.38,61,16,45,82,2024-03-08,Estoque Crítico,448,0.4917,6846.3,12752.1,1.86,True,False
SKU-04525,Mochila Edição Limitada Verde,Acessórios,Mochila,FORN-048,11,104.65,272.75,444,56,388,10,2023-11-10,Em Estoque,448,0.4065,40604.2,105827.0,2.61,False,False
SKU-04526,Camisa Social Luxo Preto,Moda,Camisa Social,FORN-011,10,170.65,353.67,469,93,376,94,2025-07-19,Em Estoque,448,0.0468,64164.4,132979.92,2.07,False,False
SKU-04527,Meias Sustentável Azul,Acessórios,Meias,FORN-044,14,382.89,701.79,258,24,234,108,2023-06-25,Em Estoque,448,0.2292,89596.26,164218.86,1.83,False,False
SKU-04528,Relógio de Parede Edição Limitada Branco,Lifestyle,Relógio de Parede,FORN-055,56,178.14,397.12,161,29,132,112,2024-01-13,Em Estoque,448,0.192,23514.48,52419.84,2.23,False,False
SKU-04529,Moletom Básico Dourado,Moda,Moletom,FORN-015,47,41.16,103.42,418,49,369,67,2025-03-09,Em Estoque,448,0.3217,15188.04,38161.98,2.51,False,False
SKU-04530,Pulseira Slim Rosa,Acessórios,Pulseira,FORN-026,58,248.23,465.54,465,80,385,31,2024-07-06,Em Estoque,448,0.1039,95568.55,179232.9,1.88,False,False
SKU-04531,Condicionador Slim Dourado,Beleza,Condicionador,FORN-058,54,46.3,128.67,0,0,0,116,2025-01-04,Ruptura,661,0.4744,0.0,0.0,2.78,True,False
SKU-04532,Pochete Edição Limitada Preto,Acessórios,Pochete,FORN-048,8,127.45,407.46,18,1,17,94,2025-12-25,Estoque Crítico,448,0.4861,2166.65,6926.82,3.2,True,False
SKU-04533,Sombra Delicado Verde,Beleza,Sombra,FORN-040,14,293.97,724.41,466,14,452,110,2023-09-28,Em Estoque,488,0.2776,132874.44,327433.32,2.46,False,False
SKU-04534,Mochila Premium Prata,Acessórios,Mochila,FORN-086,10,345.2,1050.34,156,27,129,16,2023-07-07,Em Estoque,448,0.4408,44530.8,135493.86,3.04,False,False
SKU-04535,Moletom Edição Limitada Bege,Moda,Moletom,FORN-019,12,57.43,149.01,867,114,753,114,2024-12-11,Em Estoque,448,0.21,43244.79,112204.53,2.59,False,False
SKU-04536,Camisa Social Premium Vermelho,Moda,Camisa Social,FORN-088,5,373.97,1138.79,509,41,468,59,2024-06-23,Em Estoque,448,0.0385,175017.96,532953.72,3.05,False,False
SKU-04537,Legging Edição Limitada Vermelho,Moda,Legging,FORN-046,60,258.92,586.89,28,2,26,111,2023-12-22,Estoque Crítico,448,0.3708,6731.92,15259.14,2.27,True,False
SKU-04538,Jaqueta Slim Nude,Moda,Jaqueta,FORN-091,53,329.5,706.11,1105,134,971,32,2024-07-09,Em Estoque,448,0.4543,319944.5,685632.81,2.14,False,False
SKU-04539,Creme Hidratante Delicado Prata,Beleza,Creme Hidratante,FORN-082,47,29.8,76.07,471,87,384,132,2025-02-18,Em Estoque,197,0.2461,11443.2,29210.88,2.55,False,False
SKU-04540,Top Moderno Branco,Moda,Top,FORN-045,11,310.4,978.1,9,0,9,20,2025-06-03,Estoque Crítico,448,0.3001,2793.6,8802.9,3.15,True,False
SKU-04541,Top Edição Limitada Preto,Moda,Top,FORN-051,14,172.99,327.37,632,154,478,103,2024-12-19,Em Estoque,448,0.0224,82689.22,156482.86,1.89,False,False
SKU-04542,Regata Luxo Nude,Moda,Regata,FORN-057,10,220.61,428.13,709,7,702,76,2023-05-25,Em Estoque,448,0.4659,154868.22,300547.26,1.94,False,False
SKU-04543,Moletom Urban Branco,Moda,Moletom,FORN-026,45,171.0,363.31,538,146,392,117,2023-11-26,Em Estoque,448,0.4216,67032.0,142417.52,2.12,False,False
SKU-04544,Regata Delicado Preto,Moda,Regata,FORN-066,13,368.8,775.65,668,67,601,143,2025-12-16,Em Estoque,448,0.3545,221648.8,466165.65,2.1,False,False
SKU-04545,Legging Luxo Preto,Moda,Legging,FORN-022,54,310.01,616.96,620,137,483,46,2024-10-23,Em Estoque,448,0.335,149734.83,297991.68,1.99,False,False
SKU-04546,Almofada Urban Rosa,Lifestyle,Almofada,FORN-044,13,364.08,1094.46,316,2,314,97,2025-08-26,Em Estoque,448,0.032,114321.12,343660.44,3.01,False,False
SKU-04547,Legging Artesanal Verde,Moda,Legging,FORN-017,57,48.48,99.07,361,56,305,142,2023-05-12,Em Estoque,448,0.2015,14786.4,30216.35,2.04,False,False
SKU-04548,Jaqueta Premium Verde,Moda,Jaqueta,FORN-015,49,216.41,375.27,200,39,161,121,2023-02-15,Em Estoque,448,0.3773,34842.01,60418.47,1.73,False,False
SKU-04549,Regata Luxo Verde,Moda,Regata,FORN-051,13,259.12,578.14,782,114,668,20,2025-12-21,Em Estoque,448,0.3969,173092.16,386197.52,2.23,False,False
SKU-04550,Camiseta Luxo Azul,Moda,Camiseta,FORN-035,8,65.4,193.45,157,12,145,92,2024-03-04,Em Estoque,448,0.1317,9483.0,28050.25,2.96,False,False
SKU-04551,Blusa de Tricô Sustentável Branco,Moda,Blusa de Tricô,FORN-100,50,26.3,83.52,499,32,467,27,2023-11-18,Em Estoque,448,0.1906,12282.1,39003.84,3.18,False,False
SKU-04552,Camisa Social Sustentável Bege,Moda,Camisa Social,FORN-086,15,214.24,354.17,258,39,219,93,2023-02-22,Em Estoque,448,0.2357,46918.56,77563.23,1.65,False,False
SKU-04553,Sombra Premium Dourado,Beleza,Sombra,FORN-004,45,310.95,832.61,197,2,195,150,2025-07-15,Em Estoque,510,0.492,60635.25,162358.95,2.68,False,False
SKU-04554,Protetor Solar Slim Verde,Beleza,Protetor Solar,FORN-084,12,369.62,831.79,344,14,330,102,2025-11-27,Em Estoque,431,0.1953,121974.6,274490.7,2.25,False,False
SKU-04555,Base Líquida Premium Branco,Beleza,Base Líquida,FORN-032,15,82.18,140.63,97,0,97,68,2024-08-06,Em Estoque,469,0.2211,7971.46,13641.11,1.71,False,False
SKU-04556,Bolsa de Couro Exclusivo Branco,Acessórios,Bolsa de Couro,FORN-053,14,391.87,750.96,14,1,13,79,2023-01-13,Estoque Crítico,448,0.0738,5094.31,9762.48,1.92,True,False
SKU-04557,Caderno Sport Prata,Lifestyle,Caderno,FORN-096,5,124.33,256.99,483,141,342,94,2023-11-03,Em Estoque,448,0.2632,42520.86,87890.58,2.07,False,False
SKU-04558,Protetor Solar Artesanal Bege,Beleza,Protetor Solar,FORN-010,47,353.29,1011.64,324,48,276,136,2025-06-17,Em Estoque,450,0.194,97508.04,279212.64,2.86,False,False
SKU-04559,Pochete Edição Limitada Vermelho,Acessórios,Pochete,FORN-068,7,253.98,428.5,13,3,10,63,2024-01-08,Estoque Crítico,448,0.4504,2539.8,4285.0,1.69,True,False
SKU-04560,Pochete Slim Vermelho,Acessórios,Pochete,FORN-035,8,212.88,456.98,268,66,202,52,2024-11-15,Descontinuado,448,0.1336,43001.76,92309.96,2.15,False,True
SKU-04561,Caderno Delicado Verde,Lifestyle,Caderno,FORN-033,50,232.04,507.6,262,69,193,132,2025-05-06,Em Estoque,448,0.2911,44783.72,97966.8,2.19,False,False
SKU-04562,Regata Premium Verde,Moda,Regata,FORN-100,54,280.7,653.58,604,67,537,140,2025-09-08,Descontinuado,448,0.0609,150735.9,350972.46,2.33,False,True
SKU-04563,Luminária Luxo Preto,Lifestyle,Luminária,FORN-069,5,313.18,735.97,404,91,313,66,2025-04-22,Em Estoque,448,0.2954,98025.34,230358.61,2.35,False,False
SKU-04564,Mochila Sustentável Vermelho,Acessórios,Mochila,FORN-002,5,347.46,947.43,92,15,77,20,2025-09-08,Em Estoque,448,0.2062,26754.42,72952.11,2.73,False,False
SKU-04565,Colar Sport Prata,Acessórios,Colar,FORN-081,54,260.13,700.02,110,32,78,12,2025-06-07,Em Estoque,448,0.2061,20290.14,54601.56,2.69,False,False
SKU-04566,Top Básico Vermelho,Moda,Top,FORN-064,13,35.48,101.09,795,113,682,25,2024-11-22,Em Estoque,448,0.1557,24197.36,68943.38,2.85,False,False
SKU-04567,Vestido Artesanal Bege,Moda,Vestido,FORN-048,13,90.83,183.41,110,0,110,124,2024-06-19,Estoque Crítico,448,0.0873,9991.3,20175.1,2.02,True,False
SKU-04568,Espelho de Mesa Moderno Branco,Lifestyle,Espelho de Mesa,FORN-100,46,151.7,458.45,199,49,150,143,2024-10-24,Em Estoque,448,0.1906,22755.0,68767.5,3.02,False,False
SKU-04569,Creme Hidratante Luxo Branco,Beleza,Creme Hidratante,FORN-050,55,298.62,507.67,0,0,0,125,2024-11-23,Ruptura,514,0.2012,0.0,0.0,1.7,True,False
SKU-04570,Vestido Edição Limitada Bege,Moda,Vestido,FORN-036,11,102.88,316.69,184,21,163,136,2025-12-14,Em Estoque,448,0.1171,16769.44,51620.47,3.08,False,False
SKU-04571,Batom Edição Limitada Vermelho,Beleza,Batom,FORN-059,8,182.08,518.25,112,9,103,34,2023-11-22,Em Estoque,463,0.1614,18754.24,53379.75,2.85,False,False
SKU-04572,Óleo Corporal Slim Dourado,Beleza,Óleo Corporal,FORN-079,14,383.52,1139.92,152,16,136,35,2025-11-12,Em Estoque,600,0.2568,52158.72,155029.12,2.97,False,False
SKU-04573,Kit Chá Sport Vermelho,Lifestyle,Kit Chá,FORN-019,13,243.66,412.56,73,7,66,134,2023-01-12,Estoque Crítico,448,0.2965,16081.56,27228.96,1.69,True,False
SKU-04574,Vestido Moderno Azul,Moda,Vestido,FORN-089,14,213.65,436.34,725,38,687,135,2023-03-09,Em Estoque,448,0.455,146777.55,299765.58,2.04,False,False
SKU-04575,Óleo Corporal Exclusivo Branco,Beleza,Óleo Corporal,FORN-014,11,70.91,178.51,470,114,356,26,2025-06-03,Em Estoque,632,0.2213,25243.96,63549.56,2.52,False,False
SKU-04576,Luminária Moderno Branco,Lifestyle,Luminária,FORN-089,10,253.87,486.77,25,6,19,46,2025-12-15,Estoque Crítico,448,0.2562,4823.53,9248.63,1.92,True,False
SKU-04577,Condicionador Básico Branco,Beleza,Condicionador,FORN-067,47,235.08,586.21,0,0,0,81,2025-11-09,Ruptura,313,0.2174,0.0,0.0,2.49,True,False
SKU-04578,Vela Aromática Urban Prata,Lifestyle,Vela Aromática,FORN-029,55,271.44,824.12,277,72,205,128,2024-11-21,Em Estoque,448,0.3231,55645.2,168944.6,3.04,False,False
SKU-04579,Regata Delicado Verde,Moda,Regata,FORN-100,54,80.48,128.95,625,160,465,74,2025-03-17,Em Estoque,448,0.4631,37423.2,59961.75,1.6,False,False
SKU-04580,Luminária Sustentável Verde,Lifestyle,Luminária,FORN-030,13,175.55,438.33,39,4,35,97,2025-04-25,Estoque Crítico,448,0.2963,6144.25,15341.55,2.5,True,False
SKU-04581,Shorts Luxo Branco,Moda,Shorts,FORN-026,51,205.6,390.84,177,42,135,87,2023-09-04,Em Estoque,448,0.1503,27756.0,52763.4,1.9,False,False
SKU-04582,Camisa Social Premium Bege,Moda,Camisa Social,FORN-004,54,73.38,172.3,365,13,352,42,2023-06-16,Em Estoque,448,0.2539,25829.76,60649.6,2.35,False,False
SKU-04583,Almofada Sport Rosa,Lifestyle,Almofada,FORN-092,50,234.17,536.99,412,21,391,13,2024-03-22,Em Estoque,448,0.2242,91560.47,209963.09,2.29,False,False
SKU-04584,Camisa Social Premium Vermelho,Moda,Camisa Social,FORN-021,54,182.14,510.82,155,4,151,42,2023-06-13,Em Estoque,448,0.1459,27503.14,77133.82,2.8,False,False
SKU-04585,Condicionador Clássico Nude,Beleza,Condicionador,FORN-020,46,181.06,557.23,133,23,110,116,2025-11-14,Estoque Crítico,235,0.4612,19916.6,61295.3,3.08,True,False
SKU-04586,Sérum Facial Sustentável Preto,Beleza,Sérum Facial,FORN-009,5,235.07,720.23,486,95,391,103,2024-06-08,Em Estoque,721,0.4761,91912.37,281609.93,3.06,False,False
SKU-04587,Blusa de Tricô Delicado Dourado,Moda,Blusa de Tricô,FORN-072,9,281.36,656.78,105,4,101,99,2025-11-13,Em Estoque,448,0.3444,28417.36,66334.78,2.33,False,False
SKU-04588,Kit Chá Luxo Prata,Lifestyle,Kit Chá,FORN-011,13,232.89,671.36,469,129,340,32,2024-09-19,Em Estoque,448,0.2647,79182.6,228262.4,2.88,False,False
SKU-04589,Óculos de Sol Moderno Nude,Acessórios,Óculos de Sol,FORN-027,12,216.97,366.95,331,59,272,27,2025-06-16,Em Estoque,448,0.4292,59015.84,99810.4,1.69,False,False
SKU-04590,Óculos de Sol Delicado Branco,Acessórios,Óculos de Sol,FORN-002,5,334.83,674.14,249,8,241,84,2023-07-21,Em Estoque,448,0.2172,80694.03,162467.74,2.01,False,False
SKU-04591,Camisa Social Premium Preto,Moda,Camisa Social,FORN-025,12,370.15,1118.6,426,16,410,87,2024-04-19,Em Estoque,448,0.0717,151761.5,458626.0,3.02,False,False
SKU-04592,Cinto Slim Bege,Acessórios,Cinto,FORN-028,12,322.53,777.32,228,54,174,45,2023-02-24,Em Estoque,448,0.1383,56120.22,135253.68,2.41,False,False
SKU-04593,Calça Jeans Clássico Vermelho,Moda,Calça Jeans,FORN-088,5,304.08,916.22,722,40,682,42,2024-07-19,Em Estoque,448,0.1177,207382.56,624862.04,3.01,False,False
SKU-04594,Calça Jeans Moderno Rosa,Moda,Calça Jeans,FORN-019,6,115.56,279.09,511,7,504,47,2025-10-17,Em Estoque,448,0.0664,58242.24,140661.36,2.42,False,False
SKU-04595,Base Líquida Exclusivo Preto,Beleza,Base Líquida,FORN-026,48,243.47,657.41,278,42,236,59,2024-10-03,Em Estoque,696,0.0942,57458.92,155148.76,2.7,False,False
SKU-04596,Blush Sport Rosa,Beleza,Blush,FORN-058,49,132.87,358.33,457,31,426,143,2024-09-04,Em Estoque,303,0.3943,56602.62,152648.58,2.7,False,False
SKU-04597,Vestido Exclusivo Prata,Moda,Vestido,FORN-021,52,255.13,695.43,468,23,445,62,2025-08-02,Em Estoque,448,0.1601,113532.85,309466.35,2.73,False,False
SKU-04598,Vela Aromática Delicado Verde,Lifestyle,Vela Aromática,FORN-089,9,204.79,442.96,93,9,84,38,2023-07-27,Em Estoque,448,0.4064,17202.36,37208.64,2.16,False,False
SKU-04599,Vestido Sport Rosa,Moda,Vestido,FORN-075,48,125.42,221.77,706,25,681,130,2025-08-17,Em Estoque,448,0.2484,85411.02,151025.37,1.77,False,False
SKU-04600,Protetor Solar Sport Vermelho,Beleza,Protetor Solar,FORN-002,5,124.86,354.75,160,48,112,87,2024-08-20,Em Estoque,688,0.4309,13984.32,39732.0,2.84,False,False
SKU-04601,Jaqueta Sustentável Azul,Moda,Jaqueta,FORN-022,57,342.61,925.44,550,65,485,89,2024-10-16,Em Estoque,448,0.0611,166165.85,448838.4,2.7,False,False
SKU-04602,Mochila Artesanal Verde,Acessórios,Mochila,FORN-010,54,266.7,698.6,123,26,97,51,2023-01-19,Em Estoque,448,0.0728,25869.9,67764.2,2.62,False,False
SKU-04603,Regata Oversize Azul,Moda,Regata,FORN-040,5,71.08,168.83,17,4,13,100,2023-09-26,Estoque Crítico,448,0.3534,924.04,2194.79,2.38,True,False
SKU-04604,Batom Urban Rosa,Beleza,Batom,FORN-005,47,98.02,291.99,0,0,0,110,2024-09-26,Ruptura,407,0.4527,0.0,0.0,2.98,True,False
SKU-04605,Máscara de Cílios Slim Vermelho,Beleza,Máscara de Cílios,FORN-009,5,145.75,446.87,322,76,246,72,2023-09-01,Em Estoque,487,0.3886,35854.5,109930.02,3.07,False,False
SKU-04606,Sérum Facial Oversize Preto,Beleza,Sérum Facial,FORN-095,10,318.01,678.48,139,38,101,13,2024-01-08,Em Estoque,609,0.3171,32119.01,68526.48,2.13,False,False
SKU-04607,Pochete Premium Vermelho,Acessórios,Pochete,FORN-010,45,269.58,448.4,394,76,318,35,2024-02-20,Em Estoque,448,0.1231,85726.44,142591.2,1.66,False,False
SKU-04608,Calça Jeans Sustentável Dourado,Moda,Calça Jeans,FORN-096,9,22.31,57.66,537,147,390,123,2024-11-07,Em Estoque,448,0.3406,8700.9,22487.4,2.58,False,False
SKU-04609,Legging Luxo Rosa,Moda,Legging,FORN-042,47,180.0,349.79,249,67,182,43,2025-09-08,Em Estoque,448,0.3951,32760.0,63661.78,1.94,False,False
SKU-04610,Sérum Facial Premium Nude,Beleza,Sérum Facial,FORN-059,9,342.41,1013.61,282,70,212,116,2025-03-25,Em Estoque,682,0.3654,72590.92,214885.32,2.96,False,False
SKU-04611,Base Líquida Artesanal Prata,Beleza,Base Líquida,FORN-070,59,332.73,869.83,351,24,327,23,2025-08-11,Em Estoque,664,0.4146,108802.71,284434.41,2.61,False,False
SKU-04612,Esfoliante Básico Vermelho,Beleza,Esfoliante,FORN-041,13,115.82,323.05,100,26,74,11,2023-12-28,Em Estoque,344,0.0829,8570.68,23905.7,2.79,False,False
SKU-04613,Batom Clássico Preto,Beleza,Batom,FORN-054,58,205.48,531.32,256,30,226,116,2023-10-21,Em Estoque,209,0.0916,46438.48,120078.32,2.59,False,False
SKU-04614,Esfoliante Sport Bege,Beleza,Esfoliante,FORN-077,57,96.47,270.26,351,0,351,55,2024-05-25,Em Estoque,337,0.4168,33860.97,94861.26,2.8,False,False
SKU-04615,Vela Aromática Moderno Branco,Lifestyle,Vela Aromática,FORN-045,6,258.73,480.69,380,55,325,90,2025-09-03,Em Estoque,448,0.2214,84087.25,156224.25,1.86,False,False
SKU-04616,Top Urban Bege,Moda,Top,FORN-045,12,221.87,505.59,425,32,393,66,2023-06-23,Em Estoque,448,0.4211,87194.91,198696.87,2.28,False,False
SKU-04617,Camiseta Premium Branco,Moda,Camiseta,FORN-082,47,224.99,398.5,189,15,174,14,2024-04-17,Em Estoque,448,0.4126,39148.26,69339.0,1.77,False,False
SKU-04618,Sérum Facial Luxo Branco,Beleza,Sérum Facial,FORN-081,49,83.25,151.34,0,0,0,116,2024-03-27,Ruptura,259,0.0168,0.0,0.0,1.82,True,False
SKU-04619,Almofada Oversize Bege,Lifestyle,Almofada,FORN-007,10,287.47,475.79,470,20,450,27,2025-11-24,Em Estoque,448,0.1615,129361.5,214105.5,1.66,False,False
SKU-04620,Blusa de Tricô Urban Branco,Moda,Blusa de Tricô,FORN-011,6,338.1,1001.98,1116,155,961,37,2023-03-24,Em Estoque,448,0.0307,324914.1,962902.78,2.96,False,False
SKU-04621,Vestido Exclusivo Dourado,Moda,Vestido,FORN-100,55,42.79,104.15,404,5,399,59,2025-01-19,Em Estoque,448,0.2793,17073.21,41555.85,2.43,False,False
SKU-04622,Kit Skincare Básico Rosa,Beleza,Kit Skincare,FORN-078,8,207.28,627.98,55,2,53,18,2024-06-04,Em Estoque,441,0.1913,10985.84,33282.94,3.03,False,False
SKU-04623,Condicionador Básico Dourado,Beleza,Condicionador,FORN-041,11,44.4,111.25,284,29,255,85,2025-12-08,Em Estoque,246,0.4085,11322.0,28368.75,2.51,False,False
SKU-04624,Protetor Solar Edição Limitada Bege,Beleza,Protetor Solar,FORN-039,12,253.36,655.76,28,5,23,56,2023-11-07,Estoque Crítico,495,0.2388,5827.28,15082.48,2.59,True,False
SKU-04625,Camisa Social Luxo Branco,Moda,Camisa Social,FORN-062,13,93.43,258.79,196,24,172,79,2023-11-21,Em Estoque,448,0.2642,16069.96,44511.88,2.77,False,False
SKU-04626,Regata Básico Branco,Moda,Regata,FORN-070,56,153.09,361.33,482,113,369,125,2024-08-14,Em Estoque,448,0.2173,56490.21,133330.77,2.36,False,False
SKU-04627,Saia Básico Preto,Moda,Saia,FORN-091,57,59.3,98.08,176,2,174,73,2023-08-07,Em Estoque,448,0.3672,10318.2,17065.92,1.65,False,False
SKU-04628,Moletom Exclusivo Bege,Moda,Moletom,FORN-065,6,142.31,416.58,478,2,476,129,2025-09-13,Em Estoque,448,0.4596,67739.56,198292.08,2.93,False,False
SKU-04629,Sérum Facial Premium Prata,Beleza,Sérum Facial,FORN-041,8,119.03,279.26,161,3,158,122,2024-09-04,Em Estoque,493,0.1193,18806.74,44123.08,2.35,False,False
SKU-04630,Creme Hidratante Edição Limitada Nude,Beleza,Creme Hidratante,FORN-022,57,171.57,388.18,0,0,0,34,2025-12-17,Ruptura,413,0.2676,0.0,0.0,2.26,True,False
SKU-04631,Pulseira Slim Nude,Acessórios,Pulseira,FORN-083,9,380.73,803.4,172,11,161,50,2024-08-16,Em Estoque,448,0.2275,61297.53,129347.4,2.11,False,False
SKU-04632,Regata Artesanal Nude,Moda,Regata,FORN-083,11,64.6,187.04,609,26,583,39,2023-11-21,Em Estoque,448,0.223,37661.8,109044.32,2.9,False,False
SKU-04633,Planta Artificial Sustentável Nude,Lifestyle,Planta Artificial,FORN-060,15,289.18,759.3,296,21,275,71,2023-10-02,Em Estoque,448,0.2259,79524.5,208807.5,2.63,False,False
SKU-04634,Óleo Corporal Exclusivo Rosa,Beleza,Óleo Corporal,FORN-007,5,250.32,402.65,212,23,189,94,2023-10-25,Em Estoque,573,0.3337,47310.48,76100.85,1.61,False,False
SKU-04635,Camiseta Edição Limitada Prata,Moda,Camiseta,FORN-073,45,375.76,1141.2,372,93,279,50,2025-09-25,Em Estoque,448,0.2281,104837.04,318394.8,3.04,False,False
SKU-04636,Perfume Slim Preto,Beleza,Perfume,FORN-057,15,24.2,72.93,297,3,294,54,2024-02-14,Em Estoque,286,0.2484,7114.8,21441.42,3.01,False,False
SKU-04637,Pulseira Sustentável Nude,Acessórios,Pulseira,FORN-082,59,309.27,510.75,433,3,430,94,2023-04-25,Em Estoque,448,0.3379,132986.1,219622.5,1.65,False,False
SKU-04638,Calça Jeans Luxo Prata,Moda,Calça Jeans,FORN-055,54,190.28,383.11,381,40,341,21,2023-04-03,Em Estoque,448,0.2255,64885.48,130640.51,2.01,False,False
SKU-04639,Meias Slim Rosa,Acessórios,Meias,FORN-063,6,344.92,1055.68,183,3,180,65,2024-02-11,Em Estoque,448,0.3541,62085.6,190022.4,3.06,False,False
SKU-04640,Saia Slim Prata,Moda,Saia,FORN-066,8,358.62,659.27,456,20,436,46,2023-03-23,Em Estoque,448,0.4495,156358.32,287441.72,1.84,False,False
SKU-04641,Óculos de Sol Edição Limitada Bege,Acessórios,Óculos de Sol,FORN-007,12,270.55,727.06,217,60,157,103,2025-08-11,Em Estoque,448,0.0529,42476.35,114148.42,2.69,False,False
SKU-04642,Luminária Artesanal Dourado,Lifestyle,Luminária,FORN-019,10,25.97,42.68,434,119,315,72,2024-06-26,Em Estoque,448,0.4016,8180.55,13444.2,1.64,False,False
SKU-04643,Kit Skincare Slim Nude,Beleza,Kit Skincare,FORN-090,7,343.61,912.0,61,11,50,37,2023-01-21,Em Estoque,685,0.2568,17180.5,45600.0,2.65,False,False
SKU-04644,Jaqueta Oversize Dourado,Moda,Jaqueta,FORN-010,46,244.59,468.48,789,184,605,38,2024-07-12,Em Estoque,448,0.2541,147976.95,283430.4,1.92,False,False
SKU-04645,Perfume Delicado Azul,Beleza,Perfume,FORN-060,11,391.51,890.11,332,89,243,125,2023-03-12,Em Estoque,236,0.4461,95136.93,216296.73,2.27,False,False
SKU-04646,Shorts Artesanal Azul,Moda,Shorts,FORN-079,6,325.06,769.05,829,68,761,24,2025-04-09,Em Estoque,448,0.1373,247370.66,585247.05,2.37,False,False
SKU-04647,Camiseta Clássico Prata,Moda,Camiseta,FORN-067,55,281.36,833.2,607,21,586,24,2025-08-15,Em Estoque,448,0.1576,164876.96,488255.2,2.96,False,False
SKU-04648,Sombra Urban Azul,Beleza,Sombra,FORN-041,12,241.1,710.85,424,17,407,147,2024-09-07,Em Estoque,189,0.2344,98127.7,289315.95,2.95,False,False
SKU-04649,Planta Artificial Sport Vermelho,Lifestyle,Planta Artificial,FORN-043,9,108.67,174.45,62,4,58,110,2025-10-06,Estoque Crítico,448,0.263,6302.86,10118.1,1.61,True,False
SKU-04650,Máscara de Cílios Clássico Rosa,Beleza,Máscara de Cílios,FORN-074,59,174.84,546.39,399,86,313,66,2024-09-16,Em Estoque,224,0.0492,54724.92,171020.07,3.13,False,False
SKU-04651,Legging Artesanal Prata,Moda,Legging,FORN-055,49,119.21,228.37,126,31,95,37,2025-03-25,Em Estoque,448,0.0681,11324.95,21695.15,1.92,False,False
SKU-04652,Carteira Sport Preto,Acessórios,Carteira,FORN-052,53,175.5,517.15,452,111,341,101,2024-06-18,Em Estoque,448,0.1424,59845.5,176348.15,2.95,False,False
SKU-04653,Kit Skincare Básico Preto,Beleza,Kit Skincare,FORN-028,12,121.47,377.31,99,13,86,86,2024-07-16,Estoque Crítico,255,0.0806,10446.42,32448.66,3.11,False,False
SKU-04654,Vestido Slim Nude,Moda,Vestido,FORN-071,12,184.38,558.07,76,15,61,44,2023-11-08,Em Estoque,448,0.4882,11247.18,34042.27,3.03,False,False
SKU-04655,Espelho de Mesa Básico Azul,Lifestyle,Espelho de Mesa,FORN-075,57,219.68,436.46,302,89,213,22,2023-09-06,Em Estoque,448,0.2171,46791.84,92965.98,1.99,False,False
SKU-04656,Porta-Retrato Delicado Preto,Lifestyle,Porta-Retrato,FORN-064,6,312.64,821.92,110,23,87,17,2025-12-08,Em Estoque,448,0.2069,27199.68,71507.04,2.63,False,False
SKU-04657,Espelho de Mesa Slim Nude,Lifestyle,Espelho de Mesa,FORN-037,14,73.49,183.49,218,60,158,133,2024-05-16,Em Estoque,448,0.4788,11611.42,28991.42,2.5,False,False
SKU-04658,Calça Jeans Artesanal Verde,Moda,Calça Jeans,FORN-047,9,234.94,728.83,553,40,513,126,2025-07-02,Em Estoque,448,0.46,120524.22,373889.79,3.1,False,False
SKU-04659,Regata Básico Dourado,Moda,Regata,FORN-064,6,204.7,453.69,599,73,526,79,2024-03-21,Em Estoque,448,0.0949,107672.2,238640.94,2.22,False,False
SKU-04660,Máscara de Cílios Slim Dourado,Beleza,Máscara de Cílios,FORN-006,45,137.91,349.72,336,47,289,92,2025-12-09,Em Estoque,298,0.0834,39855.99,101069.08,2.54,False,False
SKU-04661,Jaqueta Básico Vermelho,Moda,Jaqueta,FORN-072,5,223.97,494.76,544,62,482,131,2025-08-13,Em Estoque,448,0.4839,107953.54,238474.32,2.21,False,False
SKU-04662,Camisa Social Artesanal Nude,Moda,Camisa Social,FORN-069,8,239.46,594.24,718,155,563,23,2024-09-17,Em Estoque,448,0.0594,134815.98,334557.12,2.48,False,False
SKU-04663,Almofada Exclusivo Bege,Lifestyle,Almofada,FORN-036,11,333.87,898.85,453,29,424,27,2025-09-01,Em Estoque,448,0.363,141560.88,381112.4,2.69,False,False
SKU-04664,Sérum Facial Sport Preto,Beleza,Sérum Facial,FORN-055,48,305.43,782.86,0,0,0,135,2023-09-03,Ruptura,585,0.1234,0.0,0.0,2.56,True,False
SKU-04665,Relógio de Parede Sustentável Bege,Lifestyle,Relógio de Parede,FORN-010,56,33.92,61.2,201,4,197,112,2023-05-02,Em Estoque,448,0.1955,6682.24,12056.4,1.8,False,False
SKU-04666,Óleo Corporal Artesanal Preto,Beleza,Óleo Corporal,FORN-097,6,200.9,634.6,420,39,381,25,2025-01-03,Em Estoque,550,0.0133,76542.9,241782.6,3.16,False,False
SKU-04667,Protetor Solar Oversize Dourado,Beleza,Protetor Solar,FORN-071,6,129.64,238.81,241,62,179,16,2023-12-12,Em Estoque,713,0.248,23205.56,42746.99,1.84,False,False
SKU-04668,Cinto Exclusivo Azul,Acessórios,Cinto,FORN-076,50,245.8,750.51,421,30,391,138,2025-02-24,Em Estoque,448,0.3283,96107.8,293449.41,3.05,False,False
SKU-04669,Colar Urban Preto,Acessórios,Colar,FORN-008,60,115.77,324.85,197,10,187,147,2025-11-09,Em Estoque,448,0.4796,21648.99,60746.95,2.81,False,False
SKU-04670,Luminária Premium Azul,Lifestyle,Luminária,FORN-041,11,200.08,364.49,142,17,125,47,2024-08-06,Em Estoque,448,0.0795,25010.0,45561.25,1.82,False,False
SKU-04671,Blush Clássico Prata,Beleza,Blush,FORN-032,15,113.09,236.08,120,10,110,106,2023-11-22,Em Estoque,319,0.0758,12439.9,25968.8,2.09,False,False
SKU-04672,Batom Básico Dourado,Beleza,Batom,FORN-084,10,220.51,460.5,139,4,135,126,2023-01-20,Em Estoque,699,0.4011,29768.85,62167.5,2.09,False,False
SKU-04673,Planta Artificial Delicado Branco,Lifestyle,Planta Artificial,FORN-092,49,129.81,396.72,337,18,319,81,2023-03-20,Em Estoque,448,0.114,41409.39,126553.68,3.06,False,False
SKU-04674,Kit Chá Oversize Bege,Lifestyle,Kit Chá,FORN-018,52,76.6,215.8,112,31,81,77,2025-09-02,Em Estoque,448,0.4108,6204.6,17479.8,2.82,False,False
SKU-04675,Kit Skincare Moderno Vermelho,Beleza,Kit Skincare,FORN-057,12,222.77,652.41,141,22,119,97,2024-12-20,Em Estoque,459,0.3669,26509.63,77636.79,2.93,False,False
SKU-04676,Camisa Social Urban Dourado,Moda,Camisa Social,FORN-029,60,75.79,189.43,167,13,154,74,2025-04-07,Em Estoque,448,0.1771,11671.66,29172.22,2.5,False,False
SKU-04677,Pochete Urban Azul,Acessórios,Pochete,FORN-064,13,149.3,294.27,304,25,279,29,2023-07-11,Em Estoque,448,0.0734,41654.7,82101.33,1.97,False,False
SKU-04678,Colar Oversize Vermelho,Acessórios,Colar,FORN-089,14,163.71,500.4,429,113,316,18,2024-08-04,Em Estoque,448,0.2399,51732.36,158126.4,3.06,False,False
SKU-04679,Esfoliante Básico Prata,Beleza,Esfoliante,FORN-029,52,319.92,627.81,187,25,162,52,2025-11-26,Descontinuado,390,0.1683,51827.04,101705.22,1.96,False,True
SKU-04680,Base Líquida Delicado Preto,Beleza,Base Líquida,FORN-091,52,296.91,514.56,0,0,0,122,2023-11-05,Ruptura,311,0.067,0.0,0.0,1.73,True,False
SKU-04681,Saia Moderno Prata,Moda,Saia,FORN-023,7,259.68,737.35,40,6,34,147,2024-11-28,Estoque Crítico,448,0.4946,8829.12,25069.9,2.84,True,False
SKU-04682,Relógio de Parede Edição Limitada Vermelho,Lifestyle,Relógio de Parede,FORN-030,5,305.02,496.08,318,52,266,82,2025-09-14,Em Estoque,448,0.4613,81135.32,131957.28,1.63,False,False
SKU-04683,Planta Artificial Luxo Dourado,Lifestyle,Planta Artificial,FORN-041,11,233.07,409.69,86,19,67,94,2025-02-03,Estoque Crítico,448,0.4851,15615.69,27449.23,1.76,True,False
SKU-04684,Regata Slim Nude,Moda,Regata,FORN-084,8,219.89,418.68,14,1,13,47,2024-06-07,Estoque Crítico,448,0.0651,2858.57,5442.84,1.9,True,False
SKU-04685,Espelho de Mesa Slim Prata,Lifestyle,Espelho de Mesa,FORN-096,11,92.62,250.04,64,1,63,30,2023-12-25,Descontinuado,448,0.1988,5835.06,15752.52,2.7,False,True
SKU-04686,Jaqueta Moderno Bege,Moda,Jaqueta,FORN-031,14,282.62,629.46,500,142,358,106,2024-05-22,Em Estoque,448,0.4904,101177.96,225346.68,2.23,False,False
SKU-04687,Legging Edição Limitada Rosa,Moda,Legging,FORN-090,15,332.41,1023.49,341,18,323,59,2025-07-25,Em Estoque,448,0.4674,107368.43,330587.27,3.08,False,False
SKU-04688,Máscara de Cílios Edição Limitada Nude,Beleza,Máscara de Cílios,FORN-003,5,220.28,353.7,233,0,233,60,2023-03-14,Descontinuado,193,0.4138,51325.24,82412.1,1.61,False,True
SKU-04689,Perfume Slim Azul,Beleza,Perfume,FORN-073,47,96.46,306.44,317,58,259,72,2023-01-12,Em Estoque,406,0.0513,24983.14,79367.96,3.18,False,False
SKU-04690,Legging Premium Rosa,Moda,Legging,FORN-095,9,81.29,244.16,831,31,800,120,2023-02-01,Em Estoque,448,0.3111,65032.0,195328.0,3.0,False,False
SKU-04691,Sombra Luxo Prata,Beleza,Sombra,FORN-080,15,380.23,1041.78,87,2,85,42,2025-11-04,Descontinuado,550,0.3788,32319.55,88551.3,2.74,False,True
SKU-04692,Moletom Premium Nude,Moda,Moletom,FORN-063,13,134.94,320.0,26,2,24,18,2025-08-22,Em Estoque,448,0.2295,3238.56,7680.0,2.37,False,False
SKU-04693,Luminária Urban Azul,Lifestyle,Luminária,FORN-014,5,39.17,122.52,171,12,159,29,2025-12-28,Em Estoque,448,0.3547,6228.03,19480.68,3.13,False,False
SKU-04694,Vestido Moderno Vermelho,Moda,Vestido,FORN-042,52,82.48,142.46,493,45,448,98,2023-08-13,Em Estoque,448,0.0988,36951.04,63822.08,1.73,False,False
SKU-04695,Kit Chá Oversize Preto,Lifestyle,Kit Chá,FORN-075,53,364.78,1061.0,471,66,405,141,2023-02-16,Em Estoque,448,0.39,147735.9,429705.0,2.91,False,False
SKU-04696,Colar Sport Nude,Acessórios,Colar,FORN-028,11,23.45,74.65,203,5,198,121,2025-09-16,Em Estoque,448,0.3919,4643.1,14780.7,3.18,False,False
SKU-04697,Garrafa Térmica Sport Preto,Lifestyle,Garrafa Térmica,FORN-063,8,196.76,362.67,454,80,374,133,2024-09-09,Em Estoque,448,0.202,73588.24,135638.58,1.84,False,False
SKU-04698,Blush Luxo Preto,Beleza,Blush,FORN-014,8,319.33,824.95,279,13,266,11,2023-10-11,Em Estoque,712,0.0641,84941.78,219436.7,2.58,False,False
SKU-04699,Pulseira Moderno Verde,Acessórios,Pulseira,FORN-068,11,71.79,146.29,442,36,406,43,2023-05-25,Em Estoque,448,0.2095,29146.74,59393.74,2.04,False,False
SKU-04700,Calça Jeans Slim Rosa,Moda,Calça Jeans,FORN-019,8,359.74,784.68,399,96,303,122,2024-07-01,Em Estoque,448,0.2025,109001.22,237758.04,2.18,False,False
SKU-04701,Máscara de Cílios Oversize Branco,Beleza,Máscara de Cílios,FORN-063,9,110.48,207.26,14,4,10,89,2023-10-18,Estoque Crítico,704,0.466,1104.8,2072.6,1.88,True,False
SKU-04702,Meias Artesanal Preto,Acessórios,Meias,FORN-032,6,185.4,418.83,199,27,172,142,2023-03-27,Em Estoque,448,0.3328,31888.8,72038.76,2.26,False,False
SKU-04703,Kit Chá Slim Prata,Lifestyle,Kit Chá,FORN-045,6,259.33,457.55,423,113,310,118,2025-12-23,Em Estoque,448,0.0745,80392.3,141840.5,1.76,False,False
SKU-04704,Condicionador Delicado Vermelho,Beleza,Condicionador,FORN-083,13,143.88,389.23,233,48,185,118,2024-07-19,Em Estoque,623,0.1844,26617.8,72007.55,2.71,False,False
SKU-04705,Relógio de Parede Premium Bege,Lifestyle,Relógio de Parede,FORN-071,7,199.79,620.5,357,38,319,115,2025-05-23,Em Estoque,448,0.1667,63733.01,197939.5,3.11,False,False
SKU-04706,Blusa de Tricô Sustentável Vermelho,Moda,Blusa de Tricô,FORN-032,9,132.07,306.86,571,10,561,22,2023-04-16,Em Estoque,448,0.2563,74091.27,172148.46,2.32,False,False
SKU-04707,Máscara de Cílios Sport Prata,Beleza,Máscara de Cílios,FORN-010,52,204.32,547.68,88,24,64,21,2024-07-24,Em Estoque,500,0.08,13076.48,35051.52,2.68,False,False
SKU-04708,Relógio de Parede Premium Verde,Lifestyle,Relógio de Parede,FORN-061,49,163.63,391.39,293,70,223,59,2023-01-05,Em Estoque,448,0.0254,36489.49,87279.97,2.39,False,False
SKU-04709,Jaqueta Moderno Preto,Moda,Jaqueta,FORN-063,12,234.53,381.91,28,2,26,32,2024-04-06,Estoque Crítico,448,0.1238,6097.78,9929.66,1.63,True,False
SKU-04710,Sérum Facial Luxo Nude,Beleza,Sérum Facial,FORN-079,10,160.79,259.79,410,54,356,51,2024-02-18,Em Estoque,573,0.1007,57241.24,92485.24,1.62,False,False
SKU-04711,Óleo Corporal Slim Rosa,Beleza,Óleo Corporal,FORN-096,13,40.46,89.92,456,97,359,79,2025-07-05,Em Estoque,213,0.333,14525.14,32281.28,2.22,False,False
SKU-04712,Meias Edição Limitada Verde,Acessórios,Meias,FORN-009,11,152.26,275.85,205,20,185,74,2024-04-16,Descontinuado,448,0.083,28168.1,51032.25,1.81,False,True
SKU-04713,Almofada Básico Verde,Lifestyle,Almofada,FORN-019,8,230.87,531.37,410,96,314,145,2024-01-25,Descontinuado,448,0.2842,72493.18,166850.18,2.3,False,True
SKU-04714,Blusa de Tricô Premium Vermelho,Moda,Blusa de Tricô,FORN-082,51,326.15,848.25,611,131,480,39,2023-04-11,Em Estoque,448,0.473,156552.0,407160.0,2.6,False,False
SKU-04715,Cinto Moderno Vermelho,Acessórios,Cinto,FORN-006,57,78.74,152.01,500,105,395,24,2023-11-26,Descontinuado,448,0.2496,31102.3,60043.95,1.93,False,True
SKU-04716,Blush Moderno Vermelho,Beleza,Blush,FORN-054,46,111.94,256.9,311,82,229,123,2024-01-15,Descontinuado,573,0.3224,25634.26,58830.1,2.29,False,True
SKU-04717,Blusa de Tricô Oversize Nude,Moda,Blusa de Tricô,FORN-098,52,300.99,762.79,285,24,261,80,2024-10-23,Em Estoque,448,0.3268,78558.39,199088.19,2.53,False,False
SKU-04718,Óleo Corporal Artesanal Preto,Beleza,Óleo Corporal,FORN-024,59,251.61,628.58,77,13,64,54,2023-06-11,Em Estoque,491,0.4407,16103.04,40229.12,2.5,False,False
SKU-04719,Shorts Sport Verde,Moda,Shorts,FORN-082,46,218.11,681.45,39,0,39,69,2024-04-09,Estoque Crítico,448,0.0076,8506.29,26576.55,3.12,True,False
SKU-04720,Sombra Delicado Vermelho,Beleza,Sombra,FORN-011,11,234.98,422.34,475,50,425,73,2024-04-10,Em Estoque,356,0.2675,99866.5,179494.5,1.8,False,False
SKU-04721,Jaqueta Moderno Bege,Moda,Jaqueta,FORN-095,11,117.95,239.08,383,12,371,113,2024-10-09,Em Estoque,448,0.0489,43759.45,88698.68,2.03,False,False
SKU-04722,Vestido Urban Prata,Moda,Vestido,FORN-053,13,63.09,199.5,822,119,703,87,2025-01-21,Em Estoque,448,0.4137,44352.27,140248.5,3.16,False,False
SKU-04723,Calça Jeans Sustentável Nude,Moda,Calça Jeans,FORN-089,5,180.96,483.3,555,25,530,45,2024-08-28,Em Estoque,448,0.0163,95908.8,256149.0,2.67,False,False
SKU-04724,Planta Artificial Sport Bege,Lifestyle,Planta Artificial,FORN-019,9,366.91,930.19,358,56,302,27,2024-08-02,Em Estoque,448,0.2446,110806.82,280917.38,2.54,False,False
SKU-04725,Óleo Corporal Premium Preto,Beleza,Óleo Corporal,FORN-100,45,89.37,159.17,291,57,234,124,2025-07-10,Em Estoque,497,0.3451,20912.58,37245.78,1.78,False,False
SKU-04726,Sérum Facial Básico Vermelho,Beleza,Sérum Facial,FORN-044,11,46.35,97.18,210,17,193,95,2024-10-12,Em Estoque,560,0.0342,8945.55,18755.74,2.1,False,False
SKU-04727,Porta-Retrato Exclusivo Preto,Lifestyle,Porta-Retrato,FORN-023,11,364.71,1042.63,417,110,307,80,2023-03-27,Em Estoque,448,0.481,111965.97,320087.41,2.86,False,False
SKU-04728,Shorts Edição Limitada Nude,Moda,Shorts,FORN-063,13,150.65,270.52,432,18,414,80,2025-01-21,Em Estoque,448,0.3672,62369.1,111995.28,1.8,False,False
SKU-04729,Blusa de Tricô Urban Prata,Moda,Blusa de Tricô,FORN-005,46,303.16,799.85,460,35,425,33,2024-02-09,Em Estoque,448,0.0678,128843.0,339936.25,2.64,False,False
SKU-04730,Chapéu Premium Verde,Acessórios,Chapéu,FORN-067,54,45.65,145.94,489,100,389,53,2024-11-28,Em Estoque,448,0.106,17757.85,56770.66,3.2,False,False
SKU-04731,Almofada Artesanal Rosa,Lifestyle,Almofada,FORN-055,45,197.13,337.16,261,20,241,96,2023-02-19,Em Estoque,448,0.2725,47508.33,81255.56,1.71,False,False
SKU-04732,Vestido Clássico Nude,Moda,Vestido,FORN-028,6,381.61,800.53,189,5,184,30,2024-05-16,Em Estoque,448,0.2914,70216.24,147297.52,2.1,False,False
SKU-04733,Sombra Luxo Preto,Beleza,Sombra,FORN-033,52,49.7,148.06,477,44,433,14,2024-11-02,Em Estoque,530,0.4361,21520.1,64109.98,2.98,False,False
SKU-04734,Legging Clássico Prata,Moda,Legging,FORN-036,10,339.85,585.38,133,36,97,63,2025-08-23,Em Estoque,448,0.2557,32965.45,56781.86,1.72,False,False
SKU-04735,Camiseta Sustentável Rosa,Moda,Camiseta,FORN-074,47,119.85,381.88,461,71,390,55,2024-04-01,Em Estoque,448,0.2929,46741.5,148933.2,3.19,False,False
SKU-04736,Calça Jeans Exclusivo Prata,Moda,Calça Jeans,FORN-063,5,355.22,806.07,612,139,473,60,2023-10-05,Em Estoque,448,0.0289,168019.06,381271.11,2.27,False,False
SKU-04737,Vestido Luxo Prata,Moda,Vestido,FORN-003,6,314.96,776.4,35,7,28,71,2023-09-04,Estoque Crítico,448,0.4077,8818.88,21739.2,2.47,True,False
SKU-04738,Óleo Corporal Urban Preto,Beleza,Óleo Corporal,FORN-059,12,77.12,185.53,425,4,421,120,2024-06-21,Em Estoque,522,0.2134,32467.52,78108.13,2.41,False,False
SKU-04739,Pulseira Slim Preto,Acessórios,Pulseira,FORN-007,7,185.47,560.73,42,6,36,27,2024-03-26,Em Estoque,448,0.1594,6676.92,20186.28,3.02,False,False
SKU-04740,Espelho de Mesa Oversize Rosa,Lifestyle,Espelho de Mesa,FORN-027,15,55.57,144.7,333,54,279,34,2023-09-14,Em Estoque,448,0.0564,15504.03,40371.3,2.6,False,False
SKU-04741,Legging Clássico Branco,Moda,Legging,FORN-065,10,239.08,599.26,425,75,350,80,2025-03-06,Em Estoque,448,0.134,83678.0,209741.0,2.51,False,False
SKU-04742,Planta Artificial Artesanal Dourado,Lifestyle,Planta Artificial,FORN-052,48,174.91,394.91,63,3,60,147,2024-08-02,Estoque Crítico,448,0.3733,10494.6,23694.6,2.26,True,False
SKU-04743,Camiseta Luxo Nude,Moda,Camiseta,FORN-021,46,373.58,1074.42,236,55,181,112,2024-06-22,Em Estoque,448,0.2372,67617.98,194470.02,2.88,False,False
SKU-04744,Blusa de Tricô Oversize Dourado,Moda,Blusa de Tricô,FORN-022,46,92.55,158.33,235,40,195,28,2024-07-16,Em Estoque,448,0.4547,18047.25,30874.35,1.71,False,False
SKU-04745,Relógio de Parede Sport Azul,Lifestyle,Relógio de Parede,FORN-084,12,76.48,181.72,176,37,139,17,2024-04-12,Em Estoque,448,0.1103,10630.72,25259.08,2.38,False,False
SKU-04746,Calça Jeans Sport Verde,Moda,Calça Jeans,FORN-010,46,31.53,80.64,1039,301,738,144,2023-12-27,Em Estoque,448,0.4634,23269.14,59512.32,2.56,False,False
SKU-04747,Protetor Solar Urban Branco,Beleza,Protetor Solar,FORN-013,5,92.22,195.7,266,3,263,126,2024-12-03,Em Estoque,274,0.0839,24253.86,51469.1,2.12,False,False
SKU-04748,Colar Sport Verde,Acessórios,Colar,FORN-087,14,107.23,253.19,184,38,146,106,2023-09-22,Em Estoque,448,0.1257,15655.58,36965.74,2.36,False,False
SKU-04749,Luminária Exclusivo Branco,Lifestyle,Luminária,FORN-080,11,166.02,485.35,456,12,444,12,2023-08-08,Em Estoque,448,0.2333,73712.88,215495.4,2.92,False,False
SKU-04750,Brinco Sustentável Preto,Acessórios,Brinco,FORN-067,47,145.86,395.53,424,3,421,126,2024-09-08,Em Estoque,448,0.214,61407.06,166518.13,2.71,False,False
SKU-04751,Calça Jeans Slim Rosa,Moda,Calça Jeans,FORN-051,9,362.59,1064.42,373,28,345,27,2023-01-05,Em Estoque,448,0.4332,125093.55,367224.9,2.94,False,False
SKU-04752,Chapéu Sport Dourado,Acessórios,Chapéu,FORN-040,7,200.27,462.86,36,4,32,143,2025-02-06,Estoque Crítico,448,0.4996,6408.64,14811.52,2.31,True,False
SKU-04753,Camisa Social Básico Vermelho,Moda,Camisa Social,FORN-045,8,317.09,923.03,581,115,466,74,2023-02-22,Em Estoque,448,0.4411,147763.94,430131.98,2.91,False,False
SKU-04754,Batom Luxo Vermelho,Beleza,Batom,FORN-068,9,371.72,1080.23,227,20,207,102,2024-06-28,Em Estoque,722,0.0955,76946.04,223607.61,2.91,False,False
SKU-04755,Porta-Retrato Slim Preto,Lifestyle,Porta-Retrato,FORN-018,51,32.29,78.6,298,9,289,44,2023-12-19,Em Estoque,448,0.308,9331.81,22715.4,2.43,False,False
SKU-04756,Legging Oversize Preto,Moda,Legging,FORN-014,5,76.45,230.66,252,14,238,89,2025-03-22,Em Estoque,448,0.029,18195.1,54897.08,3.02,False,False
SKU-04757,Colar Premium Branco,Acessórios,Colar,FORN-057,12,333.77,673.0,324,12,312,54,2025-04-05,Em Estoque,448,0.1857,104136.24,209976.0,2.02,False,False
SKU-04758,Camiseta Artesanal Vermelho,Moda,Camiseta,FORN-090,12,31.72,91.5,303,9,294,116,2025-10-08,Em Estoque,448,0.361,9325.68,26901.0,2.88,False,False
SKU-04759,Condicionador Sustentável Dourado,Beleza,Condicionador,FORN-054,49,251.06,591.34,381,49,332,122,2025-04-01,Em Estoque,300,0.4675,83351.92,196324.88,2.36,False,False
SKU-04760,Kit Chá Luxo Prata,Lifestyle,Kit Chá,FORN-023,6,266.22,724.43,482,34,448,133,2025-01-23,Em Estoque,448,0.2028,119266.56,324544.64,2.72,False,False
SKU-04761,Creme Hidratante Luxo Vermelho,Beleza,Creme Hidratante,FORN-038,7,222.52,694.12,154,23,131,123,2024-04-22,Em Estoque,705,0.426,29150.12,90929.72,3.12,False,False
SKU-04762,Base Líquida Básico Branco,Beleza,Base Líquida,FORN-028,10,129.57,334.2,160,35,125,107,2024-05-11,Em Estoque,477,0.1568,16196.25,41775.0,2.58,False,False
SKU-04763,Jaqueta Clássico Prata,Moda,Jaqueta,FORN-015,56,374.23,645.33,430,56,374,70,2025-12-05,Em Estoque,448,0.0181,139962.02,241353.42,1.72,False,False
SKU-04764,Moletom Premium Prata,Moda,Moletom,FORN-038,11,279.49,747.43,536,73,463,145,2023-12-04,Em Estoque,448,0.3124,129403.87,346060.09,2.67,False,False
SKU-04765,Base Líquida Delicado Dourado,Beleza,Base Líquida,FORN-078,5,225.47,452.41,41,5,36,50,2024-08-23,Estoque Crítico,288,0.0371,8116.92,16286.76,2.01,True,False
SKU-04766,Porta-Retrato Sustentável Verde,Lifestyle,Porta-Retrato,FORN-090,5,197.0,546.21,104,27,77,31,2023-03-02,Em Estoque,448,0.4004,15169.0,42058.17,2.77,False,False
SKU-04767,Garrafa Térmica Delicado Bege,Lifestyle,Garrafa Térmica,FORN-022,51,167.17,439.38,48,10,38,126,2025-10-28,Estoque Crítico,448,0.0407,6352.46,16696.44,2.63,True,False
SKU-04768,Calça Jeans Moderno Preto,Moda,Calça Jeans,FORN-061,52,396.47,880.19,771,180,591,113,2024-02-19,Em Estoque,448,0.4781,234313.77,520192.29,2.22,False,False
SKU-04769,Kit Skincare Sustentável Prata,Beleza,Kit Skincare,FORN-009,11,85.8,189.4,48,12,36,79,2023-07-26,Estoque Crítico,357,0.2041,3088.8,6818.4,2.21,True,False
SKU-04770,Espelho de Mesa Sustentável Preto,Lifestyle,Espelho de Mesa,FORN-007,12,101.78,189.16,466,28,438,45,2024-02-22,Em Estoque,448,0.0712,44579.64,82852.08,1.86,False,False
SKU-04771,Difusor Delicado Nude,Lifestyle,Difusor,FORN-057,15,384.0,987.18,206,48,158,49,2024-04-04,Em Estoque,448,0.238,60672.0,155974.44,2.57,False,False
SKU-04772,Espelho de Mesa Artesanal Bege,Lifestyle,Espelho de Mesa,FORN-071,9,74.92,178.39,212,11,201,124,2025-05-01,Em Estoque,448,0.2714,15058.92,35856.39,2.38,False,False
SKU-04773,Cinto Básico Bege,Acessórios,Cinto,FORN-003,11,60.23,167.33,262,60,202,73,2024-01-04,Em Estoque,448,0.3097,12166.46,33800.66,2.78,False,False
SKU-04774,Lenço Sustentável Dourado,Acessórios,Lenço,FORN-013,10,220.02,654.19,311,16,295,136,2025-02-24,Em Estoque,448,0.1794,64905.9,192986.05,2.97,False,False
SKU-04775,Protetor Solar Sport Nude,Beleza,Protetor Solar,FORN-088,14,49.14,117.27,370,85,285,64,2024-09-14,Em Estoque,452,0.0802,14004.9,33421.95,2.39,False,False
SKU-04776,Calça Jeans Sport Bege,Moda,Calça Jeans,FORN-091,57,45.29,72.96,538,135,403,48,2024-08-11,Em Estoque,448,0.4559,18251.87,29402.88,1.61,False,False
SKU-04777,Camisa Social Delicado Prata,Moda,Camisa Social,FORN-090,8,391.09,893.48,641,58,583,50,2024-05-06,Em Estoque,448,0.2081,228005.47,520898.84,2.28,False,False
SKU-04778,Protetor Solar Premium Branco,Beleza,Protetor Solar,FORN-034,49,331.64,711.19,70,15,55,78,2023-05-02,Estoque Crítico,648,0.0371,18240.2,39115.45,2.14,True,False
SKU-04779,Luminária Clássico Dourado,Lifestyle,Luminária,FORN-052,58,118.58,290.0,441,78,363,143,2024-01-21,Em Estoque,448,0.1262,43044.54,105270.0,2.45,False,False
SKU-04780,Pulseira Básico Preto,Acessórios,Pulseira,FORN-052,57,169.48,482.27,370,19,351,136,2023-10-10,Em Estoque,448,0.1019,59487.48,169276.77,2.85,False,False
SKU-04781,Luminária Premium Nude,Lifestyle,Luminária,FORN-076,46,48.94,98.7,266,1,265,112,2025-02-02,Em Estoque,448,0.3137,12969.1,26155.5,2.02,False,False
SKU-04782,Meias Oversize Preto,Acessórios,Meias,FORN-027,15,171.72,334.49,400,18,382,120,2023-04-16,Em Estoque,448,0.1683,65597.04,127775.18,1.95,False,False
SKU-04783,Relógio de Parede Slim Azul,Lifestyle,Relógio de Parede,FORN-020,50,293.59,474.47,81,15,66,80,2024-12-06,Estoque Crítico,448,0.1423,19376.94,31315.02,1.62,True,False
SKU-04784,Legging Exclusivo Azul,Moda,Legging,FORN-058,55,246.11,781.4,734,123,611,23,2023-04-25,Descontinuado,448,0.3195,150373.21,477435.4,3.18,False,True
SKU-04785,Legging Oversize Vermelho,Moda,Legging,FORN-040,5,301.58,681.63,937,197,740,136,2025-06-22,Em Estoque,448,0.363,223169.2,504406.2,2.26,False,False
SKU-04786,Blush Sport Rosa,Beleza,Blush,FORN-013,10,307.22,814.04,428,94,334,14,2024-06-16,Em Estoque,444,0.1538,102611.48,271889.36,2.65,False,False
SKU-04787,Protetor Solar Luxo Nude,Beleza,Protetor Solar,FORN-024,48,135.59,390.01,291,50,241,89,2023-05-23,Em Estoque,380,0.2009,32677.19,93992.41,2.88,False,False
SKU-04788,Blusa de Tricô Básico Nude,Moda,Blusa de Tricô,FORN-010,58,39.12,102.69,837,174,663,94,2025-07-16,Em Estoque,448,0.3097,25936.56,68083.47,2.62,False,False
SKU-04789,Máscara de Cílios Slim Azul,Beleza,Máscara de Cílios,FORN-036,6,358.2,1024.57,336,8,328,87,2025-11-24,Descontinuado,578,0.1809,117489.6,336058.96,2.86,False,True
SKU-04790,Planta Artificial Edição Limitada Branco,Lifestyle,Planta Artificial,FORN-039,11,252.92,670.53,495,29,466,29,2025-04-27,Em Estoque,448,0.2696,117860.72,312466.98,2.65,False,False
SKU-04791,Kit Chá Slim Branco,Lifestyle,Kit Chá,FORN-022,50,291.37,686.9,248,1,247,74,2024-05-16,Em Estoque,448,0.2699,71968.39,169664.3,2.36,False,False
SKU-04792,Esfoliante Básico Azul,Beleza,Esfoliante,FORN-078,5,116.5,287.03,259,52,207,45,2025-12-17,Em Estoque,417,0.1594,24115.5,59415.21,2.46,False,False
SKU-04793,Relógio de Parede Sustentável Branco,Lifestyle,Relógio de Parede,FORN-037,7,197.42,501.19,473,21,452,31,2025-03-23,Em Estoque,448,0.1684,89233.84,226537.88,2.54,False,False
SKU-04794,Caderno Moderno Verde,Lifestyle,Caderno,FORN-028,15,71.2,225.78,61,5,56,118,2024-07-23,Estoque Crítico,448,0.0897,3987.2,12643.68,3.17,True,False
SKU-04795,Luminária Exclusivo Verde,Lifestyle,Luminária,FORN-051,11,317.22,973.14,22,6,16,10,2025-03-17,Em Estoque,448,0.3979,5075.52,15570.24,3.07,False,False
SKU-04796,Calça Jeans Sport Branco,Moda,Calça Jeans,FORN-082,49,30.95,67.29,158,5,153,95,2024-05-24,Em Estoque,448,0.4916,4735.35,10295.37,2.17,False,False
SKU-04797,Relógio de Parede Básico Rosa,Lifestyle,Relógio de Parede,FORN-009,5,138.41,300.7,447,133,314,147,2024-07-10,Em Estoque,448,0.254,43460.74,94419.8,2.17,False,False
SKU-04798,Condicionador Luxo Nude,Beleza,Condicionador,FORN-004,53,372.74,1009.94,79,12,67,17,2024-12-04,Em Estoque,557,0.4158,24973.58,67665.98,2.71,False,False
SKU-04799,Luminária Slim Branco,Lifestyle,Luminária,FORN-026,60,75.2,212.52,54,3,51,42,2023-04-03,Em Estoque,448,0.2797,3835.2,10838.52,2.83,False,False
SKU-04800,Protetor Solar Edição Limitada Vermelho,Beleza,Protetor Solar,FORN-065,5,86.59,182.55,137,34,103,97,2025-12-24,Em Estoque,637,0.1653,8918.77,18802.65,2.11,False,False
SKU-04801,Porta-Retrato Luxo Vermelho,Lifestyle,Porta-Retrato,FORN-045,12,34.45,58.25,210,17,193,144,2025-05-10,Em Estoque,448,0.0972,6648.85,11242.25,1.69,False,False
SKU-04802,Porta-Retrato Artesanal Preto,Lifestyle,Porta-Retrato,FORN-091,47,288.35,657.94,365,106,259,115,2023-10-22,Em Estoque,448,0.3623,74682.65,170406.46,2.28,False,False
SKU-04803,Relógio de Parede Edição Limitada Branco,Lifestyle,Relógio de Parede,FORN-025,11,55.36,158.81,4,0,4,62,2024-05-21,Estoque Crítico,448,0.3178,221.44,635.24,2.87,True,False
SKU-04804,Máscara de Cílios Básico Bege,Beleza,Máscara de Cílios,FORN-002,14,179.37,463.46,262,49,213,19,2023-12-23,Em Estoque,515,0.2242,38205.81,98716.98,2.58,False,False
SKU-04805,Blusa de Tricô Delicado Verde,Moda,Blusa de Tricô,FORN-050,49,397.97,756.73,700,106,594,89,2024-12-20,Em Estoque,448,0.1417,236394.18,449497.62,1.9,False,False
SKU-04806,Regata Delicado Verde,Moda,Regata,FORN-080,15,297.99,753.11,122,35,87,17,2025-06-20,Em Estoque,448,0.4946,25925.13,65520.57,2.53,False,False
SKU-04807,Sérum Facial Luxo Azul,Beleza,Sérum Facial,FORN-017,57,339.13,998.08,391,105,286,44,2025-12-11,Em Estoque,279,0.1827,96991.18,285450.88,2.94,False,False
SKU-04808,Regata Sustentável Preto,Moda,Regata,FORN-031,8,20.3,63.31,282,61,221,117,2025-10-24,Em Estoque,448,0.3267,4486.3,13991.51,3.12,False,False
SKU-04809,Pochete Sport Preto,Acessórios,Pochete,FORN-055,54,54.11,130.55,318,84,234,26,2023-08-21,Em Estoque,448,0.2821,12661.74,30548.7,2.41,False,False
SKU-04810,Kit Chá Clássico Bege,Lifestyle,Kit Chá,FORN-037,13,148.72,265.42,432,114,318,19,2023-05-07,Em Estoque,448,0.3967,47292.96,84403.56,1.78,False,False
SKU-04811,Calça Jeans Urban Preto,Moda,Calça Jeans,FORN-007,8,268.05,836.63,504,10,494,95,2025-04-21,Em Estoque,448,0.4665,132416.7,413295.22,3.12,False,False
SKU-04812,Espelho de Mesa Slim Azul,Lifestyle,Espelho de Mesa,FORN-081,60,128.06,281.71,219,26,193,112,2025-06-07,Em Estoque,448,0.4298,24715.58,54370.03,2.2,False,False
SKU-04813,Porta-Retrato Exclusivo Vermelho,Lifestyle,Porta-Retrato,FORN-093,8,162.81,412.19,350,29,321,74,2025-02-03,Em Estoque,448,0.0693,52262.01,132312.99,2.53,False,False
SKU-04814,Condicionador Básico Vermelho,Beleza,Condicionador,FORN-046,46,183.96,542.17,108,14,94,16,2024-05-02,Em Estoque,615,0.1855,17292.24,50963.98,2.95,False,False
SKU-04815,Vestido Edição Limitada Prata,Moda,Vestido,FORN-023,12,73.67,165.77,252,31,221,19,2023-10-26,Em Estoque,448,0.4459,16281.07,36635.17,2.25,False,False
SKU-04816,Calça Jeans Básico Dourado,Moda,Calça Jeans,FORN-061,48,159.71,435.33,439,61,378,38,2025-08-26,Em Estoque,448,0.0792,60370.38,164554.74,2.73,False,False
SKU-04817,Blusa de Tricô Clássico Branco,Moda,Blusa de Tricô,FORN-099,14,370.31,686.7,443,60,383,117,2023-10-19,Em Estoque,448,0.2356,141828.73,263006.1,1.85,False,False
SKU-04818,Chapéu Oversize Verde,Acessórios,Chapéu,FORN-013,8,55.61,159.95,322,72,250,147,2024-09-17,Em Estoque,448,0.2154,13902.5,39987.5,2.88,False,False
SKU-04819,Shorts Básico Bege,Moda,Shorts,FORN-029,45,275.15,648.19,364,57,307,87,2024-04-15,Em Estoque,448,0.2452,84471.05,198994.33,2.36,False,False
SKU-04820,Creme Hidratante Clássico Bege,Beleza,Creme Hidratante,FORN-047,11,99.19,281.8,34,6,28,17,2023-02-05,Em Estoque,263,0.1507,2777.32,7890.4,2.84,False,False
SKU-04821,Jaqueta Exclusivo Branco,Moda,Jaqueta,FORN-040,10,339.57,574.12,141,17,124,36,2024-05-14,Em Estoque,448,0.0785,42106.68,71190.88,1.69,False,False
SKU-04822,Máscara de Cílios Luxo Bege,Beleza,Máscara de Cílios,FORN-064,6,362.28,685.89,322,1,321,130,2024-05-03,Em Estoque,480,0.3374,116291.88,220170.69,1.89,False,False
SKU-04823,Kit Skincare Luxo Dourado,Beleza,Kit Skincare,FORN-066,8,393.79,1031.78,453,73,380,92,2023-09-04,Em Estoque,307,0.4531,149640.2,392076.4,2.62,False,False
SKU-04824,Condicionador Premium Rosa,Beleza,Condicionador,FORN-090,5,360.97,1078.99,412,96,316,17,2025-10-18,Em Estoque,410,0.3676,114066.52,340960.84,2.99,False,False
SKU-04825,Blush Premium Branco,Beleza,Blush,FORN-061,49,48.94,107.09,44,8,36,77,2025-08-25,Estoque Crítico,222,0.032,1761.84,3855.24,2.19,True,False
SKU-04826,Top Moderno Branco,Moda,Top,FORN-086,7,68.28,187.11,427,47,380,66,2023-08-06,Em Estoque,448,0.1548,25946.4,71101.8,2.74,False,False
SKU-04827,Relógio de Parede Oversize Preto,Lifestyle,Relógio de Parede,FORN-029,51,135.76,309.41,143,39,104,92,2023-12-07,Em Estoque,448,0.1603,14119.04,32178.64,2.28,False,False
SKU-04828,Kit Chá Urban Rosa,Lifestyle,Kit Chá,FORN-100,50,79.91,180.43,226,8,218,107,2024-09-09,Em Estoque,448,0.1726,17420.38,39333.74,2.26,False,False
SKU-04829,Shorts Sport Vermelho,Moda,Shorts,FORN-018,57,35.19,75.6,515,90,425,99,2025-09-11,Em Estoque,448,0.2952,14955.75,32130.0,2.15,False,False
SKU-04830,Relógio de Parede Exclusivo Nude,Lifestyle,Relógio de Parede,FORN-098,46,103.5,209.95,235,32,203,80,2025-10-19,Em Estoque,448,0.4331,21010.5,42619.85,2.03,False,False
SKU-04831,Protetor Solar Sport Nude,Beleza,Protetor Solar,FORN-098,48,67.0,199.78,428,17,411,67,2023-09-27,Em Estoque,263,0.4498,27537.0,82109.58,2.98,False,False
SKU-04832,Moletom Básico Dourado,Moda,Moletom,FORN-054,49,155.46,271.49,588,173,415,35,2025-01-05,Em Estoque,448,0.3315,64515.9,112668.35,1.75,False,False
SKU-04833,Protetor Solar Moderno Branco,Beleza,Protetor Solar,FORN-019,11,143.82,415.79,334,64,270,34,2023-01-15,Em Estoque,670,0.0387,38831.4,112263.3,2.89,False,False
SKU-04834,Shorts Exclusivo Rosa,Moda,Shorts,FORN-005,53,317.65,951.66,569,14,555,148,2024-07-14,Em Estoque,448,0.4775,176295.75,528171.3,3.0,False,False
SKU-04835,Jaqueta Artesanal Azul,Moda,Jaqueta,FORN-049,7,75.48,226.55,1029,107,922,108,2024-07-19,Em Estoque,448,0.2841,69592.56,208879.1,3.0,False,False
SKU-04836,Blusa de Tricô Sport Nude,Moda,Blusa de Tricô,FORN-019,5,157.83,384.6,536,119,417,64,2023-06-15,Em Estoque,448,0.205,65815.11,160378.2,2.44,False,False
SKU-04837,Espelho de Mesa Urban Preto,Lifestyle,Espelho de Mesa,FORN-062,12,82.94,213.12,186,11,175,63,2023-01-20,Em Estoque,448,0.203,14514.5,37296.0,2.57,False,False
SKU-04838,Vestido Oversize Preto,Moda,Vestido,FORN-063,5,46.36,131.5,12,2,10,21,2024-06-17,Estoque Crítico,448,0.2564,463.6,1315.0,2.84,True,False
SKU-04839,Saia Clássico Rosa,Moda,Saia,FORN-066,10,245.23,480.19,64,10,54,139,2024-09-27,Estoque Crítico,448,0.3311,13242.42,25930.26,1.96,True,False
SKU-04840,Creme Hidratante Premium Verde,Beleza,Creme Hidratante,FORN-030,13,170.46,403.48,355,51,304,122,2024-01-22,Em Estoque,672,0.4448,51819.84,122657.92,2.37,False,False
SKU-04841,Kit Chá Artesanal Vermelho,Lifestyle,Kit Chá,FORN-061,49,231.07,384.19,209,28,181,41,2025-10-19,Em Estoque,448,0.3425,41823.67,69538.39,1.66,False,False
SKU-04842,Vela Aromática Básico Bege,Lifestyle,Vela Aromática,FORN-025,10,203.59,373.19,89,6,83,79,2025-12-15,Em Estoque,448,0.4624,16897.97,30974.77,1.83,False,False
SKU-04843,Camiseta Edição Limitada Bege,Moda,Camiseta,FORN-049,7,257.29,689.95,405,9,396,79,2025-08-26,Em Estoque,448,0.4663,101886.84,273220.2,2.68,False,False
SKU-04844,Camisa Social Sport Nude,Moda,Camisa Social,FORN-036,6,210.47,413.34,527,1,526,148,2025-09-17,Em Estoque,448,0.3744,110707.22,217416.84,1.96,False,False
SKU-04845,Protetor Solar Clássico Preto,Beleza,Protetor Solar,FORN-057,14,168.2,347.8,269,8,261,131,2024-06-05,Em Estoque,415,0.3008,43900.2,90775.8,2.07,False,False
SKU-04846,Vestido Delicado Verde,Moda,Vestido,FORN-042,49,367.93,605.28,28,3,25,23,2025-10-23,Em Estoque,448,0.4613,9198.25,15132.0,1.65,False,False
SKU-04847,Pochete Luxo Vermelho,Acessórios,Pochete,FORN-007,15,86.3,271.06,242,7,235,60,2023-03-26,Em Estoque,448,0.3224,20280.5,63699.1,3.14,False,False
SKU-04848,Lenço Delicado Azul,Acessórios,Lenço,FORN-081,57,99.12,189.85,443,32,411,140,2024-09-24,Em Estoque,448,0.2332,40738.32,78028.35,1.92,False,False
SKU-04849,Top Edição Limitada Preto,Moda,Top,FORN-038,13,280.27,686.5,540,140,400,39,2024-12-11,Descontinuado,448,0.4684,112108.0,274600.0,2.45,False,True
SKU-04850,Camisa Social Slim Dourado,Moda,Camisa Social,FORN-009,13,325.24,789.46,690,172,518,98,2023-04-03,Em Estoque,448,0.443,168474.32,408940.28,2.43,False,False
SKU-04851,Camisa Social Edição Limitada Dourado,Moda,Camisa Social,FORN-026,45,189.76,422.35,561,52,509,147,2024-05-13,Em Estoque,448,0.0313,96587.84,214976.15,2.23,False,False
SKU-04852,Pochete Exclusivo Branco,Acessórios,Pochete,FORN-022,59,193.62,496.08,317,15,302,130,2024-06-28,Em Estoque,448,0.4774,58473.24,149816.16,2.56,False,False
SKU-04853,Lenço Exclusivo Bege,Acessórios,Lenço,FORN-029,47,175.54,321.59,17,2,15,35,2024-11-04,Estoque Crítico,448,0.2614,2633.1,4823.85,1.83,True,False
SKU-04854,Caderno Edição Limitada Bege,Lifestyle,Caderno,FORN-031,8,363.04,889.82,460,60,400,38,2024-08-06,Em Estoque,448,0.0184,145216.0,355928.0,2.45,False,False
SKU-04855,Esfoliante Slim Dourado,Beleza,Esfoliante,FORN-008,53,65.26,168.26,183,5,178,60,2023-08-10,Em Estoque,215,0.3178,11616.28,29950.28,2.58,False,False
SKU-04856,Camisa Social Luxo Bege,Moda,Camisa Social,FORN-082,45,383.41,1170.89,662,8,654,60,2025-11-05,Em Estoque,448,0.0785,250750.14,765762.06,3.05,False,False
SKU-04857,Legging Premium Azul,Moda,Legging,FORN-007,12,211.84,594.3,641,164,477,114,2024-03-24,Em Estoque,448,0.3899,101047.68,283481.1,2.81,False,False
SKU-04858,Máscara de Cílios Urban Verde,Beleza,Máscara de Cílios,FORN-083,12,251.79,618.57,338,15,323,52,2023-04-26,Em Estoque,611,0.4897,81328.17,199798.11,2.46,False,False
SKU-04859,Vela Aromática Exclusivo Nude,Lifestyle,Vela Aromática,FORN-077,50,277.99,744.56,206,15,191,30,2023-05-01,Em Estoque,448,0.3637,53096.09,142210.96,2.68,False,False
SKU-04860,Camiseta Exclusivo Preto,Moda,Camiseta,FORN-037,5,81.0,238.87,73,15,58,149,2023-03-27,Estoque Crítico,448,0.3458,4698.0,13854.46,2.95,True,False
SKU-04861,Protetor Solar Moderno Bege,Beleza,Protetor Solar,FORN-029,53,376.2,756.36,338,18,320,62,2025-11-03,Em Estoque,709,0.0558,120384.0,242035.2,2.01,False,False
SKU-04862,Condicionador Básico Rosa,Beleza,Condicionador,FORN-021,60,177.76,469.7,0,0,0,15,2024-07-05,Ruptura,440,0.4412,0.0,0.0,2.64,True,False
SKU-04863,Óleo Corporal Premium Bege,Beleza,Óleo Corporal,FORN-009,9,91.16,278.13,193,41,152,40,2023-05-03,Em Estoque,579,0.4792,13856.32,42275.76,3.05,False,False
SKU-04864,Regata Clássico Preto,Moda,Regata,FORN-004,53,307.48,832.65,276,15,261,106,2023-10-10,Em Estoque,448,0.167,80252.28,217321.65,2.71,False,False
SKU-04865,Vela Aromática Artesanal Bege,Lifestyle,Vela Aromática,FORN-028,13,274.02,705.02,265,30,235,56,2025-04-06,Em Estoque,448,0.42,64394.7,165679.7,2.57,False,False
SKU-04866,Kit Chá Sustentável Preto,Lifestyle,Kit Chá,FORN-077,56,97.4,202.3,75,11,64,26,2024-01-04,Em Estoque,448,0.3543,6233.6,12947.2,2.08,False,False
SKU-04867,Base Líquida Urban Bege,Beleza,Base Líquida,FORN-016,56,162.17,456.67,179,8,171,77,2025-10-20,Descontinuado,697,0.2368,27731.07,78090.57,2.82,False,True
SKU-04868,Calça Jeans Edição Limitada Branco,Moda,Calça Jeans,FORN-072,13,383.79,803.63,772,26,746,56,2023-11-05,Em Estoque,448,0.0259,286307.34,599507.98,2.09,False,False
SKU-04869,Relógio de Parede Premium Vermelho,Lifestyle,Relógio de Parede,FORN-089,6,38.44,109.93,371,73,298,109,2024-05-14,Em Estoque,448,0.2975,11455.12,32759.14,2.86,False,False
SKU-04870,Sérum Facial Moderno Rosa,Beleza,Sérum Facial,FORN-074,51,59.82,172.18,369,76,293,65,2025-05-18,Em Estoque,499,0.2885,17527.26,50448.74,2.88,False,False
SKU-04871,Blush Slim Dourado,Beleza,Blush,FORN-011,12,188.15,397.3,209,18,191,143,2025-12-13,Em Estoque,336,0.0764,35936.65,75884.3,2.11,False,False
SKU-04872,Moletom Artesanal Vermelho,Moda,Moletom,FORN-030,6,327.8,1017.47,103,17,86,117,2023-10-20,Estoque Crítico,448,0.0992,28190.8,87502.42,3.1,True,False
SKU-04873,Cinto Clássico Vermelho,Acessórios,Cinto,FORN-026,53,94.59,242.01,220,20,200,14,2024-09-05,Em Estoque,448,0.0566,18918.0,48402.0,2.56,False,False
SKU-04874,Óculos de Sol Básico Dourado,Acessórios,Óculos de Sol,FORN-099,8,225.08,378.4,337,66,271,123,2023-12-07,Em Estoque,448,0.0922,60996.68,102546.4,1.68,False,False
SKU-04875,Difusor Oversize Bege,Lifestyle,Difusor,FORN-044,13,380.46,1210.19,299,78,221,112,2024-04-20,Em Estoque,448,0.0525,84081.66,267451.99,3.18,False,False
SKU-04876,Blush Delicado Bege,Beleza,Blush,FORN-067,48,379.14,1076.22,261,47,214,146,2024-01-15,Em Estoque,414,0.0424,81135.96,230311.08,2.84,False,False
SKU-04877,Top Exclusivo Verde,Moda,Top,FORN-081,59,286.16,584.29,633,132,501,121,2025-08-11,Em Estoque,448,0.4081,143366.16,292729.29,2.04,False,False
SKU-04878,Base Líquida Oversize Rosa,Beleza,Base Líquida,FORN-020,49,379.24,987.98,20,4,16,104,2024-08-15,Estoque Crítico,340,0.0184,6067.84,15807.68,2.61,True,False
SKU-04879,Bolsa de Couro Sport Verde,Acessórios,Bolsa de Couro,FORN-089,8,177.7,440.37,268,76,192,23,2025-10-14,Em Estoque,448,0.1574,34118.4,84551.04,2.48,False,False
SKU-04880,Garrafa Térmica Luxo Prata,Lifestyle,Garrafa Térmica,FORN-023,5,58.89,138.41,211,57,154,30,2023-10-09,Em Estoque,448,0.49,9069.06,21315.14,2.35,False,False
SKU-04881,Difusor Oversize Azul,Lifestyle,Difusor,FORN-081,45,387.49,686.75,359,63,296,24,2024-04-13,Em Estoque,448,0.0268,114697.04,203278.0,1.77,False,False
SKU-04882,Cinto Delicado Bege,Acessórios,Cinto,FORN-064,7,118.24,357.47,232,1,231,119,2024-05-12,Descontinuado,448,0.0333,27313.44,82575.57,3.02,False,True
SKU-04883,Camisa Social Clássico Verde,Moda,Camisa Social,FORN-018,58,276.92,741.82,373,80,293,123,2024-08-14,Em Estoque,448,0.2574,81137.56,217353.26,2.68,False,False
SKU-04884,Camiseta Premium Verde,Moda,Camiseta,FORN-054,55,280.83,604.77,1080,129,951,15,2024-12-09,Em Estoque,448,0.4431,267069.33,575136.27,2.15,False,False
SKU-04885,Saia Clássico Dourado,Moda,Saia,FORN-002,12,268.31,584.47,760,158,602,55,2024-03-07,Em Estoque,448,0.1261,161522.62,351850.94,2.18,False,False
SKU-04886,Óculos de Sol Moderno Bege,Acessórios,Óculos de Sol,FORN-070,45,56.85,133.85,18,3,15,61,2024-09-03,Estoque Crítico,448,0.345,852.75,2007.75,2.35,True,False
SKU-04887,Lenço Edição Limitada Prata,Acessórios,Lenço,FORN-076,52,226.55,574.23,360,107,253,97,2024-04-09,Em Estoque,448,0.4707,57317.15,145280.19,2.53,False,False
SKU-04888,Sombra Básico Bege,Beleza,Sombra,FORN-072,9,41.06,80.03,259,33,226,25,2024-09-17,Em Estoque,186,0.1266,9279.56,18086.78,1.95,False,False
SKU-04889,Base Líquida Artesanal Azul,Beleza,Base Líquida,FORN-015,59,103.28,203.77,98,10,88,36,2025-06-02,Em Estoque,373,0.4208,9088.64,17931.76,1.97,False,False
SKU-04890,Camiseta Urban Verde,Moda,Camiseta,FORN-096,14,308.94,864.75,966,278,688,70,2023-04-07,Em Estoque,448,0.2611,212550.72,594948.0,2.8,False,False
SKU-04891,Top Moderno Verde,Moda,Top,FORN-096,13,42.42,124.39,1044,299,745,145,2025-12-11,Em Estoque,448,0.2524,31602.9,92670.55,2.93,False,False
SKU-04892,Regata Exclusivo Preto,Moda,Regata,FORN-042,55,45.42,97.54,499,77,422,44,2023-08-07,Em Estoque,448,0.2081,19167.24,41161.88,2.15,False,False
SKU-04893,Blush Premium Rosa,Beleza,Blush,FORN-068,12,42.76,125.52,271,80,191,21,2024-11-18,Em Estoque,291,0.3023,8167.16,23974.32,2.94,False,False
SKU-04894,Esfoliante Slim Dourado,Beleza,Esfoliante,FORN-055,51,94.33,250.33,250,73,177,71,2025-01-09,Em Estoque,296,0.1226,16696.41,44308.41,2.65,False,False
SKU-04895,Saia Edição Limitada Preto,Moda,Saia,FORN-035,14,61.22,185.74,755,144,611,129,2023-06-15,Em Estoque,448,0.4228,37405.42,113487.14,3.03,False,False
SKU-04896,Base Líquida Premium Prata,Beleza,Base Líquida,FORN-007,7,205.43,351.57,116,27,89,52,2023-06-12,Em Estoque,469,0.0368,18283.27,31289.73,1.71,False,False
SKU-04897,Protetor Solar Clássico Bege,Beleza,Protetor Solar,FORN-018,47,64.41,188.04,0,0,0,119,2025-11-24,Ruptura,594,0.2173,0.0,0.0,2.92,True,False
SKU-04898,Saia Premium Nude,Moda,Saia,FORN-040,6,282.59,715.15,658,22,636,115,2025-06-24,Em Estoque,448,0.3308,179727.24,454835.4,2.53,False,False
SKU-04899,Legging Delicado Azul,Moda,Legging,FORN-093,11,235.29,567.92,439,89,350,61,2025-05-01,Em Estoque,448,0.1477,82351.5,198772.0,2.41,False,False
SKU-04900,Espelho de Mesa Clássico Azul,Lifestyle,Espelho de Mesa,FORN-006,47,312.19,734.83,318,74,244,69,2024-06-13,Em Estoque,448,0.4346,76174.36,179298.52,2.35,False,False
SKU-04901,Sérum Facial Luxo Dourado,Beleza,Sérum Facial,FORN-086,7,167.51,490.53,436,82,354,73,2025-04-20,Em Estoque,504,0.364,59298.54,173647.62,2.93,False,False
SKU-04902,Base Líquida Sustentável Prata,Beleza,Base Líquida,FORN-004,50,202.73,427.3,446,35,411,125,2023-08-28,Em Estoque,322,0.4555,83322.03,175620.3,2.11,False,False
SKU-04903,Regata Edição Limitada Branco,Moda,Regata,FORN-060,6,164.52,279.89,774,213,561,58,2024-09-04,Em Estoque,448,0.2539,92295.72,157018.29,1.7,False,False
SKU-04904,Blusa de Tricô Clássico Rosa,Moda,Blusa de Tricô,FORN-083,10,24.73,51.99,658,93,565,89,2023-02-25,Em Estoque,448,0.3526,13972.45,29374.35,2.1,False,False
SKU-04905,Top Delicado Verde,Moda,Top,FORN-061,57,54.83,172.11,736,117,619,134,2025-09-10,Em Estoque,448,0.441,33939.77,106536.09,3.14,False,False
SKU-04906,Saia Sport Nude,Moda,Saia,FORN-011,6,24.94,58.51,445,10,435,113,2024-04-01,Em Estoque,448,0.4731,10848.9,25451.85,2.35,False,False
SKU-04907,Moletom Exclusivo Vermelho,Moda,Moletom,FORN-045,15,81.83,151.41,422,82,340,83,2023-03-09,Em Estoque,448,0.4126,27822.2,51479.4,1.85,False,False
SKU-04908,Regata Slim Prata,Moda,Regata,FORN-041,5,397.02,763.02,744,5,739,70,2023-12-02,Em Estoque,448,0.2644,293397.78,563871.78,1.92,False,False
SKU-04909,Meias Exclusivo Dourado,Acessórios,Meias,FORN-042,49,44.66,112.15,81,12,69,86,2024-11-13,Estoque Crítico,448,0.1539,3081.54,7738.35,2.51,True,False
SKU-04910,Vestido Artesanal Branco,Moda,Vestido,FORN-095,7,30.25,72.09,668,133,535,64,2025-06-16,Em Estoque,448,0.3513,16183.75,38568.15,2.38,False,False
SKU-04911,Pochete Exclusivo Vermelho,Acessórios,Pochete,FORN-018,45,217.94,556.09,234,63,171,59,2024-09-07,Em Estoque,448,0.1269,37267.74,95091.39,2.55,False,False
SKU-04912,Shorts Clássico Vermelho,Moda,Shorts,FORN-065,14,23.35,54.07,889,178,711,81,2024-06-02,Em Estoque,448,0.039,16601.85,38443.77,2.32,False,False
SKU-04913,Esfoliante Delicado Prata,Beleza,Esfoliante,FORN-016,56,193.93,442.91,159,46,113,13,2025-10-24,Descontinuado,359,0.0139,21914.09,50048.83,2.28,False,True
SKU-04914,Camiseta Luxo Prata,Moda,Camiseta,FORN-084,6,286.77,670.18,58,14,44,113,2024-10-11,Estoque Crítico,448,0.1491,12617.88,29487.92,2.34,True,False
SKU-04915,Bolsa de Couro Exclusivo Prata,Acessórios,Bolsa de Couro,FORN-072,13,147.41,238.39,410,62,348,51,2023-10-07,Descontinuado,448,0.4316,51298.68,82959.72,1.62,False,True
SKU-04916,Sérum Facial Exclusivo Rosa,Beleza,Sérum Facial,FORN-072,7,242.74,546.74,365,91,274,82,2024-03-02,Em Estoque,691,0.1167,66510.76,149806.76,2.25,False,False
SKU-04917,Protetor Solar Clássico Bege,Beleza,Protetor Solar,FORN-013,10,310.56,611.49,499,75,424,60,2025-12-16,Em Estoque,695,0.0722,131677.44,259271.76,1.97,False,False
SKU-04918,Protetor Solar Exclusivo Branco,Beleza,Protetor Solar,FORN-044,9,199.85,612.35,360,21,339,101,2024-08-12,Em Estoque,721,0.1153,67749.15,207586.65,3.06,False,False
SKU-04919,Blusa de Tricô Sport Rosa,Moda,Blusa de Tricô,FORN-010,51,321.1,932.32,482,70,412,74,2023-03-19,Em Estoque,448,0.0669,132293.2,384115.84,2.9,False,False
SKU-04920,Porta-Retrato Delicado Bege,Lifestyle,Porta-Retrato,FORN-024,48,313.49,619.43,381,57,324,12,2025-04-05,Em Estoque,448,0.3256,101570.76,200695.32,1.98,False,False
SKU-04921,Regata Exclusivo Nude,Moda,Regata,FORN-093,12,322.26,865.26,691,7,684,24,2025-06-05,Em Estoque,448,0.4235,220425.84,591837.84,2.68,False,False
SKU-04922,Regata Slim Branco,Moda,Regata,FORN-004,57,309.19,944.79,707,175,532,128,2024-04-05,Em Estoque,448,0.197,164489.08,502628.28,3.06,False,False
SKU-04923,Kit Chá Sustentável Azul,Lifestyle,Kit Chá,FORN-052,54,75.25,173.65,171,45,126,130,2023-03-17,Estoque Crítico,448,0.3601,9481.5,21879.9,2.31,True,False
SKU-04924,Meias Slim Azul,Acessórios,Meias,FORN-051,14,54.11,170.2,150,11,139,64,2025-01-25,Em Estoque,448,0.2681,7521.29,23657.8,3.15,False,False
SKU-04925,Base Líquida Artesanal Branco,Beleza,Base Líquida,FORN-067,46,237.88,585.72,0,0,0,86,2024-06-23,Ruptura,640,0.3863,0.0,0.0,2.46,True,False
SKU-04926,Blush Luxo Preto,Beleza,Blush,FORN-004,53,373.14,1144.4,88,23,65,61,2023-07-25,Em Estoque,260,0.0353,24254.1,74386.0,3.07,False,False
SKU-04927,Óculos de Sol Sustentável Dourado,Acessórios,Óculos de Sol,FORN-084,5,112.71,279.85,119,4,115,67,2025-11-14,Em Estoque,448,0.2914,12961.65,32182.75,2.48,False,False
SKU-04928,Luminária Sport Verde,Lifestyle,Luminária,FORN-058,47,180.91,439.79,250,18,232,66,2023-10-01,Em Estoque,448,0.4569,41971.12,102031.28,2.43,False,False
SKU-04929,Óleo Corporal Slim Preto,Beleza,Óleo Corporal,FORN-048,12,306.38,630.64,248,2,246,66,2025-02-23,Em Estoque,279,0.2423,75369.48,155137.44,2.06,False,False
SKU-04930,Shorts Artesanal Preto,Moda,Shorts,FORN-099,12,252.75,502.96,538,60,478,133,2023-07-05,Em Estoque,448,0.3467,120814.5,240414.88,1.99,False,False
SKU-04931,Luminária Clássico Preto,Lifestyle,Luminária,FORN-090,12,83.31,255.25,419,116,303,72,2023-09-23,Em Estoque,448,0.2509,25242.93,77340.75,3.06,False,False
SKU-04932,Legging Urban Branco,Moda,Legging,FORN-067,58,73.97,144.59,366,27,339,77,2025-09-16,Em Estoque,448,0.0678,25075.83,49016.01,1.95,False,False
SKU-04933,Shorts Artesanal Preto,Moda,Shorts,FORN-076,51,323.5,591.38,773,198,575,50,2024-04-10,Em Estoque,448,0.2809,186012.5,340043.5,1.83,False,False
SKU-04934,Calça Jeans Premium Verde,Moda,Calça Jeans,FORN-040,10,269.16,842.01,542,2,540,27,2025-04-21,Em Estoque,448,0.3926,145346.4,454685.4,3.13,False,False
SKU-04935,Moletom Sustentável Verde,Moda,Moletom,FORN-083,11,173.58,426.95,24,3,21,89,2024-12-23,Estoque Crítico,448,0.3727,3645.18,8965.95,2.46,True,False
SKU-04936,Base Líquida Premium Dourado,Beleza,Base Líquida,FORN-014,12,214.87,484.15,180,20,160,19,2023-07-10,Em Estoque,316,0.1016,34379.2,77464.0,2.25,False,False
SKU-04937,Moletom Urban Rosa,Moda,Moletom,FORN-020,46,77.64,237.99,404,62,342,120,2024-08-12,Em Estoque,448,0.3457,26552.88,81392.58,3.07,False,False
SKU-04938,Shorts Sport Rosa,Moda,Shorts,FORN-060,12,337.17,744.55,1123,291,832,108,2024-11-08,Em Estoque,448,0.4508,280525.44,619465.6,2.21,False,False
SKU-04939,Máscara de Cílios Premium Rosa,Beleza,Máscara de Cílios,FORN-046,60,208.88,471.25,434,64,370,24,2024-10-12,Descontinuado,350,0.1751,77285.6,174362.5,2.26,False,True
SKU-04940,Camisa Social Urban Branco,Moda,Camisa Social,FORN-012,10,270.91,619.33,181,9,172,126,2025-09-04,Em Estoque,448,0.2032,46596.52,106524.76,2.29,False,False
SKU-04941,Regata Premium Rosa,Moda,Regata,FORN-056,12,198.44,510.73,203,37,166,96,2025-01-05,Em Estoque,448,0.2324,32941.04,84781.18,2.57,False,False
SKU-04942,Esfoliante Clássico Vermelho,Beleza,Esfoliante,FORN-026,48,120.41,209.95,162,47,115,18,2023-12-27,Em Estoque,500,0.0416,13847.15,24144.25,1.74,False,False
SKU-04943,Porta-Retrato Premium Branco,Lifestyle,Porta-Retrato,FORN-010,45,166.24,518.43,117,26,91,149,2024-03-22,Estoque Crítico,448,0.1185,15127.84,47177.13,3.12,True,False
SKU-04944,Cinto Slim Dourado,Acessórios,Cinto,FORN-054,48,63.93,137.3,375,36,339,132,2023-09-28,Em Estoque,448,0.0026,21672.27,46544.7,2.15,False,False
SKU-04945,Camiseta Oversize Bege,Moda,Camiseta,FORN-012,7,120.52,321.42,490,105,385,133,2025-07-23,Em Estoque,448,0.3073,46400.2,123746.7,2.67,False,False
SKU-04946,Batom Slim Verde,Beleza,Batom,FORN-026,52,216.42,504.1,104,7,97,21,2024-11-27,Em Estoque,377,0.044,20992.74,48897.7,2.33,False,False
SKU-04947,Blush Moderno Verde,Beleza,Blush,FORN-032,8,239.6,484.47,138,19,119,33,2023-08-26,Em Estoque,671,0.4083,28512.4,57651.93,2.02,False,False
SKU-04948,Perfume Premium Bege,Beleza,Perfume,FORN-059,7,41.7,107.38,350,25,325,94,2023-06-03,Em Estoque,723,0.2274,13552.5,34898.5,2.58,False,False
SKU-04949,Caderno Slim Vermelho,Lifestyle,Caderno,FORN-064,5,23.98,56.58,349,70,279,127,2023-02-05,Em Estoque,448,0.2599,6690.42,15785.82,2.36,False,False
SKU-04950,Pochete Premium Azul,Acessórios,Pochete,FORN-036,6,372.47,1120.4,200,12,188,147,2024-02-02,Em Estoque,448,0.2654,70024.36,210635.2,3.01,False,False
SKU-04951,Blusa de Tricô Moderno Verde,Moda,Blusa de Tricô,FORN-097,15,261.19,779.39,459,5,454,21,2025-06-14,Em Estoque,448,0.2549,118580.26,353843.06,2.98,False,False
SKU-04952,Condicionador Exclusivo Rosa,Beleza,Condicionador,FORN-011,14,384.41,701.34,278,39,239,37,2025-05-09,Em Estoque,578,0.3106,91873.99,167620.26,1.82,False,False
SKU-04953,Kit Chá Artesanal Bege,Lifestyle,Kit Chá,FORN-032,7,271.79,462.28,277,25,252,92,2024-07-23,Em Estoque,448,0.4456,68491.08,116494.56,1.7,False,False
SKU-04954,Camisa Social Moderno Azul,Moda,Camisa Social,FORN-042,57,67.89,137.66,622,119,503,112,2023-02-18,Em Estoque,448,0.4615,34148.67,69242.98,2.03,False,False
SKU-04955,Batom Artesanal Prata,Beleza,Batom,FORN-083,10,176.71,415.3,439,98,341,126,2025-04-15,Em Estoque,551,0.1921,60258.11,141617.3,2.35,False,False
SKU-04956,Sérum Facial Sport Prata,Beleza,Sérum Facial,FORN-042,58,185.86,339.92,479,97,382,65,2025-11-21,Em Estoque,567,0.3747,70998.52,129849.44,1.83,False,False
SKU-04957,Lenço Premium Branco,Acessórios,Lenço,FORN-007,10,372.49,983.27,258,36,222,45,2025-12-26,Em Estoque,448,0.1529,82692.78,218285.94,2.64,False,False
SKU-04958,Porta-Retrato Clássico Preto,Lifestyle,Porta-Retrato,FORN-047,13,110.94,280.12,165,40,125,131,2025-09-01,Estoque Crítico,448,0.3481,13867.5,35015.0,2.52,True,False
SKU-04959,Vestido Edição Limitada Bege,Moda,Vestido,FORN-093,12,112.83,346.62,805,211,594,14,2024-12-23,Em Estoque,448,0.1996,67021.02,205892.28,3.07,False,False
SKU-04960,Sérum Facial Artesanal Branco,Beleza,Sérum Facial,FORN-086,12,297.29,768.77,446,103,343,35,2023-10-23,Em Estoque,242,0.3049,101970.47,263688.11,2.59,False,False
SKU-04961,Moletom Sport Preto,Moda,Moletom,FORN-049,15,237.74,470.73,1153,99,1054,120,2024-12-08,Em Estoque,448,0.1707,250577.96,496149.42,1.98,False,False
SKU-04962,Camiseta Básico Nude,Moda,Camiseta,FORN-094,60,101.33,173.43,1149,72,1077,128,2023-03-04,Em Estoque,448,0.4773,109132.41,186784.11,1.71,False,False
SKU-04963,Esfoliante Urban Branco,Beleza,Esfoliante,FORN-080,14,343.56,1098.37,291,16,275,125,2023-04-09,Em Estoque,196,0.3034,94479.0,302051.75,3.2,False,False
SKU-04964,Moletom Moderno Verde,Moda,Moletom,FORN-038,11,242.47,484.78,142,27,115,45,2024-03-19,Em Estoque,448,0.4952,27884.05,55749.7,2.0,False,False
SKU-04965,Luminária Luxo Azul,Lifestyle,Luminária,FORN-076,45,350.02,811.17,67,12,55,118,2023-04-17,Estoque Crítico,448,0.4634,19251.1,44614.35,2.32,True,False
SKU-04966,Máscara de Cílios Clássico Prata,Beleza,Máscara de Cílios,FORN-004,45,90.39,176.8,241,7,234,114,2023-10-26,Em Estoque,380,0.0366,21151.26,41371.2,1.96,False,False
SKU-04967,Top Moderno Azul,Moda,Top,FORN-050,48,80.81,205.42,206,35,171,75,2024-11-09,Em Estoque,448,0.4496,13818.51,35126.82,2.54,False,False
SKU-04968,Brinco Luxo Branco,Acessórios,Brinco,FORN-089,15,353.88,655.54,395,67,328,97,2025-10-15,Em Estoque,448,0.0115,116072.64,215017.12,1.85,False,False
SKU-04969,Luminária Sustentável Branco,Lifestyle,Luminária,FORN-029,49,70.54,189.83,112,28,84,14,2025-01-08,Em Estoque,448,0.1552,5925.36,15945.72,2.69,False,False
SKU-04970,Creme Hidratante Moderno Nude,Beleza,Creme Hidratante,FORN-002,6,145.03,429.38,113,21,92,67,2023-12-05,Em Estoque,613,0.181,13342.76,39502.96,2.96,False,False
SKU-04971,Vela Aromática Básico Bege,Lifestyle,Vela Aromática,FORN-068,6,212.01,560.43,273,78,195,66,2025-07-10,Em Estoque,448,0.4345,41341.95,109283.85,2.64,False,False
SKU-04972,Top Premium Preto,Moda,Top,FORN-050,59,372.97,1157.87,589,167,422,61,2024-07-18,Em Estoque,448,0.1914,157393.34,488621.14,3.1,False,False
SKU-04973,Luminária Oversize Vermelho,Lifestyle,Luminária,FORN-009,7,62.64,191.49,430,79,351,130,2023-07-16,Em Estoque,448,0.1526,21986.64,67212.99,3.06,False,False
SKU-04974,Moletom Exclusivo Prata,Moda,Moletom,FORN-092,59,208.54,494.29,346,81,265,60,2025-07-13,Em Estoque,448,0.3451,55263.1,130986.85,2.37,False,False
SKU-04975,Kit Chá Moderno Rosa,Lifestyle,Kit Chá,FORN-083,7,58.84,179.09,8,2,6,140,2025-11-07,Estoque Crítico,448,0.0552,353.04,1074.54,3.04,True,False
SKU-04976,Chapéu Exclusivo Bege,Acessórios,Chapéu,FORN-026,60,239.06,677.93,380,47,333,72,2025-05-05,Em Estoque,448,0.4609,79606.98,225750.69,2.84,False,False
SKU-04977,Moletom Exclusivo Preto,Moda,Moletom,FORN-059,8,366.81,1063.37,175,20,155,109,2024-03-20,Em Estoque,448,0.4247,56855.55,164822.35,2.9,False,False
SKU-04978,Planta Artificial Premium Verde,Lifestyle,Planta Artificial,FORN-032,15,391.35,650.17,99,12,87,40,2023-01-09,Em Estoque,448,0.4697,34047.45,56564.79,1.66,False,False
SKU-04979,Meias Oversize Branco,Acessórios,Meias,FORN-001,5,56.94,142.48,318,43,275,10,2023-10-26,Em Estoque,448,0.3733,15658.5,39182.0,2.5,False,False
SKU-04980,Shorts Luxo Vermelho,Moda,Shorts,FORN-019,12,58.68,178.67,359,1,358,102,2025-04-25,Em Estoque,448,0.4191,21007.44,63963.86,3.04,False,False
SKU-04981,Shorts Básico Verde,Moda,Shorts,FORN-064,7,109.29,261.58,189,29,160,82,2023-11-11,Em Estoque,448,0.0489,17486.4,41852.8,2.39,False,False
SKU-04982,Meias Oversize Nude,Acessórios,Meias,FORN-063,9,182.86,387.95,294,68,226,85,2024-11-27,Em Estoque,448,0.1064,41326.36,87676.7,2.12,False,False
SKU-04983,Luminária Premium Azul,Lifestyle,Luminária,FORN-024,53,274.99,861.97,247,71,176,87,2023-12-28,Em Estoque,448,0.0641,48398.24,151706.72,3.13,False,False
SKU-04984,Caderno Clássico Prata,Lifestyle,Caderno,FORN-071,7,353.0,848.41,347,87,260,145,2023-04-04,Em Estoque,448,0.4963,91780.0,220586.6,2.4,False,False
SKU-04985,Bolsa de Couro Urban Bege,Acessórios,Bolsa de Couro,FORN-045,7,35.07,92.76,397,73,324,142,2025-01-10,Em Estoque,448,0.2078,11362.68,30054.24,2.64,False,False
SKU-04986,Vela Aromática Exclusivo Dourado,Lifestyle,Vela Aromática,FORN-070,50,356.37,705.04,193,31,162,10,2025-10-15,Em Estoque,448,0.2527,57731.94,114216.48,1.98,False,False
SKU-04987,Camiseta Delicado Vermelho,Moda,Camiseta,FORN-010,57,45.6,81.55,154,29,125,145,2025-11-24,Estoque Crítico,448,0.4111,5700.0,10193.75,1.79,True,False
SKU-04988,Relógio de Parede Sport Branco,Lifestyle,Relógio de Parede,FORN-056,15,89.84,204.46,206,39,167,140,2024-05-25,Em Estoque,448,0.0809,15003.28,34144.82,2.28,False,False
SKU-04989,Jaqueta Exclusivo Rosa,Moda,Jaqueta,FORN-039,9,171.91,300.13,581,81,500,87,2025-12-12,Em Estoque,448,0.2297,85955.0,150065.0,1.75,False,False
SKU-04990,Calça Jeans Sustentável Preto,Moda,Calça Jeans,FORN-038,14,380.0,999.33,316,9,307,103,2023-07-04,Em Estoque,448,0.4276,116660.0,306794.31,2.63,False,False
SKU-04991,Relógio de Parede Luxo Prata,Lifestyle,Relógio de Parede,FORN-097,8,48.15,140.86,77,3,74,144,2023-12-13,Estoque Crítico,448,0.4016,3563.1,10423.64,2.93,True,False
SKU-04992,Almofada Luxo Nude,Lifestyle,Almofada,FORN-014,10,169.41,300.45,29,7,22,42,2024-01-15,Estoque Crítico,448,0.47,3727.02,6609.9,1.77,True,False
SKU-04993,Óleo Corporal Básico Vermelho,Beleza,Óleo Corporal,FORN-038,5,263.5,600.71,17,0,17,96,2025-12-23,Estoque Crítico,474,0.4782,4479.5,10212.07,2.28,True,False
SKU-04994,Legging Delicado Bege,Moda,Legging,FORN-065,7,397.3,1132.42,143,10,133,147,2025-09-03,Estoque Crítico,448,0.056,52840.9,150611.86,2.85,True,False
SKU-04995,Batom Delicado Rosa,Beleza,Batom,FORN-077,60,81.67,165.93,382,31,351,49,2024-10-11,Em Estoque,554,0.3113,28666.17,58241.43,2.03,False,False
SKU-04996,Garrafa Térmica Moderno Dourado,Lifestyle,Garrafa Térmica,FORN-046,51,104.96,229.59,282,23,259,63,2025-09-03,Em Estoque,448,0.0568,27184.64,59463.81,2.19,False,False
SKU-04997,Batom Sport Dourado,Beleza,Batom,FORN-099,10,184.3,556.32,313,85,228,44,2025-11-27,Em Estoque,647,0.2039,42020.4,126840.96,3.02,False,False
SKU-04998,Vestido Oversize Dourado,Moda,Vestido,FORN-085,59,155.45,406.03,1163,142,1021,117,2023-07-16,Em Estoque,448,0.4777,158714.45,414556.63,2.61,False,False
SKU-04999,Top Edição Limitada Preto,Moda,Top,FORN-056,7,254.09,740.34,604,68,536,129,2025-03-26,Em Estoque,448,0.1564,136192.24,396822.24,2.91,False,False
SKU-05000,Saia Edição Limitada Nude,Moda,Saia,FORN-076,60,138.77,245.28,292,31,261,61,2025-04-13,Em Estoque,448,0.4342,36218.97,64018.08,1.77,False,False
